ISO-10303-21;
HEADER;
FILE_DESCRIPTION(('Open CASCADE Model'),'2;1');
FILE_NAME('Open CASCADE Shape Model','2026-08-20T21:08:33',('Author'),(
    'Open CASCADE'),'Open CASCADE STEP processor 7.9','Open CASCADE 7.9'
  ,'Unknown');
FILE_SCHEMA(('AUTOMOTIVE_DESIGN { 1 0 10303 214 1 1 1 1 }'));
ENDSEC;
DATA;
#1 = APPLICATION_PROTOCOL_DEFINITION('international standard',
  'automotive_design',2000,#2);
#2 = APPLICATION_CONTEXT(
  'core data for automotive mechanical design processes');
#3 = SHAPE_DEFINITION_REPRESENTATION(#4,#10);
#4 = PRODUCT_DEFINITION_SHAPE('','',#5);
#5 = PRODUCT_DEFINITION('design','',#6,#9);
#6 = PRODUCT_DEFINITION_FORMATION('','',#7);
#7 = PRODUCT('Open CASCADE STEP translator 7.9 1',
  'Open CASCADE STEP translator 7.9 1','',(#8));
#8 = PRODUCT_CONTEXT('',#2,'mechanical');
#9 = PRODUCT_DEFINITION_CONTEXT('part definition',#2,'design');
#10 = ADVANCED_BREP_SHAPE_REPRESENTATION('',(#11,#15),#5981);
#11 = AXIS2_PLACEMENT_3D('',#12,#13,#14);
#12 = CARTESIAN_POINT('',(0.,0.,0.));
#13 = DIRECTION('',(0.,0.,1.));
#14 = DIRECTION('',(1.,0.,-0.));
#15 = MANIFOLD_SOLID_BREP('',#16);
#16 = CLOSED_SHELL('',(#17,#2727,#2734,#2741,#2748,#2755,#2762,#2769,
    #2776,#2783,#2790,#2797,#2873,#2922,#2971,#2998,#3105,#3154,#3239,
    #3288,#3373,#3422,#3507,#3534,#3541,#3548,#3555,#3562,#3569,#3576,
    #3583,#3590,#3597,#3604,#5841,#5848,#5855,#5862,#5869,#5876,#5883,
    #5890,#5897,#5904,#5911,#5918,#5925,#5932,#5939,#5946,#5953,#5960,
    #5967,#5974));
#17 = ADVANCED_FACE('',(#18,#134,#245,#356,#467,#578,#689,#800,#911,
    #1022,#1133,#1247,#1617,#1728,#1839,#1950,#2061,#2172,#2283,#2394,
    #2505,#2616),#33,.T.);
#18 = FACE_BOUND('',#19,.T.);
#19 = EDGE_LOOP('',(#20,#58,#84,#110));
#20 = ORIENTED_EDGE('',*,*,#21,.T.);
#21 = EDGE_CURVE('',#22,#24,#26,.T.);
#22 = VERTEX_POINT('',#23);
#23 = CARTESIAN_POINT('',(-6.06211242471,-0.970375376088,6.281900900586)
  );
#24 = VERTEX_POINT('',#25);
#25 = CARTESIAN_POINT('',(-6.06211242471,-0.970375376088,4.481900900586)
  );
#26 = SURFACE_CURVE('',#27,(#32,#45),.PCURVE_S1.);
#27 = B_SPLINE_CURVE_WITH_KNOTS('',3,(#28,#29,#30,#31),.UNSPECIFIED.,.F.
  ,.F.,(4,4),(0.,1.),.PIECEWISE_BEZIER_KNOTS.);
#28 = CARTESIAN_POINT('',(-6.06211242471,-0.970375376088,6.281900900586)
  );
#29 = CARTESIAN_POINT('',(-6.06211242471,-0.970325376088,5.681900900586)
  );
#30 = CARTESIAN_POINT('',(-6.06211242471,-0.970325376088,5.081900900586)
  );
#31 = CARTESIAN_POINT('',(-6.06211242471,-0.970375376088,4.481900900586)
  );
#32 = PCURVE('',#33,#38);
#33 = PLANE('',#34);
#34 = AXIS2_PLACEMENT_3D('',#35,#36,#37);
#35 = CARTESIAN_POINT('',(-10.66211242471,-0.970325376088,
    19.631900900586));
#36 = DIRECTION('',(0.,-1.,-1.224646799147E-16));
#37 = DIRECTION('',(-1.,0.,-0.));
#38 = DEFINITIONAL_REPRESENTATION('',(#39),#44);
#39 = B_SPLINE_CURVE_WITH_KNOTS('',3,(#40,#41,#42,#43),.UNSPECIFIED.,.F.
  ,.F.,(4,4),(0.,1.),.PIECEWISE_BEZIER_KNOTS.);
#40 = CARTESIAN_POINT('',(-4.6,13.35));
#41 = CARTESIAN_POINT('',(-4.6,13.95));
#42 = CARTESIAN_POINT('',(-4.6,14.55));
#43 = CARTESIAN_POINT('',(-4.6,15.15));
#44 = ( GEOMETRIC_REPRESENTATION_CONTEXT(2) 
PARAMETRIC_REPRESENTATION_CONTEXT() REPRESENTATION_CONTEXT('2D SPACE',''
  ) );
#45 = PCURVE('',#46,#51);
#46 = PLANE('',#47);
#47 = AXIS2_PLACEMENT_3D('',#48,#49,#50);
#48 = CARTESIAN_POINT('',(-10.66211242471,-0.970425376088,
    19.631900900586));
#49 = DIRECTION('',(0.,1.,1.224646799147E-16));
#50 = DIRECTION('',(1.,0.,0.));
#51 = DEFINITIONAL_REPRESENTATION('',(#52),#57);
#52 = B_SPLINE_CURVE_WITH_KNOTS('',3,(#53,#54,#55,#56),.UNSPECIFIED.,.F.
  ,.F.,(4,4),(0.,1.),.PIECEWISE_BEZIER_KNOTS.);
#53 = CARTESIAN_POINT('',(4.6,13.35));
#54 = CARTESIAN_POINT('',(4.6,13.95));
#55 = CARTESIAN_POINT('',(4.6,14.55));
#56 = CARTESIAN_POINT('',(4.6,15.15));
#57 = ( GEOMETRIC_REPRESENTATION_CONTEXT(2) 
PARAMETRIC_REPRESENTATION_CONTEXT() REPRESENTATION_CONTEXT('2D SPACE',''
  ) );
#58 = ORIENTED_EDGE('',*,*,#59,.T.);
#59 = EDGE_CURVE('',#24,#60,#62,.T.);
#60 = VERTEX_POINT('',#61);
#61 = CARTESIAN_POINT('',(-7.56211242471,-0.970375376088,4.481900900586)
  );
#62 = SURFACE_CURVE('',#63,(#68,#76),.PCURVE_S1.);
#63 = B_SPLINE_CURVE_WITH_KNOTS('',3,(#64,#65,#66,#67),.UNSPECIFIED.,.F.
  ,.F.,(4,4),(0.,1.),.PIECEWISE_BEZIER_KNOTS.);
#64 = CARTESIAN_POINT('',(-6.06211242471,-0.970375376088,4.481900900586)
  );
#65 = CARTESIAN_POINT('',(-6.56211242471,-0.970325376088,4.481900900586)
  );
#66 = CARTESIAN_POINT('',(-7.06211242471,-0.970325376088,4.481900900586)
  );
#67 = CARTESIAN_POINT('',(-7.56211242471,-0.970375376088,4.481900900586)
  );
#68 = PCURVE('',#33,#69);
#69 = DEFINITIONAL_REPRESENTATION('',(#70),#75);
#70 = B_SPLINE_CURVE_WITH_KNOTS('',3,(#71,#72,#73,#74),.UNSPECIFIED.,.F.
  ,.F.,(4,4),(0.,1.),.PIECEWISE_BEZIER_KNOTS.);
#71 = CARTESIAN_POINT('',(-4.6,15.15));
#72 = CARTESIAN_POINT('',(-4.1,15.15));
#73 = CARTESIAN_POINT('',(-3.6,15.15));
#74 = CARTESIAN_POINT('',(-3.1,15.15));
#75 = ( GEOMETRIC_REPRESENTATION_CONTEXT(2) 
PARAMETRIC_REPRESENTATION_CONTEXT() REPRESENTATION_CONTEXT('2D SPACE',''
  ) );
#76 = PCURVE('',#46,#77);
#77 = DEFINITIONAL_REPRESENTATION('',(#78),#83);
#78 = B_SPLINE_CURVE_WITH_KNOTS('',3,(#79,#80,#81,#82),.UNSPECIFIED.,.F.
  ,.F.,(4,4),(0.,1.),.PIECEWISE_BEZIER_KNOTS.);
#79 = CARTESIAN_POINT('',(4.6,15.15));
#80 = CARTESIAN_POINT('',(4.1,15.15));
#81 = CARTESIAN_POINT('',(3.6,15.15));
#82 = CARTESIAN_POINT('',(3.1,15.15));
#83 = ( GEOMETRIC_REPRESENTATION_CONTEXT(2) 
PARAMETRIC_REPRESENTATION_CONTEXT() REPRESENTATION_CONTEXT('2D SPACE',''
  ) );
#84 = ORIENTED_EDGE('',*,*,#85,.T.);
#85 = EDGE_CURVE('',#60,#86,#88,.T.);
#86 = VERTEX_POINT('',#87);
#87 = CARTESIAN_POINT('',(-7.56211242471,-0.970375376088,6.281900900586)
  );
#88 = SURFACE_CURVE('',#89,(#94,#102),.PCURVE_S1.);
#89 = B_SPLINE_CURVE_WITH_KNOTS('',3,(#90,#91,#92,#93),.UNSPECIFIED.,.F.
  ,.F.,(4,4),(0.,1.),.PIECEWISE_BEZIER_KNOTS.);
#90 = CARTESIAN_POINT('',(-7.56211242471,-0.970375376088,4.481900900586)
  );
#91 = CARTESIAN_POINT('',(-7.56211242471,-0.970325376088,5.081900900586)
  );
#92 = CARTESIAN_POINT('',(-7.56211242471,-0.970325376088,5.681900900586)
  );
#93 = CARTESIAN_POINT('',(-7.56211242471,-0.970375376088,6.281900900586)
  );
#94 = PCURVE('',#33,#95);
#95 = DEFINITIONAL_REPRESENTATION('',(#96),#101);
#96 = B_SPLINE_CURVE_WITH_KNOTS('',3,(#97,#98,#99,#100),.UNSPECIFIED.,
  .F.,.F.,(4,4),(0.,1.),.PIECEWISE_BEZIER_KNOTS.);
#97 = CARTESIAN_POINT('',(-3.1,15.15));
#98 = CARTESIAN_POINT('',(-3.1,14.55));
#99 = CARTESIAN_POINT('',(-3.1,13.95));
#100 = CARTESIAN_POINT('',(-3.1,13.35));
#101 = ( GEOMETRIC_REPRESENTATION_CONTEXT(2) 
PARAMETRIC_REPRESENTATION_CONTEXT() REPRESENTATION_CONTEXT('2D SPACE',''
  ) );
#102 = PCURVE('',#46,#103);
#103 = DEFINITIONAL_REPRESENTATION('',(#104),#109);
#104 = B_SPLINE_CURVE_WITH_KNOTS('',3,(#105,#106,#107,#108),
  .UNSPECIFIED.,.F.,.F.,(4,4),(0.,1.),.PIECEWISE_BEZIER_KNOTS.);
#105 = CARTESIAN_POINT('',(3.1,15.15));
#106 = CARTESIAN_POINT('',(3.1,14.55));
#107 = CARTESIAN_POINT('',(3.1,13.95));
#108 = CARTESIAN_POINT('',(3.1,13.35));
#109 = ( GEOMETRIC_REPRESENTATION_CONTEXT(2) 
PARAMETRIC_REPRESENTATION_CONTEXT() REPRESENTATION_CONTEXT('2D SPACE',''
  ) );
#110 = ORIENTED_EDGE('',*,*,#111,.T.);
#111 = EDGE_CURVE('',#86,#22,#112,.T.);
#112 = SURFACE_CURVE('',#113,(#118,#126),.PCURVE_S1.);
#113 = B_SPLINE_CURVE_WITH_KNOTS('',3,(#114,#115,#116,#117),
  .UNSPECIFIED.,.F.,.F.,(4,4),(0.,1.),.PIECEWISE_BEZIER_KNOTS.);
#114 = CARTESIAN_POINT('',(-7.56211242471,-0.970375376088,6.281900900586
    ));
#115 = CARTESIAN_POINT('',(-7.06211242471,-0.970325376088,6.281900900586
    ));
#116 = CARTESIAN_POINT('',(-6.56211242471,-0.970325376088,6.281900900586
    ));
#117 = CARTESIAN_POINT('',(-6.06211242471,-0.970375376088,6.281900900586
    ));
#118 = PCURVE('',#33,#119);
#119 = DEFINITIONAL_REPRESENTATION('',(#120),#125);
#120 = B_SPLINE_CURVE_WITH_KNOTS('',3,(#121,#122,#123,#124),
  .UNSPECIFIED.,.F.,.F.,(4,4),(0.,1.),.PIECEWISE_BEZIER_KNOTS.);
#121 = CARTESIAN_POINT('',(-3.1,13.35));
#122 = CARTESIAN_POINT('',(-3.6,13.35));
#123 = CARTESIAN_POINT('',(-4.1,13.35));
#124 = CARTESIAN_POINT('',(-4.6,13.35));
#125 = ( GEOMETRIC_REPRESENTATION_CONTEXT(2) 
PARAMETRIC_REPRESENTATION_CONTEXT() REPRESENTATION_CONTEXT('2D SPACE',''
  ) );
#126 = PCURVE('',#46,#127);
#127 = DEFINITIONAL_REPRESENTATION('',(#128),#133);
#128 = B_SPLINE_CURVE_WITH_KNOTS('',3,(#129,#130,#131,#132),
  .UNSPECIFIED.,.F.,.F.,(4,4),(0.,1.),.PIECEWISE_BEZIER_KNOTS.);
#129 = CARTESIAN_POINT('',(3.1,13.35));
#130 = CARTESIAN_POINT('',(3.6,13.35));
#131 = CARTESIAN_POINT('',(4.1,13.35));
#132 = CARTESIAN_POINT('',(4.6,13.35));
#133 = ( GEOMETRIC_REPRESENTATION_CONTEXT(2) 
PARAMETRIC_REPRESENTATION_CONTEXT() REPRESENTATION_CONTEXT('2D SPACE',''
  ) );
#134 = FACE_BOUND('',#135,.T.);
#135 = EDGE_LOOP('',(#136,#169,#195,#221));
#136 = ORIENTED_EDGE('',*,*,#137,.T.);
#137 = EDGE_CURVE('',#138,#140,#142,.T.);
#138 = VERTEX_POINT('',#139);
#139 = CARTESIAN_POINT('',(-2.26211242471,-0.970375376088,6.281900900586
    ));
#140 = VERTEX_POINT('',#141);
#141 = CARTESIAN_POINT('',(-2.26211242471,-0.970375376088,4.481900900586
    ));
#142 = SURFACE_CURVE('',#143,(#148,#156),.PCURVE_S1.);
#143 = B_SPLINE_CURVE_WITH_KNOTS('',3,(#144,#145,#146,#147),
  .UNSPECIFIED.,.F.,.F.,(4,4),(0.,1.),.PIECEWISE_BEZIER_KNOTS.);
#144 = CARTESIAN_POINT('',(-2.26211242471,-0.970375376088,6.281900900586
    ));
#145 = CARTESIAN_POINT('',(-2.26211242471,-0.970325376088,5.681900900586
    ));
#146 = CARTESIAN_POINT('',(-2.26211242471,-0.970325376088,5.081900900586
    ));
#147 = CARTESIAN_POINT('',(-2.26211242471,-0.970375376088,4.481900900586
    ));
#148 = PCURVE('',#33,#149);
#149 = DEFINITIONAL_REPRESENTATION('',(#150),#155);
#150 = B_SPLINE_CURVE_WITH_KNOTS('',3,(#151,#152,#153,#154),
  .UNSPECIFIED.,.F.,.F.,(4,4),(0.,1.),.PIECEWISE_BEZIER_KNOTS.);
#151 = CARTESIAN_POINT('',(-8.4,13.35));
#152 = CARTESIAN_POINT('',(-8.4,13.95));
#153 = CARTESIAN_POINT('',(-8.4,14.55));
#154 = CARTESIAN_POINT('',(-8.4,15.15));
#155 = ( GEOMETRIC_REPRESENTATION_CONTEXT(2) 
PARAMETRIC_REPRESENTATION_CONTEXT() REPRESENTATION_CONTEXT('2D SPACE',''
  ) );
#156 = PCURVE('',#157,#162);
#157 = PLANE('',#158);
#158 = AXIS2_PLACEMENT_3D('',#159,#160,#161);
#159 = CARTESIAN_POINT('',(-10.66211242471,-0.970425376088,
    19.631900900586));
#160 = DIRECTION('',(0.,1.,1.224646799147E-16));
#161 = DIRECTION('',(1.,0.,0.));
#162 = DEFINITIONAL_REPRESENTATION('',(#163),#168);
#163 = B_SPLINE_CURVE_WITH_KNOTS('',3,(#164,#165,#166,#167),
  .UNSPECIFIED.,.F.,.F.,(4,4),(0.,1.),.PIECEWISE_BEZIER_KNOTS.);
#164 = CARTESIAN_POINT('',(8.4,13.35));
#165 = CARTESIAN_POINT('',(8.4,13.95));
#166 = CARTESIAN_POINT('',(8.4,14.55));
#167 = CARTESIAN_POINT('',(8.4,15.15));
#168 = ( GEOMETRIC_REPRESENTATION_CONTEXT(2) 
PARAMETRIC_REPRESENTATION_CONTEXT() REPRESENTATION_CONTEXT('2D SPACE',''
  ) );
#169 = ORIENTED_EDGE('',*,*,#170,.T.);
#170 = EDGE_CURVE('',#140,#171,#173,.T.);
#171 = VERTEX_POINT('',#172);
#172 = CARTESIAN_POINT('',(-3.76211242471,-0.970375376088,4.481900900586
    ));
#173 = SURFACE_CURVE('',#174,(#179,#187),.PCURVE_S1.);
#174 = B_SPLINE_CURVE_WITH_KNOTS('',3,(#175,#176,#177,#178),
  .UNSPECIFIED.,.F.,.F.,(4,4),(0.,1.),.PIECEWISE_BEZIER_KNOTS.);
#175 = CARTESIAN_POINT('',(-2.26211242471,-0.970375376088,4.481900900586
    ));
#176 = CARTESIAN_POINT('',(-2.76211242471,-0.970325376088,4.481900900586
    ));
#177 = CARTESIAN_POINT('',(-3.26211242471,-0.970325376088,4.481900900586
    ));
#178 = CARTESIAN_POINT('',(-3.76211242471,-0.970375376088,4.481900900586
    ));
#179 = PCURVE('',#33,#180);
#180 = DEFINITIONAL_REPRESENTATION('',(#181),#186);
#181 = B_SPLINE_CURVE_WITH_KNOTS('',3,(#182,#183,#184,#185),
  .UNSPECIFIED.,.F.,.F.,(4,4),(0.,1.),.PIECEWISE_BEZIER_KNOTS.);
#182 = CARTESIAN_POINT('',(-8.4,15.15));
#183 = CARTESIAN_POINT('',(-7.9,15.15));
#184 = CARTESIAN_POINT('',(-7.4,15.15));
#185 = CARTESIAN_POINT('',(-6.9,15.15));
#186 = ( GEOMETRIC_REPRESENTATION_CONTEXT(2) 
PARAMETRIC_REPRESENTATION_CONTEXT() REPRESENTATION_CONTEXT('2D SPACE',''
  ) );
#187 = PCURVE('',#157,#188);
#188 = DEFINITIONAL_REPRESENTATION('',(#189),#194);
#189 = B_SPLINE_CURVE_WITH_KNOTS('',3,(#190,#191,#192,#193),
  .UNSPECIFIED.,.F.,.F.,(4,4),(0.,1.),.PIECEWISE_BEZIER_KNOTS.);
#190 = CARTESIAN_POINT('',(8.4,15.15));
#191 = CARTESIAN_POINT('',(7.9,15.15));
#192 = CARTESIAN_POINT('',(7.4,15.15));
#193 = CARTESIAN_POINT('',(6.9,15.15));
#194 = ( GEOMETRIC_REPRESENTATION_CONTEXT(2) 
PARAMETRIC_REPRESENTATION_CONTEXT() REPRESENTATION_CONTEXT('2D SPACE',''
  ) );
#195 = ORIENTED_EDGE('',*,*,#196,.T.);
#196 = EDGE_CURVE('',#171,#197,#199,.T.);
#197 = VERTEX_POINT('',#198);
#198 = CARTESIAN_POINT('',(-3.76211242471,-0.970375376088,6.281900900586
    ));
#199 = SURFACE_CURVE('',#200,(#205,#213),.PCURVE_S1.);
#200 = B_SPLINE_CURVE_WITH_KNOTS('',3,(#201,#202,#203,#204),
  .UNSPECIFIED.,.F.,.F.,(4,4),(0.,1.),.PIECEWISE_BEZIER_KNOTS.);
#201 = CARTESIAN_POINT('',(-3.76211242471,-0.970375376088,4.481900900586
    ));
#202 = CARTESIAN_POINT('',(-3.76211242471,-0.970325376088,5.081900900586
    ));
#203 = CARTESIAN_POINT('',(-3.76211242471,-0.970325376088,5.681900900586
    ));
#204 = CARTESIAN_POINT('',(-3.76211242471,-0.970375376088,6.281900900586
    ));
#205 = PCURVE('',#33,#206);
#206 = DEFINITIONAL_REPRESENTATION('',(#207),#212);
#207 = B_SPLINE_CURVE_WITH_KNOTS('',3,(#208,#209,#210,#211),
  .UNSPECIFIED.,.F.,.F.,(4,4),(0.,1.),.PIECEWISE_BEZIER_KNOTS.);
#208 = CARTESIAN_POINT('',(-6.9,15.15));
#209 = CARTESIAN_POINT('',(-6.9,14.55));
#210 = CARTESIAN_POINT('',(-6.9,13.95));
#211 = CARTESIAN_POINT('',(-6.9,13.35));
#212 = ( GEOMETRIC_REPRESENTATION_CONTEXT(2) 
PARAMETRIC_REPRESENTATION_CONTEXT() REPRESENTATION_CONTEXT('2D SPACE',''
  ) );
#213 = PCURVE('',#157,#214);
#214 = DEFINITIONAL_REPRESENTATION('',(#215),#220);
#215 = B_SPLINE_CURVE_WITH_KNOTS('',3,(#216,#217,#218,#219),
  .UNSPECIFIED.,.F.,.F.,(4,4),(0.,1.),.PIECEWISE_BEZIER_KNOTS.);
#216 = CARTESIAN_POINT('',(6.9,15.15));
#217 = CARTESIAN_POINT('',(6.9,14.55));
#218 = CARTESIAN_POINT('',(6.9,13.95));
#219 = CARTESIAN_POINT('',(6.9,13.35));
#220 = ( GEOMETRIC_REPRESENTATION_CONTEXT(2) 
PARAMETRIC_REPRESENTATION_CONTEXT() REPRESENTATION_CONTEXT('2D SPACE',''
  ) );
#221 = ORIENTED_EDGE('',*,*,#222,.T.);
#222 = EDGE_CURVE('',#197,#138,#223,.T.);
#223 = SURFACE_CURVE('',#224,(#229,#237),.PCURVE_S1.);
#224 = B_SPLINE_CURVE_WITH_KNOTS('',3,(#225,#226,#227,#228),
  .UNSPECIFIED.,.F.,.F.,(4,4),(0.,1.),.PIECEWISE_BEZIER_KNOTS.);
#225 = CARTESIAN_POINT('',(-3.76211242471,-0.970375376088,6.281900900586
    ));
#226 = CARTESIAN_POINT('',(-3.26211242471,-0.970325376088,6.281900900586
    ));
#227 = CARTESIAN_POINT('',(-2.76211242471,-0.970325376088,6.281900900586
    ));
#228 = CARTESIAN_POINT('',(-2.26211242471,-0.970375376088,6.281900900586
    ));
#229 = PCURVE('',#33,#230);
#230 = DEFINITIONAL_REPRESENTATION('',(#231),#236);
#231 = B_SPLINE_CURVE_WITH_KNOTS('',3,(#232,#233,#234,#235),
  .UNSPECIFIED.,.F.,.F.,(4,4),(0.,1.),.PIECEWISE_BEZIER_KNOTS.);
#232 = CARTESIAN_POINT('',(-6.9,13.35));
#233 = CARTESIAN_POINT('',(-7.4,13.35));
#234 = CARTESIAN_POINT('',(-7.9,13.35));
#235 = CARTESIAN_POINT('',(-8.4,13.35));
#236 = ( GEOMETRIC_REPRESENTATION_CONTEXT(2) 
PARAMETRIC_REPRESENTATION_CONTEXT() REPRESENTATION_CONTEXT('2D SPACE',''
  ) );
#237 = PCURVE('',#157,#238);
#238 = DEFINITIONAL_REPRESENTATION('',(#239),#244);
#239 = B_SPLINE_CURVE_WITH_KNOTS('',3,(#240,#241,#242,#243),
  .UNSPECIFIED.,.F.,.F.,(4,4),(0.,1.),.PIECEWISE_BEZIER_KNOTS.);
#240 = CARTESIAN_POINT('',(6.9,13.35));
#241 = CARTESIAN_POINT('',(7.4,13.35));
#242 = CARTESIAN_POINT('',(7.9,13.35));
#243 = CARTESIAN_POINT('',(8.4,13.35));
#244 = ( GEOMETRIC_REPRESENTATION_CONTEXT(2) 
PARAMETRIC_REPRESENTATION_CONTEXT() REPRESENTATION_CONTEXT('2D SPACE',''
  ) );
#245 = FACE_BOUND('',#246,.T.);
#246 = EDGE_LOOP('',(#247,#280,#306,#332));
#247 = ORIENTED_EDGE('',*,*,#248,.T.);
#248 = EDGE_CURVE('',#249,#251,#253,.T.);
#249 = VERTEX_POINT('',#250);
#250 = CARTESIAN_POINT('',(1.53788757529,-0.970375376088,6.281900900586)
  );
#251 = VERTEX_POINT('',#252);
#252 = CARTESIAN_POINT('',(1.53788757529,-0.970375376088,4.481900900586)
  );
#253 = SURFACE_CURVE('',#254,(#259,#267),.PCURVE_S1.);
#254 = B_SPLINE_CURVE_WITH_KNOTS('',3,(#255,#256,#257,#258),
  .UNSPECIFIED.,.F.,.F.,(4,4),(0.,1.),.PIECEWISE_BEZIER_KNOTS.);
#255 = CARTESIAN_POINT('',(1.53788757529,-0.970375376088,6.281900900586)
  );
#256 = CARTESIAN_POINT('',(1.53788757529,-0.970325376088,5.681900900586)
  );
#257 = CARTESIAN_POINT('',(1.53788757529,-0.970325376088,5.081900900586)
  );
#258 = CARTESIAN_POINT('',(1.53788757529,-0.970375376088,4.481900900586)
  );
#259 = PCURVE('',#33,#260);
#260 = DEFINITIONAL_REPRESENTATION('',(#261),#266);
#261 = B_SPLINE_CURVE_WITH_KNOTS('',3,(#262,#263,#264,#265),
  .UNSPECIFIED.,.F.,.F.,(4,4),(0.,1.),.PIECEWISE_BEZIER_KNOTS.);
#262 = CARTESIAN_POINT('',(-12.2,13.35));
#263 = CARTESIAN_POINT('',(-12.2,13.95));
#264 = CARTESIAN_POINT('',(-12.2,14.55));
#265 = CARTESIAN_POINT('',(-12.2,15.15));
#266 = ( GEOMETRIC_REPRESENTATION_CONTEXT(2) 
PARAMETRIC_REPRESENTATION_CONTEXT() REPRESENTATION_CONTEXT('2D SPACE',''
  ) );
#267 = PCURVE('',#268,#273);
#268 = PLANE('',#269);
#269 = AXIS2_PLACEMENT_3D('',#270,#271,#272);
#270 = CARTESIAN_POINT('',(-10.66211242471,-0.970425376088,
    19.631900900586));
#271 = DIRECTION('',(0.,1.,1.224646799147E-16));
#272 = DIRECTION('',(1.,0.,0.));
#273 = DEFINITIONAL_REPRESENTATION('',(#274),#279);
#274 = B_SPLINE_CURVE_WITH_KNOTS('',3,(#275,#276,#277,#278),
  .UNSPECIFIED.,.F.,.F.,(4,4),(0.,1.),.PIECEWISE_BEZIER_KNOTS.);
#275 = CARTESIAN_POINT('',(12.2,13.35));
#276 = CARTESIAN_POINT('',(12.2,13.95));
#277 = CARTESIAN_POINT('',(12.2,14.55));
#278 = CARTESIAN_POINT('',(12.2,15.15));
#279 = ( GEOMETRIC_REPRESENTATION_CONTEXT(2) 
PARAMETRIC_REPRESENTATION_CONTEXT() REPRESENTATION_CONTEXT('2D SPACE',''
  ) );
#280 = ORIENTED_EDGE('',*,*,#281,.T.);
#281 = EDGE_CURVE('',#251,#282,#284,.T.);
#282 = VERTEX_POINT('',#283);
#283 = CARTESIAN_POINT('',(3.788757528951E-02,-0.970375376088,
    4.481900900586));
#284 = SURFACE_CURVE('',#285,(#290,#298),.PCURVE_S1.);
#285 = B_SPLINE_CURVE_WITH_KNOTS('',3,(#286,#287,#288,#289),
  .UNSPECIFIED.,.F.,.F.,(4,4),(0.,1.),.PIECEWISE_BEZIER_KNOTS.);
#286 = CARTESIAN_POINT('',(1.53788757529,-0.970375376088,4.481900900586)
  );
#287 = CARTESIAN_POINT('',(1.03788757529,-0.970325376088,4.481900900586)
  );
#288 = CARTESIAN_POINT('',(0.53788757529,-0.970325376088,4.481900900586)
  );
#289 = CARTESIAN_POINT('',(3.788757528951E-02,-0.970375376088,
    4.481900900586));
#290 = PCURVE('',#33,#291);
#291 = DEFINITIONAL_REPRESENTATION('',(#292),#297);
#292 = B_SPLINE_CURVE_WITH_KNOTS('',3,(#293,#294,#295,#296),
  .UNSPECIFIED.,.F.,.F.,(4,4),(0.,1.),.PIECEWISE_BEZIER_KNOTS.);
#293 = CARTESIAN_POINT('',(-12.2,15.15));
#294 = CARTESIAN_POINT('',(-11.7,15.15));
#295 = CARTESIAN_POINT('',(-11.2,15.15));
#296 = CARTESIAN_POINT('',(-10.7,15.15));
#297 = ( GEOMETRIC_REPRESENTATION_CONTEXT(2) 
PARAMETRIC_REPRESENTATION_CONTEXT() REPRESENTATION_CONTEXT('2D SPACE',''
  ) );
#298 = PCURVE('',#268,#299);
#299 = DEFINITIONAL_REPRESENTATION('',(#300),#305);
#300 = B_SPLINE_CURVE_WITH_KNOTS('',3,(#301,#302,#303,#304),
  .UNSPECIFIED.,.F.,.F.,(4,4),(0.,1.),.PIECEWISE_BEZIER_KNOTS.);
#301 = CARTESIAN_POINT('',(12.2,15.15));
#302 = CARTESIAN_POINT('',(11.7,15.15));
#303 = CARTESIAN_POINT('',(11.2,15.15));
#304 = CARTESIAN_POINT('',(10.7,15.15));
#305 = ( GEOMETRIC_REPRESENTATION_CONTEXT(2) 
PARAMETRIC_REPRESENTATION_CONTEXT() REPRESENTATION_CONTEXT('2D SPACE',''
  ) );
#306 = ORIENTED_EDGE('',*,*,#307,.T.);
#307 = EDGE_CURVE('',#282,#308,#310,.T.);
#308 = VERTEX_POINT('',#309);
#309 = CARTESIAN_POINT('',(3.788757528951E-02,-0.970375376088,
    6.281900900586));
#310 = SURFACE_CURVE('',#311,(#316,#324),.PCURVE_S1.);
#311 = B_SPLINE_CURVE_WITH_KNOTS('',3,(#312,#313,#314,#315),
  .UNSPECIFIED.,.F.,.F.,(4,4),(0.,1.),.PIECEWISE_BEZIER_KNOTS.);
#312 = CARTESIAN_POINT('',(3.788757528951E-02,-0.970375376088,
    4.481900900586));
#313 = CARTESIAN_POINT('',(3.788757528951E-02,-0.970325376088,
    5.081900900586));
#314 = CARTESIAN_POINT('',(3.788757528951E-02,-0.970325376088,
    5.681900900586));
#315 = CARTESIAN_POINT('',(3.788757528951E-02,-0.970375376088,
    6.281900900586));
#316 = PCURVE('',#33,#317);
#317 = DEFINITIONAL_REPRESENTATION('',(#318),#323);
#318 = B_SPLINE_CURVE_WITH_KNOTS('',3,(#319,#320,#321,#322),
  .UNSPECIFIED.,.F.,.F.,(4,4),(0.,1.),.PIECEWISE_BEZIER_KNOTS.);
#319 = CARTESIAN_POINT('',(-10.7,15.15));
#320 = CARTESIAN_POINT('',(-10.7,14.55));
#321 = CARTESIAN_POINT('',(-10.7,13.95));
#322 = CARTESIAN_POINT('',(-10.7,13.35));
#323 = ( GEOMETRIC_REPRESENTATION_CONTEXT(2) 
PARAMETRIC_REPRESENTATION_CONTEXT() REPRESENTATION_CONTEXT('2D SPACE',''
  ) );
#324 = PCURVE('',#268,#325);
#325 = DEFINITIONAL_REPRESENTATION('',(#326),#331);
#326 = B_SPLINE_CURVE_WITH_KNOTS('',3,(#327,#328,#329,#330),
  .UNSPECIFIED.,.F.,.F.,(4,4),(0.,1.),.PIECEWISE_BEZIER_KNOTS.);
#327 = CARTESIAN_POINT('',(10.7,15.15));
#328 = CARTESIAN_POINT('',(10.7,14.55));
#329 = CARTESIAN_POINT('',(10.7,13.95));
#330 = CARTESIAN_POINT('',(10.7,13.35));
#331 = ( GEOMETRIC_REPRESENTATION_CONTEXT(2) 
PARAMETRIC_REPRESENTATION_CONTEXT() REPRESENTATION_CONTEXT('2D SPACE',''
  ) );
#332 = ORIENTED_EDGE('',*,*,#333,.T.);
#333 = EDGE_CURVE('',#308,#249,#334,.T.);
#334 = SURFACE_CURVE('',#335,(#340,#348),.PCURVE_S1.);
#335 = B_SPLINE_CURVE_WITH_KNOTS('',3,(#336,#337,#338,#339),
  .UNSPECIFIED.,.F.,.F.,(4,4),(0.,1.),.PIECEWISE_BEZIER_KNOTS.);
#336 = CARTESIAN_POINT('',(3.788757528951E-02,-0.970375376088,
    6.281900900586));
#337 = CARTESIAN_POINT('',(0.53788757529,-0.970325376088,6.281900900586)
  );
#338 = CARTESIAN_POINT('',(1.03788757529,-0.970325376088,6.281900900586)
  );
#339 = CARTESIAN_POINT('',(1.53788757529,-0.970375376088,6.281900900586)
  );
#340 = PCURVE('',#33,#341);
#341 = DEFINITIONAL_REPRESENTATION('',(#342),#347);
#342 = B_SPLINE_CURVE_WITH_KNOTS('',3,(#343,#344,#345,#346),
  .UNSPECIFIED.,.F.,.F.,(4,4),(0.,1.),.PIECEWISE_BEZIER_KNOTS.);
#343 = CARTESIAN_POINT('',(-10.7,13.35));
#344 = CARTESIAN_POINT('',(-11.2,13.35));
#345 = CARTESIAN_POINT('',(-11.7,13.35));
#346 = CARTESIAN_POINT('',(-12.2,13.35));
#347 = ( GEOMETRIC_REPRESENTATION_CONTEXT(2) 
PARAMETRIC_REPRESENTATION_CONTEXT() REPRESENTATION_CONTEXT('2D SPACE',''
  ) );
#348 = PCURVE('',#268,#349);
#349 = DEFINITIONAL_REPRESENTATION('',(#350),#355);
#350 = B_SPLINE_CURVE_WITH_KNOTS('',3,(#351,#352,#353,#354),
  .UNSPECIFIED.,.F.,.F.,(4,4),(0.,1.),.PIECEWISE_BEZIER_KNOTS.);
#351 = CARTESIAN_POINT('',(10.7,13.35));
#352 = CARTESIAN_POINT('',(11.2,13.35));
#353 = CARTESIAN_POINT('',(11.7,13.35));
#354 = CARTESIAN_POINT('',(12.2,13.35));
#355 = ( GEOMETRIC_REPRESENTATION_CONTEXT(2) 
PARAMETRIC_REPRESENTATION_CONTEXT() REPRESENTATION_CONTEXT('2D SPACE',''
  ) );
#356 = FACE_BOUND('',#357,.T.);
#357 = EDGE_LOOP('',(#358,#391,#417,#443));
#358 = ORIENTED_EDGE('',*,*,#359,.T.);
#359 = EDGE_CURVE('',#360,#362,#364,.T.);
#360 = VERTEX_POINT('',#361);
#361 = CARTESIAN_POINT('',(4.48788757529,-0.970375376088,9.331900900586)
  );
#362 = VERTEX_POINT('',#363);
#363 = CARTESIAN_POINT('',(2.68788757529,-0.970375376088,9.331900900586)
  );
#364 = SURFACE_CURVE('',#365,(#370,#378),.PCURVE_S1.);
#365 = B_SPLINE_CURVE_WITH_KNOTS('',3,(#366,#367,#368,#369),
  .UNSPECIFIED.,.F.,.F.,(4,4),(0.,1.),.PIECEWISE_BEZIER_KNOTS.);
#366 = CARTESIAN_POINT('',(4.48788757529,-0.970375376088,9.331900900586)
  );
#367 = CARTESIAN_POINT('',(3.88788757529,-0.970325376088,9.331900900586)
  );
#368 = CARTESIAN_POINT('',(3.28788757529,-0.970325376088,9.331900900586)
  );
#369 = CARTESIAN_POINT('',(2.68788757529,-0.970375376088,9.331900900586)
  );
#370 = PCURVE('',#33,#371);
#371 = DEFINITIONAL_REPRESENTATION('',(#372),#377);
#372 = B_SPLINE_CURVE_WITH_KNOTS('',3,(#373,#374,#375,#376),
  .UNSPECIFIED.,.F.,.F.,(4,4),(0.,1.),.PIECEWISE_BEZIER_KNOTS.);
#373 = CARTESIAN_POINT('',(-15.15,10.3));
#374 = CARTESIAN_POINT('',(-14.55,10.3));
#375 = CARTESIAN_POINT('',(-13.95,10.3));
#376 = CARTESIAN_POINT('',(-13.35,10.3));
#377 = ( GEOMETRIC_REPRESENTATION_CONTEXT(2) 
PARAMETRIC_REPRESENTATION_CONTEXT() REPRESENTATION_CONTEXT('2D SPACE',''
  ) );
#378 = PCURVE('',#379,#384);
#379 = PLANE('',#380);
#380 = AXIS2_PLACEMENT_3D('',#381,#382,#383);
#381 = CARTESIAN_POINT('',(-10.66211242471,-0.970425376088,
    19.631900900586));
#382 = DIRECTION('',(0.,1.,1.224646799147E-16));
#383 = DIRECTION('',(1.,0.,0.));
#384 = DEFINITIONAL_REPRESENTATION('',(#385),#390);
#385 = B_SPLINE_CURVE_WITH_KNOTS('',3,(#386,#387,#388,#389),
  .UNSPECIFIED.,.F.,.F.,(4,4),(0.,1.),.PIECEWISE_BEZIER_KNOTS.);
#386 = CARTESIAN_POINT('',(15.15,10.3));
#387 = CARTESIAN_POINT('',(14.55,10.3));
#388 = CARTESIAN_POINT('',(13.95,10.3));
#389 = CARTESIAN_POINT('',(13.35,10.3));
#390 = ( GEOMETRIC_REPRESENTATION_CONTEXT(2) 
PARAMETRIC_REPRESENTATION_CONTEXT() REPRESENTATION_CONTEXT('2D SPACE',''
  ) );
#391 = ORIENTED_EDGE('',*,*,#392,.T.);
#392 = EDGE_CURVE('',#362,#393,#395,.T.);
#393 = VERTEX_POINT('',#394);
#394 = CARTESIAN_POINT('',(2.68788757529,-0.970375376088,10.831900900586
    ));
#395 = SURFACE_CURVE('',#396,(#401,#409),.PCURVE_S1.);
#396 = B_SPLINE_CURVE_WITH_KNOTS('',3,(#397,#398,#399,#400),
  .UNSPECIFIED.,.F.,.F.,(4,4),(0.,1.),.PIECEWISE_BEZIER_KNOTS.);
#397 = CARTESIAN_POINT('',(2.68788757529,-0.970375376088,9.331900900586)
  );
#398 = CARTESIAN_POINT('',(2.68788757529,-0.970325376088,9.831900900586)
  );
#399 = CARTESIAN_POINT('',(2.68788757529,-0.970325376088,10.331900900586
    ));
#400 = CARTESIAN_POINT('',(2.68788757529,-0.970375376088,10.831900900586
    ));
#401 = PCURVE('',#33,#402);
#402 = DEFINITIONAL_REPRESENTATION('',(#403),#408);
#403 = B_SPLINE_CURVE_WITH_KNOTS('',3,(#404,#405,#406,#407),
  .UNSPECIFIED.,.F.,.F.,(4,4),(0.,1.),.PIECEWISE_BEZIER_KNOTS.);
#404 = CARTESIAN_POINT('',(-13.35,10.3));
#405 = CARTESIAN_POINT('',(-13.35,9.8));
#406 = CARTESIAN_POINT('',(-13.35,9.3));
#407 = CARTESIAN_POINT('',(-13.35,8.8));
#408 = ( GEOMETRIC_REPRESENTATION_CONTEXT(2) 
PARAMETRIC_REPRESENTATION_CONTEXT() REPRESENTATION_CONTEXT('2D SPACE',''
  ) );
#409 = PCURVE('',#379,#410);
#410 = DEFINITIONAL_REPRESENTATION('',(#411),#416);
#411 = B_SPLINE_CURVE_WITH_KNOTS('',3,(#412,#413,#414,#415),
  .UNSPECIFIED.,.F.,.F.,(4,4),(0.,1.),.PIECEWISE_BEZIER_KNOTS.);
#412 = CARTESIAN_POINT('',(13.35,10.3));
#413 = CARTESIAN_POINT('',(13.35,9.8));
#414 = CARTESIAN_POINT('',(13.35,9.3));
#415 = CARTESIAN_POINT('',(13.35,8.8));
#416 = ( GEOMETRIC_REPRESENTATION_CONTEXT(2) 
PARAMETRIC_REPRESENTATION_CONTEXT() REPRESENTATION_CONTEXT('2D SPACE',''
  ) );
#417 = ORIENTED_EDGE('',*,*,#418,.T.);
#418 = EDGE_CURVE('',#393,#419,#421,.T.);
#419 = VERTEX_POINT('',#420);
#420 = CARTESIAN_POINT('',(4.48788757529,-0.970375376088,10.831900900586
    ));
#421 = SURFACE_CURVE('',#422,(#427,#435),.PCURVE_S1.);
#422 = B_SPLINE_CURVE_WITH_KNOTS('',3,(#423,#424,#425,#426),
  .UNSPECIFIED.,.F.,.F.,(4,4),(0.,1.),.PIECEWISE_BEZIER_KNOTS.);
#423 = CARTESIAN_POINT('',(2.68788757529,-0.970375376088,10.831900900586
    ));
#424 = CARTESIAN_POINT('',(3.28788757529,-0.970325376088,10.831900900586
    ));
#425 = CARTESIAN_POINT('',(3.88788757529,-0.970325376088,10.831900900586
    ));
#426 = CARTESIAN_POINT('',(4.48788757529,-0.970375376088,10.831900900586
    ));
#427 = PCURVE('',#33,#428);
#428 = DEFINITIONAL_REPRESENTATION('',(#429),#434);
#429 = B_SPLINE_CURVE_WITH_KNOTS('',3,(#430,#431,#432,#433),
  .UNSPECIFIED.,.F.,.F.,(4,4),(0.,1.),.PIECEWISE_BEZIER_KNOTS.);
#430 = CARTESIAN_POINT('',(-13.35,8.8));
#431 = CARTESIAN_POINT('',(-13.95,8.8));
#432 = CARTESIAN_POINT('',(-14.55,8.8));
#433 = CARTESIAN_POINT('',(-15.15,8.8));
#434 = ( GEOMETRIC_REPRESENTATION_CONTEXT(2) 
PARAMETRIC_REPRESENTATION_CONTEXT() REPRESENTATION_CONTEXT('2D SPACE',''
  ) );
#435 = PCURVE('',#379,#436);
#436 = DEFINITIONAL_REPRESENTATION('',(#437),#442);
#437 = B_SPLINE_CURVE_WITH_KNOTS('',3,(#438,#439,#440,#441),
  .UNSPECIFIED.,.F.,.F.,(4,4),(0.,1.),.PIECEWISE_BEZIER_KNOTS.);
#438 = CARTESIAN_POINT('',(13.35,8.8));
#439 = CARTESIAN_POINT('',(13.95,8.8));
#440 = CARTESIAN_POINT('',(14.55,8.8));
#441 = CARTESIAN_POINT('',(15.15,8.8));
#442 = ( GEOMETRIC_REPRESENTATION_CONTEXT(2) 
PARAMETRIC_REPRESENTATION_CONTEXT() REPRESENTATION_CONTEXT('2D SPACE',''
  ) );
#443 = ORIENTED_EDGE('',*,*,#444,.T.);
#444 = EDGE_CURVE('',#419,#360,#445,.T.);
#445 = SURFACE_CURVE('',#446,(#451,#459),.PCURVE_S1.);
#446 = B_SPLINE_CURVE_WITH_KNOTS('',3,(#447,#448,#449,#450),
  .UNSPECIFIED.,.F.,.F.,(4,4),(0.,1.),.PIECEWISE_BEZIER_KNOTS.);
#447 = CARTESIAN_POINT('',(4.48788757529,-0.970375376088,10.831900900586
    ));
#448 = CARTESIAN_POINT('',(4.48788757529,-0.970325376088,10.331900900586
    ));
#449 = CARTESIAN_POINT('',(4.48788757529,-0.970325376088,9.831900900586)
  );
#450 = CARTESIAN_POINT('',(4.48788757529,-0.970375376088,9.331900900586)
  );
#451 = PCURVE('',#33,#452);
#452 = DEFINITIONAL_REPRESENTATION('',(#453),#458);
#453 = B_SPLINE_CURVE_WITH_KNOTS('',3,(#454,#455,#456,#457),
  .UNSPECIFIED.,.F.,.F.,(4,4),(0.,1.),.PIECEWISE_BEZIER_KNOTS.);
#454 = CARTESIAN_POINT('',(-15.15,8.8));
#455 = CARTESIAN_POINT('',(-15.15,9.3));
#456 = CARTESIAN_POINT('',(-15.15,9.8));
#457 = CARTESIAN_POINT('',(-15.15,10.3));
#458 = ( GEOMETRIC_REPRESENTATION_CONTEXT(2) 
PARAMETRIC_REPRESENTATION_CONTEXT() REPRESENTATION_CONTEXT('2D SPACE',''
  ) );
#459 = PCURVE('',#379,#460);
#460 = DEFINITIONAL_REPRESENTATION('',(#461),#466);
#461 = B_SPLINE_CURVE_WITH_KNOTS('',3,(#462,#463,#464,#465),
  .UNSPECIFIED.,.F.,.F.,(4,4),(0.,1.),.PIECEWISE_BEZIER_KNOTS.);
#462 = CARTESIAN_POINT('',(15.15,8.8));
#463 = CARTESIAN_POINT('',(15.15,9.3));
#464 = CARTESIAN_POINT('',(15.15,9.8));
#465 = CARTESIAN_POINT('',(15.15,10.3));
#466 = ( GEOMETRIC_REPRESENTATION_CONTEXT(2) 
PARAMETRIC_REPRESENTATION_CONTEXT() REPRESENTATION_CONTEXT('2D SPACE',''
  ) );
#467 = FACE_BOUND('',#468,.T.);
#468 = EDGE_LOOP('',(#469,#502,#528,#554));
#469 = ORIENTED_EDGE('',*,*,#470,.T.);
#470 = EDGE_CURVE('',#471,#473,#475,.T.);
#471 = VERTEX_POINT('',#472);
#472 = CARTESIAN_POINT('',(4.48788757529,-0.970375376088,13.131900900586
    ));
#473 = VERTEX_POINT('',#474);
#474 = CARTESIAN_POINT('',(2.68788757529,-0.970375376088,13.131900900586
    ));
#475 = SURFACE_CURVE('',#476,(#481,#489),.PCURVE_S1.);
#476 = B_SPLINE_CURVE_WITH_KNOTS('',3,(#477,#478,#479,#480),
  .UNSPECIFIED.,.F.,.F.,(4,4),(0.,1.),.PIECEWISE_BEZIER_KNOTS.);
#477 = CARTESIAN_POINT('',(4.48788757529,-0.970375376088,13.131900900586
    ));
#478 = CARTESIAN_POINT('',(3.88788757529,-0.970325376088,13.131900900586
    ));
#479 = CARTESIAN_POINT('',(3.28788757529,-0.970325376088,13.131900900586
    ));
#480 = CARTESIAN_POINT('',(2.68788757529,-0.970375376088,13.131900900586
    ));
#481 = PCURVE('',#33,#482);
#482 = DEFINITIONAL_REPRESENTATION('',(#483),#488);
#483 = B_SPLINE_CURVE_WITH_KNOTS('',3,(#484,#485,#486,#487),
  .UNSPECIFIED.,.F.,.F.,(4,4),(0.,1.),.PIECEWISE_BEZIER_KNOTS.);
#484 = CARTESIAN_POINT('',(-15.15,6.5));
#485 = CARTESIAN_POINT('',(-14.55,6.5));
#486 = CARTESIAN_POINT('',(-13.95,6.5));
#487 = CARTESIAN_POINT('',(-13.35,6.5));
#488 = ( GEOMETRIC_REPRESENTATION_CONTEXT(2) 
PARAMETRIC_REPRESENTATION_CONTEXT() REPRESENTATION_CONTEXT('2D SPACE',''
  ) );
#489 = PCURVE('',#490,#495);
#490 = PLANE('',#491);
#491 = AXIS2_PLACEMENT_3D('',#492,#493,#494);
#492 = CARTESIAN_POINT('',(-10.66211242471,-0.970425376088,
    19.631900900586));
#493 = DIRECTION('',(0.,1.,1.224646799147E-16));
#494 = DIRECTION('',(1.,0.,0.));
#495 = DEFINITIONAL_REPRESENTATION('',(#496),#501);
#496 = B_SPLINE_CURVE_WITH_KNOTS('',3,(#497,#498,#499,#500),
  .UNSPECIFIED.,.F.,.F.,(4,4),(0.,1.),.PIECEWISE_BEZIER_KNOTS.);
#497 = CARTESIAN_POINT('',(15.15,6.5));
#498 = CARTESIAN_POINT('',(14.55,6.5));
#499 = CARTESIAN_POINT('',(13.95,6.5));
#500 = CARTESIAN_POINT('',(13.35,6.5));
#501 = ( GEOMETRIC_REPRESENTATION_CONTEXT(2) 
PARAMETRIC_REPRESENTATION_CONTEXT() REPRESENTATION_CONTEXT('2D SPACE',''
  ) );
#502 = ORIENTED_EDGE('',*,*,#503,.T.);
#503 = EDGE_CURVE('',#473,#504,#506,.T.);
#504 = VERTEX_POINT('',#505);
#505 = CARTESIAN_POINT('',(2.68788757529,-0.970375376088,14.631900900586
    ));
#506 = SURFACE_CURVE('',#507,(#512,#520),.PCURVE_S1.);
#507 = B_SPLINE_CURVE_WITH_KNOTS('',3,(#508,#509,#510,#511),
  .UNSPECIFIED.,.F.,.F.,(4,4),(0.,1.),.PIECEWISE_BEZIER_KNOTS.);
#508 = CARTESIAN_POINT('',(2.68788757529,-0.970375376088,13.131900900586
    ));
#509 = CARTESIAN_POINT('',(2.68788757529,-0.970325376088,13.631900900586
    ));
#510 = CARTESIAN_POINT('',(2.68788757529,-0.970325376088,14.131900900586
    ));
#511 = CARTESIAN_POINT('',(2.68788757529,-0.970375376088,14.631900900586
    ));
#512 = PCURVE('',#33,#513);
#513 = DEFINITIONAL_REPRESENTATION('',(#514),#519);
#514 = B_SPLINE_CURVE_WITH_KNOTS('',3,(#515,#516,#517,#518),
  .UNSPECIFIED.,.F.,.F.,(4,4),(0.,1.),.PIECEWISE_BEZIER_KNOTS.);
#515 = CARTESIAN_POINT('',(-13.35,6.5));
#516 = CARTESIAN_POINT('',(-13.35,6.));
#517 = CARTESIAN_POINT('',(-13.35,5.5));
#518 = CARTESIAN_POINT('',(-13.35,5.));
#519 = ( GEOMETRIC_REPRESENTATION_CONTEXT(2) 
PARAMETRIC_REPRESENTATION_CONTEXT() REPRESENTATION_CONTEXT('2D SPACE',''
  ) );
#520 = PCURVE('',#490,#521);
#521 = DEFINITIONAL_REPRESENTATION('',(#522),#527);
#522 = B_SPLINE_CURVE_WITH_KNOTS('',3,(#523,#524,#525,#526),
  .UNSPECIFIED.,.F.,.F.,(4,4),(0.,1.),.PIECEWISE_BEZIER_KNOTS.);
#523 = CARTESIAN_POINT('',(13.35,6.5));
#524 = CARTESIAN_POINT('',(13.35,6.));
#525 = CARTESIAN_POINT('',(13.35,5.5));
#526 = CARTESIAN_POINT('',(13.35,5.));
#527 = ( GEOMETRIC_REPRESENTATION_CONTEXT(2) 
PARAMETRIC_REPRESENTATION_CONTEXT() REPRESENTATION_CONTEXT('2D SPACE',''
  ) );
#528 = ORIENTED_EDGE('',*,*,#529,.T.);
#529 = EDGE_CURVE('',#504,#530,#532,.T.);
#530 = VERTEX_POINT('',#531);
#531 = CARTESIAN_POINT('',(4.48788757529,-0.970375376088,14.631900900586
    ));
#532 = SURFACE_CURVE('',#533,(#538,#546),.PCURVE_S1.);
#533 = B_SPLINE_CURVE_WITH_KNOTS('',3,(#534,#535,#536,#537),
  .UNSPECIFIED.,.F.,.F.,(4,4),(0.,1.),.PIECEWISE_BEZIER_KNOTS.);
#534 = CARTESIAN_POINT('',(2.68788757529,-0.970375376088,14.631900900586
    ));
#535 = CARTESIAN_POINT('',(3.28788757529,-0.970325376088,14.631900900586
    ));
#536 = CARTESIAN_POINT('',(3.88788757529,-0.970325376088,14.631900900586
    ));
#537 = CARTESIAN_POINT('',(4.48788757529,-0.970375376088,14.631900900586
    ));
#538 = PCURVE('',#33,#539);
#539 = DEFINITIONAL_REPRESENTATION('',(#540),#545);
#540 = B_SPLINE_CURVE_WITH_KNOTS('',3,(#541,#542,#543,#544),
  .UNSPECIFIED.,.F.,.F.,(4,4),(0.,1.),.PIECEWISE_BEZIER_KNOTS.);
#541 = CARTESIAN_POINT('',(-13.35,5.));
#542 = CARTESIAN_POINT('',(-13.95,5.));
#543 = CARTESIAN_POINT('',(-14.55,5.));
#544 = CARTESIAN_POINT('',(-15.15,5.));
#545 = ( GEOMETRIC_REPRESENTATION_CONTEXT(2) 
PARAMETRIC_REPRESENTATION_CONTEXT() REPRESENTATION_CONTEXT('2D SPACE',''
  ) );
#546 = PCURVE('',#490,#547);
#547 = DEFINITIONAL_REPRESENTATION('',(#548),#553);
#548 = B_SPLINE_CURVE_WITH_KNOTS('',3,(#549,#550,#551,#552),
  .UNSPECIFIED.,.F.,.F.,(4,4),(0.,1.),.PIECEWISE_BEZIER_KNOTS.);
#549 = CARTESIAN_POINT('',(13.35,5.));
#550 = CARTESIAN_POINT('',(13.95,5.));
#551 = CARTESIAN_POINT('',(14.55,5.));
#552 = CARTESIAN_POINT('',(15.15,5.));
#553 = ( GEOMETRIC_REPRESENTATION_CONTEXT(2) 
PARAMETRIC_REPRESENTATION_CONTEXT() REPRESENTATION_CONTEXT('2D SPACE',''
  ) );
#554 = ORIENTED_EDGE('',*,*,#555,.T.);
#555 = EDGE_CURVE('',#530,#471,#556,.T.);
#556 = SURFACE_CURVE('',#557,(#562,#570),.PCURVE_S1.);
#557 = B_SPLINE_CURVE_WITH_KNOTS('',3,(#558,#559,#560,#561),
  .UNSPECIFIED.,.F.,.F.,(4,4),(0.,1.),.PIECEWISE_BEZIER_KNOTS.);
#558 = CARTESIAN_POINT('',(4.48788757529,-0.970375376088,14.631900900586
    ));
#559 = CARTESIAN_POINT('',(4.48788757529,-0.970325376088,14.131900900586
    ));
#560 = CARTESIAN_POINT('',(4.48788757529,-0.970325376088,13.631900900586
    ));
#561 = CARTESIAN_POINT('',(4.48788757529,-0.970375376088,13.131900900586
    ));
#562 = PCURVE('',#33,#563);
#563 = DEFINITIONAL_REPRESENTATION('',(#564),#569);
#564 = B_SPLINE_CURVE_WITH_KNOTS('',3,(#565,#566,#567,#568),
  .UNSPECIFIED.,.F.,.F.,(4,4),(0.,1.),.PIECEWISE_BEZIER_KNOTS.);
#565 = CARTESIAN_POINT('',(-15.15,5.));
#566 = CARTESIAN_POINT('',(-15.15,5.5));
#567 = CARTESIAN_POINT('',(-15.15,6.));
#568 = CARTESIAN_POINT('',(-15.15,6.5));
#569 = ( GEOMETRIC_REPRESENTATION_CONTEXT(2) 
PARAMETRIC_REPRESENTATION_CONTEXT() REPRESENTATION_CONTEXT('2D SPACE',''
  ) );
#570 = PCURVE('',#490,#571);
#571 = DEFINITIONAL_REPRESENTATION('',(#572),#577);
#572 = B_SPLINE_CURVE_WITH_KNOTS('',3,(#573,#574,#575,#576),
  .UNSPECIFIED.,.F.,.F.,(4,4),(0.,1.),.PIECEWISE_BEZIER_KNOTS.);
#573 = CARTESIAN_POINT('',(15.15,5.));
#574 = CARTESIAN_POINT('',(15.15,5.5));
#575 = CARTESIAN_POINT('',(15.15,6.));
#576 = CARTESIAN_POINT('',(15.15,6.5));
#577 = ( GEOMETRIC_REPRESENTATION_CONTEXT(2) 
PARAMETRIC_REPRESENTATION_CONTEXT() REPRESENTATION_CONTEXT('2D SPACE',''
  ) );
#578 = FACE_BOUND('',#579,.T.);
#579 = EDGE_LOOP('',(#580,#613,#639,#665));
#580 = ORIENTED_EDGE('',*,*,#581,.T.);
#581 = EDGE_CURVE('',#582,#584,#586,.T.);
#582 = VERTEX_POINT('',#583);
#583 = CARTESIAN_POINT('',(1.53788757529,-0.970375376088,19.481900900586
    ));
#584 = VERTEX_POINT('',#585);
#585 = CARTESIAN_POINT('',(1.53788757529,-0.970375376088,17.681900900586
    ));
#586 = SURFACE_CURVE('',#587,(#592,#600),.PCURVE_S1.);
#587 = B_SPLINE_CURVE_WITH_KNOTS('',3,(#588,#589,#590,#591),
  .UNSPECIFIED.,.F.,.F.,(4,4),(0.,1.),.PIECEWISE_BEZIER_KNOTS.);
#588 = CARTESIAN_POINT('',(1.53788757529,-0.970375376088,19.481900900586
    ));
#589 = CARTESIAN_POINT('',(1.53788757529,-0.970325376088,18.881900900586
    ));
#590 = CARTESIAN_POINT('',(1.53788757529,-0.970325376088,18.281900900586
    ));
#591 = CARTESIAN_POINT('',(1.53788757529,-0.970375376088,17.681900900586
    ));
#592 = PCURVE('',#33,#593);
#593 = DEFINITIONAL_REPRESENTATION('',(#594),#599);
#594 = B_SPLINE_CURVE_WITH_KNOTS('',3,(#595,#596,#597,#598),
  .UNSPECIFIED.,.F.,.F.,(4,4),(0.,1.),.PIECEWISE_BEZIER_KNOTS.);
#595 = CARTESIAN_POINT('',(-12.2,0.15));
#596 = CARTESIAN_POINT('',(-12.2,0.75));
#597 = CARTESIAN_POINT('',(-12.2,1.35));
#598 = CARTESIAN_POINT('',(-12.2,1.95));
#599 = ( GEOMETRIC_REPRESENTATION_CONTEXT(2) 
PARAMETRIC_REPRESENTATION_CONTEXT() REPRESENTATION_CONTEXT('2D SPACE',''
  ) );
#600 = PCURVE('',#601,#606);
#601 = PLANE('',#602);
#602 = AXIS2_PLACEMENT_3D('',#603,#604,#605);
#603 = CARTESIAN_POINT('',(-10.66211242471,-0.970425376088,
    19.631900900586));
#604 = DIRECTION('',(0.,1.,1.224646799147E-16));
#605 = DIRECTION('',(1.,0.,0.));
#606 = DEFINITIONAL_REPRESENTATION('',(#607),#612);
#607 = B_SPLINE_CURVE_WITH_KNOTS('',3,(#608,#609,#610,#611),
  .UNSPECIFIED.,.F.,.F.,(4,4),(0.,1.),.PIECEWISE_BEZIER_KNOTS.);
#608 = CARTESIAN_POINT('',(12.2,0.15));
#609 = CARTESIAN_POINT('',(12.2,0.75));
#610 = CARTESIAN_POINT('',(12.2,1.35));
#611 = CARTESIAN_POINT('',(12.2,1.95));
#612 = ( GEOMETRIC_REPRESENTATION_CONTEXT(2) 
PARAMETRIC_REPRESENTATION_CONTEXT() REPRESENTATION_CONTEXT('2D SPACE',''
  ) );
#613 = ORIENTED_EDGE('',*,*,#614,.T.);
#614 = EDGE_CURVE('',#584,#615,#617,.T.);
#615 = VERTEX_POINT('',#616);
#616 = CARTESIAN_POINT('',(3.788757528951E-02,-0.970375376088,
    17.681900900586));
#617 = SURFACE_CURVE('',#618,(#623,#631),.PCURVE_S1.);
#618 = B_SPLINE_CURVE_WITH_KNOTS('',3,(#619,#620,#621,#622),
  .UNSPECIFIED.,.F.,.F.,(4,4),(0.,1.),.PIECEWISE_BEZIER_KNOTS.);
#619 = CARTESIAN_POINT('',(1.53788757529,-0.970375376088,17.681900900586
    ));
#620 = CARTESIAN_POINT('',(1.03788757529,-0.970325376088,17.681900900586
    ));
#621 = CARTESIAN_POINT('',(0.53788757529,-0.970325376088,17.681900900586
    ));
#622 = CARTESIAN_POINT('',(3.788757528951E-02,-0.970375376088,
    17.681900900586));
#623 = PCURVE('',#33,#624);
#624 = DEFINITIONAL_REPRESENTATION('',(#625),#630);
#625 = B_SPLINE_CURVE_WITH_KNOTS('',3,(#626,#627,#628,#629),
  .UNSPECIFIED.,.F.,.F.,(4,4),(0.,1.),.PIECEWISE_BEZIER_KNOTS.);
#626 = CARTESIAN_POINT('',(-12.2,1.95));
#627 = CARTESIAN_POINT('',(-11.7,1.95));
#628 = CARTESIAN_POINT('',(-11.2,1.95));
#629 = CARTESIAN_POINT('',(-10.7,1.95));
#630 = ( GEOMETRIC_REPRESENTATION_CONTEXT(2) 
PARAMETRIC_REPRESENTATION_CONTEXT() REPRESENTATION_CONTEXT('2D SPACE',''
  ) );
#631 = PCURVE('',#601,#632);
#632 = DEFINITIONAL_REPRESENTATION('',(#633),#638);
#633 = B_SPLINE_CURVE_WITH_KNOTS('',3,(#634,#635,#636,#637),
  .UNSPECIFIED.,.F.,.F.,(4,4),(0.,1.),.PIECEWISE_BEZIER_KNOTS.);
#634 = CARTESIAN_POINT('',(12.2,1.95));
#635 = CARTESIAN_POINT('',(11.7,1.95));
#636 = CARTESIAN_POINT('',(11.2,1.95));
#637 = CARTESIAN_POINT('',(10.7,1.95));
#638 = ( GEOMETRIC_REPRESENTATION_CONTEXT(2) 
PARAMETRIC_REPRESENTATION_CONTEXT() REPRESENTATION_CONTEXT('2D SPACE',''
  ) );
#639 = ORIENTED_EDGE('',*,*,#640,.T.);
#640 = EDGE_CURVE('',#615,#641,#643,.T.);
#641 = VERTEX_POINT('',#642);
#642 = CARTESIAN_POINT('',(3.788757528951E-02,-0.970375376088,
    19.481900900586));
#643 = SURFACE_CURVE('',#644,(#649,#657),.PCURVE_S1.);
#644 = B_SPLINE_CURVE_WITH_KNOTS('',3,(#645,#646,#647,#648),
  .UNSPECIFIED.,.F.,.F.,(4,4),(0.,1.),.PIECEWISE_BEZIER_KNOTS.);
#645 = CARTESIAN_POINT('',(3.788757528951E-02,-0.970375376088,
    17.681900900586));
#646 = CARTESIAN_POINT('',(3.788757528951E-02,-0.970325376088,
    18.281900900586));
#647 = CARTESIAN_POINT('',(3.788757528951E-02,-0.970325376088,
    18.881900900586));
#648 = CARTESIAN_POINT('',(3.788757528951E-02,-0.970375376088,
    19.481900900586));
#649 = PCURVE('',#33,#650);
#650 = DEFINITIONAL_REPRESENTATION('',(#651),#656);
#651 = B_SPLINE_CURVE_WITH_KNOTS('',3,(#652,#653,#654,#655),
  .UNSPECIFIED.,.F.,.F.,(4,4),(0.,1.),.PIECEWISE_BEZIER_KNOTS.);
#652 = CARTESIAN_POINT('',(-10.7,1.95));
#653 = CARTESIAN_POINT('',(-10.7,1.35));
#654 = CARTESIAN_POINT('',(-10.7,0.75));
#655 = CARTESIAN_POINT('',(-10.7,0.15));
#656 = ( GEOMETRIC_REPRESENTATION_CONTEXT(2) 
PARAMETRIC_REPRESENTATION_CONTEXT() REPRESENTATION_CONTEXT('2D SPACE',''
  ) );
#657 = PCURVE('',#601,#658);
#658 = DEFINITIONAL_REPRESENTATION('',(#659),#664);
#659 = B_SPLINE_CURVE_WITH_KNOTS('',3,(#660,#661,#662,#663),
  .UNSPECIFIED.,.F.,.F.,(4,4),(0.,1.),.PIECEWISE_BEZIER_KNOTS.);
#660 = CARTESIAN_POINT('',(10.7,1.95));
#661 = CARTESIAN_POINT('',(10.7,1.35));
#662 = CARTESIAN_POINT('',(10.7,0.75));
#663 = CARTESIAN_POINT('',(10.7,0.15));
#664 = ( GEOMETRIC_REPRESENTATION_CONTEXT(2) 
PARAMETRIC_REPRESENTATION_CONTEXT() REPRESENTATION_CONTEXT('2D SPACE',''
  ) );
#665 = ORIENTED_EDGE('',*,*,#666,.T.);
#666 = EDGE_CURVE('',#641,#582,#667,.T.);
#667 = SURFACE_CURVE('',#668,(#673,#681),.PCURVE_S1.);
#668 = B_SPLINE_CURVE_WITH_KNOTS('',3,(#669,#670,#671,#672),
  .UNSPECIFIED.,.F.,.F.,(4,4),(0.,1.),.PIECEWISE_BEZIER_KNOTS.);
#669 = CARTESIAN_POINT('',(3.788757528951E-02,-0.970375376088,
    19.481900900586));
#670 = CARTESIAN_POINT('',(0.53788757529,-0.970325376088,19.481900900586
    ));
#671 = CARTESIAN_POINT('',(1.03788757529,-0.970325376088,19.481900900586
    ));
#672 = CARTESIAN_POINT('',(1.53788757529,-0.970375376088,19.481900900586
    ));
#673 = PCURVE('',#33,#674);
#674 = DEFINITIONAL_REPRESENTATION('',(#675),#680);
#675 = B_SPLINE_CURVE_WITH_KNOTS('',3,(#676,#677,#678,#679),
  .UNSPECIFIED.,.F.,.F.,(4,4),(0.,1.),.PIECEWISE_BEZIER_KNOTS.);
#676 = CARTESIAN_POINT('',(-10.7,0.15));
#677 = CARTESIAN_POINT('',(-11.2,0.15));
#678 = CARTESIAN_POINT('',(-11.7,0.15));
#679 = CARTESIAN_POINT('',(-12.2,0.15));
#680 = ( GEOMETRIC_REPRESENTATION_CONTEXT(2) 
PARAMETRIC_REPRESENTATION_CONTEXT() REPRESENTATION_CONTEXT('2D SPACE',''
  ) );
#681 = PCURVE('',#601,#682);
#682 = DEFINITIONAL_REPRESENTATION('',(#683),#688);
#683 = B_SPLINE_CURVE_WITH_KNOTS('',3,(#684,#685,#686,#687),
  .UNSPECIFIED.,.F.,.F.,(4,4),(0.,1.),.PIECEWISE_BEZIER_KNOTS.);
#684 = CARTESIAN_POINT('',(10.7,0.15));
#685 = CARTESIAN_POINT('',(11.2,0.15));
#686 = CARTESIAN_POINT('',(11.7,0.15));
#687 = CARTESIAN_POINT('',(12.2,0.15));
#688 = ( GEOMETRIC_REPRESENTATION_CONTEXT(2) 
PARAMETRIC_REPRESENTATION_CONTEXT() REPRESENTATION_CONTEXT('2D SPACE',''
  ) );
#689 = FACE_BOUND('',#690,.T.);
#690 = EDGE_LOOP('',(#691,#724,#750,#776));
#691 = ORIENTED_EDGE('',*,*,#692,.T.);
#692 = EDGE_CURVE('',#693,#695,#697,.T.);
#693 = VERTEX_POINT('',#694);
#694 = CARTESIAN_POINT('',(-2.26211242471,-0.970375376088,
    19.481900900586));
#695 = VERTEX_POINT('',#696);
#696 = CARTESIAN_POINT('',(-2.26211242471,-0.970375376088,
    17.681900900586));
#697 = SURFACE_CURVE('',#698,(#703,#711),.PCURVE_S1.);
#698 = B_SPLINE_CURVE_WITH_KNOTS('',3,(#699,#700,#701,#702),
  .UNSPECIFIED.,.F.,.F.,(4,4),(0.,1.),.PIECEWISE_BEZIER_KNOTS.);
#699 = CARTESIAN_POINT('',(-2.26211242471,-0.970375376088,
    19.481900900586));
#700 = CARTESIAN_POINT('',(-2.26211242471,-0.970325376088,
    18.881900900586));
#701 = CARTESIAN_POINT('',(-2.26211242471,-0.970325376088,
    18.281900900586));
#702 = CARTESIAN_POINT('',(-2.26211242471,-0.970375376088,
    17.681900900586));
#703 = PCURVE('',#33,#704);
#704 = DEFINITIONAL_REPRESENTATION('',(#705),#710);
#705 = B_SPLINE_CURVE_WITH_KNOTS('',3,(#706,#707,#708,#709),
  .UNSPECIFIED.,.F.,.F.,(4,4),(0.,1.),.PIECEWISE_BEZIER_KNOTS.);
#706 = CARTESIAN_POINT('',(-8.4,0.15));
#707 = CARTESIAN_POINT('',(-8.4,0.75));
#708 = CARTESIAN_POINT('',(-8.4,1.35));
#709 = CARTESIAN_POINT('',(-8.4,1.95));
#710 = ( GEOMETRIC_REPRESENTATION_CONTEXT(2) 
PARAMETRIC_REPRESENTATION_CONTEXT() REPRESENTATION_CONTEXT('2D SPACE',''
  ) );
#711 = PCURVE('',#712,#717);
#712 = PLANE('',#713);
#713 = AXIS2_PLACEMENT_3D('',#714,#715,#716);
#714 = CARTESIAN_POINT('',(-10.66211242471,-0.970425376088,
    19.631900900586));
#715 = DIRECTION('',(0.,1.,1.224646799147E-16));
#716 = DIRECTION('',(1.,0.,0.));
#717 = DEFINITIONAL_REPRESENTATION('',(#718),#723);
#718 = B_SPLINE_CURVE_WITH_KNOTS('',3,(#719,#720,#721,#722),
  .UNSPECIFIED.,.F.,.F.,(4,4),(0.,1.),.PIECEWISE_BEZIER_KNOTS.);
#719 = CARTESIAN_POINT('',(8.4,0.15));
#720 = CARTESIAN_POINT('',(8.4,0.75));
#721 = CARTESIAN_POINT('',(8.4,1.35));
#722 = CARTESIAN_POINT('',(8.4,1.95));
#723 = ( GEOMETRIC_REPRESENTATION_CONTEXT(2) 
PARAMETRIC_REPRESENTATION_CONTEXT() REPRESENTATION_CONTEXT('2D SPACE',''
  ) );
#724 = ORIENTED_EDGE('',*,*,#725,.T.);
#725 = EDGE_CURVE('',#695,#726,#728,.T.);
#726 = VERTEX_POINT('',#727);
#727 = CARTESIAN_POINT('',(-3.76211242471,-0.970375376088,
    17.681900900586));
#728 = SURFACE_CURVE('',#729,(#734,#742),.PCURVE_S1.);
#729 = B_SPLINE_CURVE_WITH_KNOTS('',3,(#730,#731,#732,#733),
  .UNSPECIFIED.,.F.,.F.,(4,4),(0.,1.),.PIECEWISE_BEZIER_KNOTS.);
#730 = CARTESIAN_POINT('',(-2.26211242471,-0.970375376088,
    17.681900900586));
#731 = CARTESIAN_POINT('',(-2.76211242471,-0.970325376088,
    17.681900900586));
#732 = CARTESIAN_POINT('',(-3.26211242471,-0.970325376088,
    17.681900900586));
#733 = CARTESIAN_POINT('',(-3.76211242471,-0.970375376088,
    17.681900900586));
#734 = PCURVE('',#33,#735);
#735 = DEFINITIONAL_REPRESENTATION('',(#736),#741);
#736 = B_SPLINE_CURVE_WITH_KNOTS('',3,(#737,#738,#739,#740),
  .UNSPECIFIED.,.F.,.F.,(4,4),(0.,1.),.PIECEWISE_BEZIER_KNOTS.);
#737 = CARTESIAN_POINT('',(-8.4,1.95));
#738 = CARTESIAN_POINT('',(-7.9,1.95));
#739 = CARTESIAN_POINT('',(-7.4,1.95));
#740 = CARTESIAN_POINT('',(-6.9,1.95));
#741 = ( GEOMETRIC_REPRESENTATION_CONTEXT(2) 
PARAMETRIC_REPRESENTATION_CONTEXT() REPRESENTATION_CONTEXT('2D SPACE',''
  ) );
#742 = PCURVE('',#712,#743);
#743 = DEFINITIONAL_REPRESENTATION('',(#744),#749);
#744 = B_SPLINE_CURVE_WITH_KNOTS('',3,(#745,#746,#747,#748),
  .UNSPECIFIED.,.F.,.F.,(4,4),(0.,1.),.PIECEWISE_BEZIER_KNOTS.);
#745 = CARTESIAN_POINT('',(8.4,1.95));
#746 = CARTESIAN_POINT('',(7.9,1.95));
#747 = CARTESIAN_POINT('',(7.4,1.95));
#748 = CARTESIAN_POINT('',(6.9,1.95));
#749 = ( GEOMETRIC_REPRESENTATION_CONTEXT(2) 
PARAMETRIC_REPRESENTATION_CONTEXT() REPRESENTATION_CONTEXT('2D SPACE',''
  ) );
#750 = ORIENTED_EDGE('',*,*,#751,.T.);
#751 = EDGE_CURVE('',#726,#752,#754,.T.);
#752 = VERTEX_POINT('',#753);
#753 = CARTESIAN_POINT('',(-3.76211242471,-0.970375376088,
    19.481900900586));
#754 = SURFACE_CURVE('',#755,(#760,#768),.PCURVE_S1.);
#755 = B_SPLINE_CURVE_WITH_KNOTS('',3,(#756,#757,#758,#759),
  .UNSPECIFIED.,.F.,.F.,(4,4),(0.,1.),.PIECEWISE_BEZIER_KNOTS.);
#756 = CARTESIAN_POINT('',(-3.76211242471,-0.970375376088,
    17.681900900586));
#757 = CARTESIAN_POINT('',(-3.76211242471,-0.970325376088,
    18.281900900586));
#758 = CARTESIAN_POINT('',(-3.76211242471,-0.970325376088,
    18.881900900586));
#759 = CARTESIAN_POINT('',(-3.76211242471,-0.970375376088,
    19.481900900586));
#760 = PCURVE('',#33,#761);
#761 = DEFINITIONAL_REPRESENTATION('',(#762),#767);
#762 = B_SPLINE_CURVE_WITH_KNOTS('',3,(#763,#764,#765,#766),
  .UNSPECIFIED.,.F.,.F.,(4,4),(0.,1.),.PIECEWISE_BEZIER_KNOTS.);
#763 = CARTESIAN_POINT('',(-6.9,1.95));
#764 = CARTESIAN_POINT('',(-6.9,1.35));
#765 = CARTESIAN_POINT('',(-6.9,0.75));
#766 = CARTESIAN_POINT('',(-6.9,0.15));
#767 = ( GEOMETRIC_REPRESENTATION_CONTEXT(2) 
PARAMETRIC_REPRESENTATION_CONTEXT() REPRESENTATION_CONTEXT('2D SPACE',''
  ) );
#768 = PCURVE('',#712,#769);
#769 = DEFINITIONAL_REPRESENTATION('',(#770),#775);
#770 = B_SPLINE_CURVE_WITH_KNOTS('',3,(#771,#772,#773,#774),
  .UNSPECIFIED.,.F.,.F.,(4,4),(0.,1.),.PIECEWISE_BEZIER_KNOTS.);
#771 = CARTESIAN_POINT('',(6.9,1.95));
#772 = CARTESIAN_POINT('',(6.9,1.35));
#773 = CARTESIAN_POINT('',(6.9,0.75));
#774 = CARTESIAN_POINT('',(6.9,0.15));
#775 = ( GEOMETRIC_REPRESENTATION_CONTEXT(2) 
PARAMETRIC_REPRESENTATION_CONTEXT() REPRESENTATION_CONTEXT('2D SPACE',''
  ) );
#776 = ORIENTED_EDGE('',*,*,#777,.T.);
#777 = EDGE_CURVE('',#752,#693,#778,.T.);
#778 = SURFACE_CURVE('',#779,(#784,#792),.PCURVE_S1.);
#779 = B_SPLINE_CURVE_WITH_KNOTS('',3,(#780,#781,#782,#783),
  .UNSPECIFIED.,.F.,.F.,(4,4),(0.,1.),.PIECEWISE_BEZIER_KNOTS.);
#780 = CARTESIAN_POINT('',(-3.76211242471,-0.970375376088,
    19.481900900586));
#781 = CARTESIAN_POINT('',(-3.26211242471,-0.970325376088,
    19.481900900586));
#782 = CARTESIAN_POINT('',(-2.76211242471,-0.970325376088,
    19.481900900586));
#783 = CARTESIAN_POINT('',(-2.26211242471,-0.970375376088,
    19.481900900586));
#784 = PCURVE('',#33,#785);
#785 = DEFINITIONAL_REPRESENTATION('',(#786),#791);
#786 = B_SPLINE_CURVE_WITH_KNOTS('',3,(#787,#788,#789,#790),
  .UNSPECIFIED.,.F.,.F.,(4,4),(0.,1.),.PIECEWISE_BEZIER_KNOTS.);
#787 = CARTESIAN_POINT('',(-6.9,0.15));
#788 = CARTESIAN_POINT('',(-7.4,0.15));
#789 = CARTESIAN_POINT('',(-7.9,0.15));
#790 = CARTESIAN_POINT('',(-8.4,0.15));
#791 = ( GEOMETRIC_REPRESENTATION_CONTEXT(2) 
PARAMETRIC_REPRESENTATION_CONTEXT() REPRESENTATION_CONTEXT('2D SPACE',''
  ) );
#792 = PCURVE('',#712,#793);
#793 = DEFINITIONAL_REPRESENTATION('',(#794),#799);
#794 = B_SPLINE_CURVE_WITH_KNOTS('',3,(#795,#796,#797,#798),
  .UNSPECIFIED.,.F.,.F.,(4,4),(0.,1.),.PIECEWISE_BEZIER_KNOTS.);
#795 = CARTESIAN_POINT('',(6.9,0.15));
#796 = CARTESIAN_POINT('',(7.4,0.15));
#797 = CARTESIAN_POINT('',(7.9,0.15));
#798 = CARTESIAN_POINT('',(8.4,0.15));
#799 = ( GEOMETRIC_REPRESENTATION_CONTEXT(2) 
PARAMETRIC_REPRESENTATION_CONTEXT() REPRESENTATION_CONTEXT('2D SPACE',''
  ) );
#800 = FACE_BOUND('',#801,.T.);
#801 = EDGE_LOOP('',(#802,#835,#861,#887));
#802 = ORIENTED_EDGE('',*,*,#803,.T.);
#803 = EDGE_CURVE('',#804,#806,#808,.T.);
#804 = VERTEX_POINT('',#805);
#805 = CARTESIAN_POINT('',(-6.06211242471,-0.970375376088,
    19.481900900586));
#806 = VERTEX_POINT('',#807);
#807 = CARTESIAN_POINT('',(-6.06211242471,-0.970375376088,
    17.681900900586));
#808 = SURFACE_CURVE('',#809,(#814,#822),.PCURVE_S1.);
#809 = B_SPLINE_CURVE_WITH_KNOTS('',3,(#810,#811,#812,#813),
  .UNSPECIFIED.,.F.,.F.,(4,4),(0.,1.),.PIECEWISE_BEZIER_KNOTS.);
#810 = CARTESIAN_POINT('',(-6.06211242471,-0.970375376088,
    19.481900900586));
#811 = CARTESIAN_POINT('',(-6.06211242471,-0.970325376088,
    18.881900900586));
#812 = CARTESIAN_POINT('',(-6.06211242471,-0.970325376088,
    18.281900900586));
#813 = CARTESIAN_POINT('',(-6.06211242471,-0.970375376088,
    17.681900900586));
#814 = PCURVE('',#33,#815);
#815 = DEFINITIONAL_REPRESENTATION('',(#816),#821);
#816 = B_SPLINE_CURVE_WITH_KNOTS('',3,(#817,#818,#819,#820),
  .UNSPECIFIED.,.F.,.F.,(4,4),(0.,1.),.PIECEWISE_BEZIER_KNOTS.);
#817 = CARTESIAN_POINT('',(-4.6,0.15));
#818 = CARTESIAN_POINT('',(-4.6,0.75));
#819 = CARTESIAN_POINT('',(-4.6,1.35));
#820 = CARTESIAN_POINT('',(-4.6,1.95));
#821 = ( GEOMETRIC_REPRESENTATION_CONTEXT(2) 
PARAMETRIC_REPRESENTATION_CONTEXT() REPRESENTATION_CONTEXT('2D SPACE',''
  ) );
#822 = PCURVE('',#823,#828);
#823 = PLANE('',#824);
#824 = AXIS2_PLACEMENT_3D('',#825,#826,#827);
#825 = CARTESIAN_POINT('',(-10.66211242471,-0.970425376088,
    19.631900900586));
#826 = DIRECTION('',(0.,1.,1.224646799147E-16));
#827 = DIRECTION('',(1.,0.,0.));
#828 = DEFINITIONAL_REPRESENTATION('',(#829),#834);
#829 = B_SPLINE_CURVE_WITH_KNOTS('',3,(#830,#831,#832,#833),
  .UNSPECIFIED.,.F.,.F.,(4,4),(0.,1.),.PIECEWISE_BEZIER_KNOTS.);
#830 = CARTESIAN_POINT('',(4.6,0.15));
#831 = CARTESIAN_POINT('',(4.6,0.75));
#832 = CARTESIAN_POINT('',(4.6,1.35));
#833 = CARTESIAN_POINT('',(4.6,1.95));
#834 = ( GEOMETRIC_REPRESENTATION_CONTEXT(2) 
PARAMETRIC_REPRESENTATION_CONTEXT() REPRESENTATION_CONTEXT('2D SPACE',''
  ) );
#835 = ORIENTED_EDGE('',*,*,#836,.T.);
#836 = EDGE_CURVE('',#806,#837,#839,.T.);
#837 = VERTEX_POINT('',#838);
#838 = CARTESIAN_POINT('',(-7.56211242471,-0.970375376088,
    17.681900900586));
#839 = SURFACE_CURVE('',#840,(#845,#853),.PCURVE_S1.);
#840 = B_SPLINE_CURVE_WITH_KNOTS('',3,(#841,#842,#843,#844),
  .UNSPECIFIED.,.F.,.F.,(4,4),(0.,1.),.PIECEWISE_BEZIER_KNOTS.);
#841 = CARTESIAN_POINT('',(-6.06211242471,-0.970375376088,
    17.681900900586));
#842 = CARTESIAN_POINT('',(-6.56211242471,-0.970325376088,
    17.681900900586));
#843 = CARTESIAN_POINT('',(-7.06211242471,-0.970325376088,
    17.681900900586));
#844 = CARTESIAN_POINT('',(-7.56211242471,-0.970375376088,
    17.681900900586));
#845 = PCURVE('',#33,#846);
#846 = DEFINITIONAL_REPRESENTATION('',(#847),#852);
#847 = B_SPLINE_CURVE_WITH_KNOTS('',3,(#848,#849,#850,#851),
  .UNSPECIFIED.,.F.,.F.,(4,4),(0.,1.),.PIECEWISE_BEZIER_KNOTS.);
#848 = CARTESIAN_POINT('',(-4.6,1.95));
#849 = CARTESIAN_POINT('',(-4.1,1.95));
#850 = CARTESIAN_POINT('',(-3.6,1.95));
#851 = CARTESIAN_POINT('',(-3.1,1.95));
#852 = ( GEOMETRIC_REPRESENTATION_CONTEXT(2) 
PARAMETRIC_REPRESENTATION_CONTEXT() REPRESENTATION_CONTEXT('2D SPACE',''
  ) );
#853 = PCURVE('',#823,#854);
#854 = DEFINITIONAL_REPRESENTATION('',(#855),#860);
#855 = B_SPLINE_CURVE_WITH_KNOTS('',3,(#856,#857,#858,#859),
  .UNSPECIFIED.,.F.,.F.,(4,4),(0.,1.),.PIECEWISE_BEZIER_KNOTS.);
#856 = CARTESIAN_POINT('',(4.6,1.95));
#857 = CARTESIAN_POINT('',(4.1,1.95));
#858 = CARTESIAN_POINT('',(3.6,1.95));
#859 = CARTESIAN_POINT('',(3.1,1.95));
#860 = ( GEOMETRIC_REPRESENTATION_CONTEXT(2) 
PARAMETRIC_REPRESENTATION_CONTEXT() REPRESENTATION_CONTEXT('2D SPACE',''
  ) );
#861 = ORIENTED_EDGE('',*,*,#862,.T.);
#862 = EDGE_CURVE('',#837,#863,#865,.T.);
#863 = VERTEX_POINT('',#864);
#864 = CARTESIAN_POINT('',(-7.56211242471,-0.970375376088,
    19.481900900586));
#865 = SURFACE_CURVE('',#866,(#871,#879),.PCURVE_S1.);
#866 = B_SPLINE_CURVE_WITH_KNOTS('',3,(#867,#868,#869,#870),
  .UNSPECIFIED.,.F.,.F.,(4,4),(0.,1.),.PIECEWISE_BEZIER_KNOTS.);
#867 = CARTESIAN_POINT('',(-7.56211242471,-0.970375376088,
    17.681900900586));
#868 = CARTESIAN_POINT('',(-7.56211242471,-0.970325376088,
    18.281900900586));
#869 = CARTESIAN_POINT('',(-7.56211242471,-0.970325376088,
    18.881900900586));
#870 = CARTESIAN_POINT('',(-7.56211242471,-0.970375376088,
    19.481900900586));
#871 = PCURVE('',#33,#872);
#872 = DEFINITIONAL_REPRESENTATION('',(#873),#878);
#873 = B_SPLINE_CURVE_WITH_KNOTS('',3,(#874,#875,#876,#877),
  .UNSPECIFIED.,.F.,.F.,(4,4),(0.,1.),.PIECEWISE_BEZIER_KNOTS.);
#874 = CARTESIAN_POINT('',(-3.1,1.95));
#875 = CARTESIAN_POINT('',(-3.1,1.35));
#876 = CARTESIAN_POINT('',(-3.1,0.75));
#877 = CARTESIAN_POINT('',(-3.1,0.15));
#878 = ( GEOMETRIC_REPRESENTATION_CONTEXT(2) 
PARAMETRIC_REPRESENTATION_CONTEXT() REPRESENTATION_CONTEXT('2D SPACE',''
  ) );
#879 = PCURVE('',#823,#880);
#880 = DEFINITIONAL_REPRESENTATION('',(#881),#886);
#881 = B_SPLINE_CURVE_WITH_KNOTS('',3,(#882,#883,#884,#885),
  .UNSPECIFIED.,.F.,.F.,(4,4),(0.,1.),.PIECEWISE_BEZIER_KNOTS.);
#882 = CARTESIAN_POINT('',(3.1,1.95));
#883 = CARTESIAN_POINT('',(3.1,1.35));
#884 = CARTESIAN_POINT('',(3.1,0.75));
#885 = CARTESIAN_POINT('',(3.1,0.15));
#886 = ( GEOMETRIC_REPRESENTATION_CONTEXT(2) 
PARAMETRIC_REPRESENTATION_CONTEXT() REPRESENTATION_CONTEXT('2D SPACE',''
  ) );
#887 = ORIENTED_EDGE('',*,*,#888,.T.);
#888 = EDGE_CURVE('',#863,#804,#889,.T.);
#889 = SURFACE_CURVE('',#890,(#895,#903),.PCURVE_S1.);
#890 = B_SPLINE_CURVE_WITH_KNOTS('',3,(#891,#892,#893,#894),
  .UNSPECIFIED.,.F.,.F.,(4,4),(0.,1.),.PIECEWISE_BEZIER_KNOTS.);
#891 = CARTESIAN_POINT('',(-7.56211242471,-0.970375376088,
    19.481900900586));
#892 = CARTESIAN_POINT('',(-7.06211242471,-0.970325376088,
    19.481900900586));
#893 = CARTESIAN_POINT('',(-6.56211242471,-0.970325376088,
    19.481900900586));
#894 = CARTESIAN_POINT('',(-6.06211242471,-0.970375376088,
    19.481900900586));
#895 = PCURVE('',#33,#896);
#896 = DEFINITIONAL_REPRESENTATION('',(#897),#902);
#897 = B_SPLINE_CURVE_WITH_KNOTS('',3,(#898,#899,#900,#901),
  .UNSPECIFIED.,.F.,.F.,(4,4),(0.,1.),.PIECEWISE_BEZIER_KNOTS.);
#898 = CARTESIAN_POINT('',(-3.1,0.15));
#899 = CARTESIAN_POINT('',(-3.6,0.15));
#900 = CARTESIAN_POINT('',(-4.1,0.15));
#901 = CARTESIAN_POINT('',(-4.6,0.15));
#902 = ( GEOMETRIC_REPRESENTATION_CONTEXT(2) 
PARAMETRIC_REPRESENTATION_CONTEXT() REPRESENTATION_CONTEXT('2D SPACE',''
  ) );
#903 = PCURVE('',#823,#904);
#904 = DEFINITIONAL_REPRESENTATION('',(#905),#910);
#905 = B_SPLINE_CURVE_WITH_KNOTS('',3,(#906,#907,#908,#909),
  .UNSPECIFIED.,.F.,.F.,(4,4),(0.,1.),.PIECEWISE_BEZIER_KNOTS.);
#906 = CARTESIAN_POINT('',(3.1,0.15));
#907 = CARTESIAN_POINT('',(3.6,0.15));
#908 = CARTESIAN_POINT('',(4.1,0.15));
#909 = CARTESIAN_POINT('',(4.6,0.15));
#910 = ( GEOMETRIC_REPRESENTATION_CONTEXT(2) 
PARAMETRIC_REPRESENTATION_CONTEXT() REPRESENTATION_CONTEXT('2D SPACE',''
  ) );
#911 = FACE_BOUND('',#912,.T.);
#912 = EDGE_LOOP('',(#913,#946,#972,#998));
#913 = ORIENTED_EDGE('',*,*,#914,.T.);
#914 = EDGE_CURVE('',#915,#917,#919,.T.);
#915 = VERTEX_POINT('',#916);
#916 = CARTESIAN_POINT('',(-8.71211242471,-0.970375376088,
    13.131900900586));
#917 = VERTEX_POINT('',#918);
#918 = CARTESIAN_POINT('',(-10.51211242471,-0.970375376088,
    13.131900900586));
#919 = SURFACE_CURVE('',#920,(#925,#933),.PCURVE_S1.);
#920 = B_SPLINE_CURVE_WITH_KNOTS('',3,(#921,#922,#923,#924),
  .UNSPECIFIED.,.F.,.F.,(4,4),(0.,1.),.PIECEWISE_BEZIER_KNOTS.);
#921 = CARTESIAN_POINT('',(-8.71211242471,-0.970375376088,
    13.131900900586));
#922 = CARTESIAN_POINT('',(-9.31211242471,-0.970325376088,
    13.131900900586));
#923 = CARTESIAN_POINT('',(-9.91211242471,-0.970325376088,
    13.131900900586));
#924 = CARTESIAN_POINT('',(-10.51211242471,-0.970375376088,
    13.131900900586));
#925 = PCURVE('',#33,#926);
#926 = DEFINITIONAL_REPRESENTATION('',(#927),#932);
#927 = B_SPLINE_CURVE_WITH_KNOTS('',3,(#928,#929,#930,#931),
  .UNSPECIFIED.,.F.,.F.,(4,4),(0.,1.),.PIECEWISE_BEZIER_KNOTS.);
#928 = CARTESIAN_POINT('',(-1.95,6.5));
#929 = CARTESIAN_POINT('',(-1.35,6.5));
#930 = CARTESIAN_POINT('',(-0.75,6.5));
#931 = CARTESIAN_POINT('',(-0.15,6.5));
#932 = ( GEOMETRIC_REPRESENTATION_CONTEXT(2) 
PARAMETRIC_REPRESENTATION_CONTEXT() REPRESENTATION_CONTEXT('2D SPACE',''
  ) );
#933 = PCURVE('',#934,#939);
#934 = PLANE('',#935);
#935 = AXIS2_PLACEMENT_3D('',#936,#937,#938);
#936 = CARTESIAN_POINT('',(-10.66211242471,-0.970425376088,
    19.631900900586));
#937 = DIRECTION('',(0.,1.,1.224646799147E-16));
#938 = DIRECTION('',(1.,0.,0.));
#939 = DEFINITIONAL_REPRESENTATION('',(#940),#945);
#940 = B_SPLINE_CURVE_WITH_KNOTS('',3,(#941,#942,#943,#944),
  .UNSPECIFIED.,.F.,.F.,(4,4),(0.,1.),.PIECEWISE_BEZIER_KNOTS.);
#941 = CARTESIAN_POINT('',(1.95,6.5));
#942 = CARTESIAN_POINT('',(1.35,6.5));
#943 = CARTESIAN_POINT('',(0.75,6.5));
#944 = CARTESIAN_POINT('',(0.15,6.5));
#945 = ( GEOMETRIC_REPRESENTATION_CONTEXT(2) 
PARAMETRIC_REPRESENTATION_CONTEXT() REPRESENTATION_CONTEXT('2D SPACE',''
  ) );
#946 = ORIENTED_EDGE('',*,*,#947,.T.);
#947 = EDGE_CURVE('',#917,#948,#950,.T.);
#948 = VERTEX_POINT('',#949);
#949 = CARTESIAN_POINT('',(-10.51211242471,-0.970375376088,
    14.631900900586));
#950 = SURFACE_CURVE('',#951,(#956,#964),.PCURVE_S1.);
#951 = B_SPLINE_CURVE_WITH_KNOTS('',3,(#952,#953,#954,#955),
  .UNSPECIFIED.,.F.,.F.,(4,4),(0.,1.),.PIECEWISE_BEZIER_KNOTS.);
#952 = CARTESIAN_POINT('',(-10.51211242471,-0.970375376088,
    13.131900900586));
#953 = CARTESIAN_POINT('',(-10.51211242471,-0.970325376088,
    13.631900900586));
#954 = CARTESIAN_POINT('',(-10.51211242471,-0.970325376088,
    14.131900900586));
#955 = CARTESIAN_POINT('',(-10.51211242471,-0.970375376088,
    14.631900900586));
#956 = PCURVE('',#33,#957);
#957 = DEFINITIONAL_REPRESENTATION('',(#958),#963);
#958 = B_SPLINE_CURVE_WITH_KNOTS('',3,(#959,#960,#961,#962),
  .UNSPECIFIED.,.F.,.F.,(4,4),(0.,1.),.PIECEWISE_BEZIER_KNOTS.);
#959 = CARTESIAN_POINT('',(-0.15,6.5));
#960 = CARTESIAN_POINT('',(-0.15,6.));
#961 = CARTESIAN_POINT('',(-0.15,5.5));
#962 = CARTESIAN_POINT('',(-0.15,5.));
#963 = ( GEOMETRIC_REPRESENTATION_CONTEXT(2) 
PARAMETRIC_REPRESENTATION_CONTEXT() REPRESENTATION_CONTEXT('2D SPACE',''
  ) );
#964 = PCURVE('',#934,#965);
#965 = DEFINITIONAL_REPRESENTATION('',(#966),#971);
#966 = B_SPLINE_CURVE_WITH_KNOTS('',3,(#967,#968,#969,#970),
  .UNSPECIFIED.,.F.,.F.,(4,4),(0.,1.),.PIECEWISE_BEZIER_KNOTS.);
#967 = CARTESIAN_POINT('',(0.15,6.5));
#968 = CARTESIAN_POINT('',(0.15,6.));
#969 = CARTESIAN_POINT('',(0.15,5.5));
#970 = CARTESIAN_POINT('',(0.15,5.));
#971 = ( GEOMETRIC_REPRESENTATION_CONTEXT(2) 
PARAMETRIC_REPRESENTATION_CONTEXT() REPRESENTATION_CONTEXT('2D SPACE',''
  ) );
#972 = ORIENTED_EDGE('',*,*,#973,.T.);
#973 = EDGE_CURVE('',#948,#974,#976,.T.);
#974 = VERTEX_POINT('',#975);
#975 = CARTESIAN_POINT('',(-8.71211242471,-0.970375376088,
    14.631900900586));
#976 = SURFACE_CURVE('',#977,(#982,#990),.PCURVE_S1.);
#977 = B_SPLINE_CURVE_WITH_KNOTS('',3,(#978,#979,#980,#981),
  .UNSPECIFIED.,.F.,.F.,(4,4),(0.,1.),.PIECEWISE_BEZIER_KNOTS.);
#978 = CARTESIAN_POINT('',(-10.51211242471,-0.970375376088,
    14.631900900586));
#979 = CARTESIAN_POINT('',(-9.91211242471,-0.970325376088,
    14.631900900586));
#980 = CARTESIAN_POINT('',(-9.31211242471,-0.970325376088,
    14.631900900586));
#981 = CARTESIAN_POINT('',(-8.71211242471,-0.970375376088,
    14.631900900586));
#982 = PCURVE('',#33,#983);
#983 = DEFINITIONAL_REPRESENTATION('',(#984),#989);
#984 = B_SPLINE_CURVE_WITH_KNOTS('',3,(#985,#986,#987,#988),
  .UNSPECIFIED.,.F.,.F.,(4,4),(0.,1.),.PIECEWISE_BEZIER_KNOTS.);
#985 = CARTESIAN_POINT('',(-0.15,5.));
#986 = CARTESIAN_POINT('',(-0.75,5.));
#987 = CARTESIAN_POINT('',(-1.35,5.));
#988 = CARTESIAN_POINT('',(-1.95,5.));
#989 = ( GEOMETRIC_REPRESENTATION_CONTEXT(2) 
PARAMETRIC_REPRESENTATION_CONTEXT() REPRESENTATION_CONTEXT('2D SPACE',''
  ) );
#990 = PCURVE('',#934,#991);
#991 = DEFINITIONAL_REPRESENTATION('',(#992),#997);
#992 = B_SPLINE_CURVE_WITH_KNOTS('',3,(#993,#994,#995,#996),
  .UNSPECIFIED.,.F.,.F.,(4,4),(0.,1.),.PIECEWISE_BEZIER_KNOTS.);
#993 = CARTESIAN_POINT('',(0.15,5.));
#994 = CARTESIAN_POINT('',(0.75,5.));
#995 = CARTESIAN_POINT('',(1.35,5.));
#996 = CARTESIAN_POINT('',(1.95,5.));
#997 = ( GEOMETRIC_REPRESENTATION_CONTEXT(2) 
PARAMETRIC_REPRESENTATION_CONTEXT() REPRESENTATION_CONTEXT('2D SPACE',''
  ) );
#998 = ORIENTED_EDGE('',*,*,#999,.T.);
#999 = EDGE_CURVE('',#974,#915,#1000,.T.);
#1000 = SURFACE_CURVE('',#1001,(#1006,#1014),.PCURVE_S1.);
#1001 = B_SPLINE_CURVE_WITH_KNOTS('',3,(#1002,#1003,#1004,#1005),
  .UNSPECIFIED.,.F.,.F.,(4,4),(0.,1.),.PIECEWISE_BEZIER_KNOTS.);
#1002 = CARTESIAN_POINT('',(-8.71211242471,-0.970375376088,
    14.631900900586));
#1003 = CARTESIAN_POINT('',(-8.71211242471,-0.970325376088,
    14.131900900586));
#1004 = CARTESIAN_POINT('',(-8.71211242471,-0.970325376088,
    13.631900900586));
#1005 = CARTESIAN_POINT('',(-8.71211242471,-0.970375376088,
    13.131900900586));
#1006 = PCURVE('',#33,#1007);
#1007 = DEFINITIONAL_REPRESENTATION('',(#1008),#1013);
#1008 = B_SPLINE_CURVE_WITH_KNOTS('',3,(#1009,#1010,#1011,#1012),
  .UNSPECIFIED.,.F.,.F.,(4,4),(0.,1.),.PIECEWISE_BEZIER_KNOTS.);
#1009 = CARTESIAN_POINT('',(-1.95,5.));
#1010 = CARTESIAN_POINT('',(-1.95,5.5));
#1011 = CARTESIAN_POINT('',(-1.95,6.));
#1012 = CARTESIAN_POINT('',(-1.95,6.5));
#1013 = ( GEOMETRIC_REPRESENTATION_CONTEXT(2) 
PARAMETRIC_REPRESENTATION_CONTEXT() REPRESENTATION_CONTEXT('2D SPACE',''
  ) );
#1014 = PCURVE('',#934,#1015);
#1015 = DEFINITIONAL_REPRESENTATION('',(#1016),#1021);
#1016 = B_SPLINE_CURVE_WITH_KNOTS('',3,(#1017,#1018,#1019,#1020),
  .UNSPECIFIED.,.F.,.F.,(4,4),(0.,1.),.PIECEWISE_BEZIER_KNOTS.);
#1017 = CARTESIAN_POINT('',(1.95,5.));
#1018 = CARTESIAN_POINT('',(1.95,5.5));
#1019 = CARTESIAN_POINT('',(1.95,6.));
#1020 = CARTESIAN_POINT('',(1.95,6.5));
#1021 = ( GEOMETRIC_REPRESENTATION_CONTEXT(2) 
PARAMETRIC_REPRESENTATION_CONTEXT() REPRESENTATION_CONTEXT('2D SPACE',''
  ) );
#1022 = FACE_BOUND('',#1023,.T.);
#1023 = EDGE_LOOP('',(#1024,#1057,#1083,#1109));
#1024 = ORIENTED_EDGE('',*,*,#1025,.T.);
#1025 = EDGE_CURVE('',#1026,#1028,#1030,.T.);
#1026 = VERTEX_POINT('',#1027);
#1027 = CARTESIAN_POINT('',(-8.71211242471,-0.970375376088,
    9.331900900586));
#1028 = VERTEX_POINT('',#1029);
#1029 = CARTESIAN_POINT('',(-10.51211242471,-0.970375376088,
    9.331900900586));
#1030 = SURFACE_CURVE('',#1031,(#1036,#1044),.PCURVE_S1.);
#1031 = B_SPLINE_CURVE_WITH_KNOTS('',3,(#1032,#1033,#1034,#1035),
  .UNSPECIFIED.,.F.,.F.,(4,4),(0.,1.),.PIECEWISE_BEZIER_KNOTS.);
#1032 = CARTESIAN_POINT('',(-8.71211242471,-0.970375376088,
    9.331900900586));
#1033 = CARTESIAN_POINT('',(-9.31211242471,-0.970325376088,
    9.331900900586));
#1034 = CARTESIAN_POINT('',(-9.91211242471,-0.970325376088,
    9.331900900586));
#1035 = CARTESIAN_POINT('',(-10.51211242471,-0.970375376088,
    9.331900900586));
#1036 = PCURVE('',#33,#1037);
#1037 = DEFINITIONAL_REPRESENTATION('',(#1038),#1043);
#1038 = B_SPLINE_CURVE_WITH_KNOTS('',3,(#1039,#1040,#1041,#1042),
  .UNSPECIFIED.,.F.,.F.,(4,4),(0.,1.),.PIECEWISE_BEZIER_KNOTS.);
#1039 = CARTESIAN_POINT('',(-1.95,10.3));
#1040 = CARTESIAN_POINT('',(-1.35,10.3));
#1041 = CARTESIAN_POINT('',(-0.75,10.3));
#1042 = CARTESIAN_POINT('',(-0.15,10.3));
#1043 = ( GEOMETRIC_REPRESENTATION_CONTEXT(2) 
PARAMETRIC_REPRESENTATION_CONTEXT() REPRESENTATION_CONTEXT('2D SPACE',''
  ) );
#1044 = PCURVE('',#1045,#1050);
#1045 = PLANE('',#1046);
#1046 = AXIS2_PLACEMENT_3D('',#1047,#1048,#1049);
#1047 = CARTESIAN_POINT('',(-10.66211242471,-0.970425376088,
    19.631900900586));
#1048 = DIRECTION('',(0.,1.,1.224646799147E-16));
#1049 = DIRECTION('',(1.,0.,0.));
#1050 = DEFINITIONAL_REPRESENTATION('',(#1051),#1056);
#1051 = B_SPLINE_CURVE_WITH_KNOTS('',3,(#1052,#1053,#1054,#1055),
  .UNSPECIFIED.,.F.,.F.,(4,4),(0.,1.),.PIECEWISE_BEZIER_KNOTS.);
#1052 = CARTESIAN_POINT('',(1.95,10.3));
#1053 = CARTESIAN_POINT('',(1.35,10.3));
#1054 = CARTESIAN_POINT('',(0.75,10.3));
#1055 = CARTESIAN_POINT('',(0.15,10.3));
#1056 = ( GEOMETRIC_REPRESENTATION_CONTEXT(2) 
PARAMETRIC_REPRESENTATION_CONTEXT() REPRESENTATION_CONTEXT('2D SPACE',''
  ) );
#1057 = ORIENTED_EDGE('',*,*,#1058,.T.);
#1058 = EDGE_CURVE('',#1028,#1059,#1061,.T.);
#1059 = VERTEX_POINT('',#1060);
#1060 = CARTESIAN_POINT('',(-10.51211242471,-0.970375376088,
    10.831900900586));
#1061 = SURFACE_CURVE('',#1062,(#1067,#1075),.PCURVE_S1.);
#1062 = B_SPLINE_CURVE_WITH_KNOTS('',3,(#1063,#1064,#1065,#1066),
  .UNSPECIFIED.,.F.,.F.,(4,4),(0.,1.),.PIECEWISE_BEZIER_KNOTS.);
#1063 = CARTESIAN_POINT('',(-10.51211242471,-0.970375376088,
    9.331900900586));
#1064 = CARTESIAN_POINT('',(-10.51211242471,-0.970325376088,
    9.831900900586));
#1065 = CARTESIAN_POINT('',(-10.51211242471,-0.970325376088,
    10.331900900586));
#1066 = CARTESIAN_POINT('',(-10.51211242471,-0.970375376088,
    10.831900900586));
#1067 = PCURVE('',#33,#1068);
#1068 = DEFINITIONAL_REPRESENTATION('',(#1069),#1074);
#1069 = B_SPLINE_CURVE_WITH_KNOTS('',3,(#1070,#1071,#1072,#1073),
  .UNSPECIFIED.,.F.,.F.,(4,4),(0.,1.),.PIECEWISE_BEZIER_KNOTS.);
#1070 = CARTESIAN_POINT('',(-0.15,10.3));
#1071 = CARTESIAN_POINT('',(-0.15,9.8));
#1072 = CARTESIAN_POINT('',(-0.15,9.3));
#1073 = CARTESIAN_POINT('',(-0.15,8.8));
#1074 = ( GEOMETRIC_REPRESENTATION_CONTEXT(2) 
PARAMETRIC_REPRESENTATION_CONTEXT() REPRESENTATION_CONTEXT('2D SPACE',''
  ) );
#1075 = PCURVE('',#1045,#1076);
#1076 = DEFINITIONAL_REPRESENTATION('',(#1077),#1082);
#1077 = B_SPLINE_CURVE_WITH_KNOTS('',3,(#1078,#1079,#1080,#1081),
  .UNSPECIFIED.,.F.,.F.,(4,4),(0.,1.),.PIECEWISE_BEZIER_KNOTS.);
#1078 = CARTESIAN_POINT('',(0.15,10.3));
#1079 = CARTESIAN_POINT('',(0.15,9.8));
#1080 = CARTESIAN_POINT('',(0.15,9.3));
#1081 = CARTESIAN_POINT('',(0.15,8.8));
#1082 = ( GEOMETRIC_REPRESENTATION_CONTEXT(2) 
PARAMETRIC_REPRESENTATION_CONTEXT() REPRESENTATION_CONTEXT('2D SPACE',''
  ) );
#1083 = ORIENTED_EDGE('',*,*,#1084,.T.);
#1084 = EDGE_CURVE('',#1059,#1085,#1087,.T.);
#1085 = VERTEX_POINT('',#1086);
#1086 = CARTESIAN_POINT('',(-8.71211242471,-0.970375376088,
    10.831900900586));
#1087 = SURFACE_CURVE('',#1088,(#1093,#1101),.PCURVE_S1.);
#1088 = B_SPLINE_CURVE_WITH_KNOTS('',3,(#1089,#1090,#1091,#1092),
  .UNSPECIFIED.,.F.,.F.,(4,4),(0.,1.),.PIECEWISE_BEZIER_KNOTS.);
#1089 = CARTESIAN_POINT('',(-10.51211242471,-0.970375376088,
    10.831900900586));
#1090 = CARTESIAN_POINT('',(-9.91211242471,-0.970325376088,
    10.831900900586));
#1091 = CARTESIAN_POINT('',(-9.31211242471,-0.970325376088,
    10.831900900586));
#1092 = CARTESIAN_POINT('',(-8.71211242471,-0.970375376088,
    10.831900900586));
#1093 = PCURVE('',#33,#1094);
#1094 = DEFINITIONAL_REPRESENTATION('',(#1095),#1100);
#1095 = B_SPLINE_CURVE_WITH_KNOTS('',3,(#1096,#1097,#1098,#1099),
  .UNSPECIFIED.,.F.,.F.,(4,4),(0.,1.),.PIECEWISE_BEZIER_KNOTS.);
#1096 = CARTESIAN_POINT('',(-0.15,8.8));
#1097 = CARTESIAN_POINT('',(-0.75,8.8));
#1098 = CARTESIAN_POINT('',(-1.35,8.8));
#1099 = CARTESIAN_POINT('',(-1.95,8.8));
#1100 = ( GEOMETRIC_REPRESENTATION_CONTEXT(2) 
PARAMETRIC_REPRESENTATION_CONTEXT() REPRESENTATION_CONTEXT('2D SPACE',''
  ) );
#1101 = PCURVE('',#1045,#1102);
#1102 = DEFINITIONAL_REPRESENTATION('',(#1103),#1108);
#1103 = B_SPLINE_CURVE_WITH_KNOTS('',3,(#1104,#1105,#1106,#1107),
  .UNSPECIFIED.,.F.,.F.,(4,4),(0.,1.),.PIECEWISE_BEZIER_KNOTS.);
#1104 = CARTESIAN_POINT('',(0.15,8.8));
#1105 = CARTESIAN_POINT('',(0.75,8.8));
#1106 = CARTESIAN_POINT('',(1.35,8.8));
#1107 = CARTESIAN_POINT('',(1.95,8.8));
#1108 = ( GEOMETRIC_REPRESENTATION_CONTEXT(2) 
PARAMETRIC_REPRESENTATION_CONTEXT() REPRESENTATION_CONTEXT('2D SPACE',''
  ) );
#1109 = ORIENTED_EDGE('',*,*,#1110,.T.);
#1110 = EDGE_CURVE('',#1085,#1026,#1111,.T.);
#1111 = SURFACE_CURVE('',#1112,(#1117,#1125),.PCURVE_S1.);
#1112 = B_SPLINE_CURVE_WITH_KNOTS('',3,(#1113,#1114,#1115,#1116),
  .UNSPECIFIED.,.F.,.F.,(4,4),(0.,1.),.PIECEWISE_BEZIER_KNOTS.);
#1113 = CARTESIAN_POINT('',(-8.71211242471,-0.970375376088,
    10.831900900586));
#1114 = CARTESIAN_POINT('',(-8.71211242471,-0.970325376088,
    10.331900900586));
#1115 = CARTESIAN_POINT('',(-8.71211242471,-0.970325376088,
    9.831900900586));
#1116 = CARTESIAN_POINT('',(-8.71211242471,-0.970375376088,
    9.331900900586));
#1117 = PCURVE('',#33,#1118);
#1118 = DEFINITIONAL_REPRESENTATION('',(#1119),#1124);
#1119 = B_SPLINE_CURVE_WITH_KNOTS('',3,(#1120,#1121,#1122,#1123),
  .UNSPECIFIED.,.F.,.F.,(4,4),(0.,1.),.PIECEWISE_BEZIER_KNOTS.);
#1120 = CARTESIAN_POINT('',(-1.95,8.8));
#1121 = CARTESIAN_POINT('',(-1.95,9.3));
#1122 = CARTESIAN_POINT('',(-1.95,9.8));
#1123 = CARTESIAN_POINT('',(-1.95,10.3));
#1124 = ( GEOMETRIC_REPRESENTATION_CONTEXT(2) 
PARAMETRIC_REPRESENTATION_CONTEXT() REPRESENTATION_CONTEXT('2D SPACE',''
  ) );
#1125 = PCURVE('',#1045,#1126);
#1126 = DEFINITIONAL_REPRESENTATION('',(#1127),#1132);
#1127 = B_SPLINE_CURVE_WITH_KNOTS('',3,(#1128,#1129,#1130,#1131),
  .UNSPECIFIED.,.F.,.F.,(4,4),(0.,1.),.PIECEWISE_BEZIER_KNOTS.);
#1128 = CARTESIAN_POINT('',(1.95,8.8));
#1129 = CARTESIAN_POINT('',(1.95,9.3));
#1130 = CARTESIAN_POINT('',(1.95,9.8));
#1131 = CARTESIAN_POINT('',(1.95,10.3));
#1132 = ( GEOMETRIC_REPRESENTATION_CONTEXT(2) 
PARAMETRIC_REPRESENTATION_CONTEXT() REPRESENTATION_CONTEXT('2D SPACE',''
  ) );
#1133 = FACE_BOUND('',#1134,.T.);
#1134 = EDGE_LOOP('',(#1135,#1165,#1193,#1221));
#1135 = ORIENTED_EDGE('',*,*,#1136,.T.);
#1136 = EDGE_CURVE('',#1137,#1139,#1141,.T.);
#1137 = VERTEX_POINT('',#1138);
#1138 = CARTESIAN_POINT('',(-10.66211242471,-0.970325376088,
    4.331900900586));
#1139 = VERTEX_POINT('',#1140);
#1140 = CARTESIAN_POINT('',(4.63788757529,-0.970325376088,4.331900900586
    ));
#1141 = SURFACE_CURVE('',#1142,(#1146,#1153),.PCURVE_S1.);
#1142 = LINE('',#1143,#1144);
#1143 = CARTESIAN_POINT('',(-10.66211242471,-0.970325376088,
    4.331900900586));
#1144 = VECTOR('',#1145,1.);
#1145 = DIRECTION('',(1.,0.,0.));
#1146 = PCURVE('',#33,#1147);
#1147 = DEFINITIONAL_REPRESENTATION('',(#1148),#1152);
#1148 = LINE('',#1149,#1150);
#1149 = CARTESIAN_POINT('',(0.,15.3));
#1150 = VECTOR('',#1151,1.);
#1151 = DIRECTION('',(-1.,0.));
#1152 = ( GEOMETRIC_REPRESENTATION_CONTEXT(2) 
PARAMETRIC_REPRESENTATION_CONTEXT() REPRESENTATION_CONTEXT('2D SPACE',''
  ) );
#1153 = PCURVE('',#1154,#1159);
#1154 = PLANE('',#1155);
#1155 = AXIS2_PLACEMENT_3D('',#1156,#1157,#1158);
#1156 = CARTESIAN_POINT('',(-10.66211242471,-0.970325376088,
    4.331900900586));
#1157 = DIRECTION('',(0.,-1.224646799147E-16,1.));
#1158 = DIRECTION('',(0.,-1.,-1.224646799147E-16));
#1159 = DEFINITIONAL_REPRESENTATION('',(#1160),#1164);
#1160 = LINE('',#1161,#1162);
#1161 = CARTESIAN_POINT('',(0.,0.));
#1162 = VECTOR('',#1163,1.);
#1163 = DIRECTION('',(0.,1.));
#1164 = ( GEOMETRIC_REPRESENTATION_CONTEXT(2) 
PARAMETRIC_REPRESENTATION_CONTEXT() REPRESENTATION_CONTEXT('2D SPACE',''
  ) );
#1165 = ORIENTED_EDGE('',*,*,#1166,.T.);
#1166 = EDGE_CURVE('',#1139,#1167,#1169,.T.);
#1167 = VERTEX_POINT('',#1168);
#1168 = CARTESIAN_POINT('',(4.63788757529,-0.970325376088,
    19.631900900586));
#1169 = SURFACE_CURVE('',#1170,(#1174,#1181),.PCURVE_S1.);
#1170 = LINE('',#1171,#1172);
#1171 = CARTESIAN_POINT('',(4.63788757529,-0.970325376088,
    19.631900900586));
#1172 = VECTOR('',#1173,1.);
#1173 = DIRECTION('',(-0.,-1.224646799147E-16,1.));
#1174 = PCURVE('',#33,#1175);
#1175 = DEFINITIONAL_REPRESENTATION('',(#1176),#1180);
#1176 = LINE('',#1177,#1178);
#1177 = CARTESIAN_POINT('',(-15.3,0.));
#1178 = VECTOR('',#1179,1.);
#1179 = DIRECTION('',(0.,-1.));
#1180 = ( GEOMETRIC_REPRESENTATION_CONTEXT(2) 
PARAMETRIC_REPRESENTATION_CONTEXT() REPRESENTATION_CONTEXT('2D SPACE',''
  ) );
#1181 = PCURVE('',#1182,#1187);
#1182 = PLANE('',#1183);
#1183 = AXIS2_PLACEMENT_3D('',#1184,#1185,#1186);
#1184 = CARTESIAN_POINT('',(4.63788757529,-0.970325376088,4.331900900586
    ));
#1185 = DIRECTION('',(-1.,0.,0.));
#1186 = DIRECTION('',(0.,1.,1.224646799147E-16));
#1187 = DEFINITIONAL_REPRESENTATION('',(#1188),#1192);
#1188 = LINE('',#1189,#1190);
#1189 = CARTESIAN_POINT('',(0.,-15.3));
#1190 = VECTOR('',#1191,1.);
#1191 = DIRECTION('',(0.,-1.));
#1192 = ( GEOMETRIC_REPRESENTATION_CONTEXT(2) 
PARAMETRIC_REPRESENTATION_CONTEXT() REPRESENTATION_CONTEXT('2D SPACE',''
  ) );
#1193 = ORIENTED_EDGE('',*,*,#1194,.T.);
#1194 = EDGE_CURVE('',#1167,#1195,#1197,.T.);
#1195 = VERTEX_POINT('',#1196);
#1196 = CARTESIAN_POINT('',(-10.66211242471,-0.970325376088,
    19.631900900586));
#1197 = SURFACE_CURVE('',#1198,(#1202,#1209),.PCURVE_S1.);
#1198 = LINE('',#1199,#1200);
#1199 = CARTESIAN_POINT('',(-10.66211242471,-0.970325376088,
    19.631900900586));
#1200 = VECTOR('',#1201,1.);
#1201 = DIRECTION('',(-1.,0.,-0.));
#1202 = PCURVE('',#33,#1203);
#1203 = DEFINITIONAL_REPRESENTATION('',(#1204),#1208);
#1204 = LINE('',#1205,#1206);
#1205 = CARTESIAN_POINT('',(0.,0.));
#1206 = VECTOR('',#1207,1.);
#1207 = DIRECTION('',(1.,0.));
#1208 = ( GEOMETRIC_REPRESENTATION_CONTEXT(2) 
PARAMETRIC_REPRESENTATION_CONTEXT() REPRESENTATION_CONTEXT('2D SPACE',''
  ) );
#1209 = PCURVE('',#1210,#1215);
#1210 = PLANE('',#1211);
#1211 = AXIS2_PLACEMENT_3D('',#1212,#1213,#1214);
#1212 = CARTESIAN_POINT('',(4.63788757529,-0.970325376088,
    19.631900900586));
#1213 = DIRECTION('',(0.,1.224646799147E-16,-1.));
#1214 = DIRECTION('',(0.,1.,1.224646799147E-16));
#1215 = DEFINITIONAL_REPRESENTATION('',(#1216),#1220);
#1216 = LINE('',#1217,#1218);
#1217 = CARTESIAN_POINT('',(0.,-15.3));
#1218 = VECTOR('',#1219,1.);
#1219 = DIRECTION('',(0.,-1.));
#1220 = ( GEOMETRIC_REPRESENTATION_CONTEXT(2) 
PARAMETRIC_REPRESENTATION_CONTEXT() REPRESENTATION_CONTEXT('2D SPACE',''
  ) );
#1221 = ORIENTED_EDGE('',*,*,#1222,.T.);
#1222 = EDGE_CURVE('',#1195,#1137,#1223,.T.);
#1223 = SURFACE_CURVE('',#1224,(#1228,#1235),.PCURVE_S1.);
#1224 = LINE('',#1225,#1226);
#1225 = CARTESIAN_POINT('',(-10.66211242471,-0.970325376088,
    19.631900900586));
#1226 = VECTOR('',#1227,1.);
#1227 = DIRECTION('',(0.,1.224646799147E-16,-1.));
#1228 = PCURVE('',#33,#1229);
#1229 = DEFINITIONAL_REPRESENTATION('',(#1230),#1234);
#1230 = LINE('',#1231,#1232);
#1231 = CARTESIAN_POINT('',(0.,0.));
#1232 = VECTOR('',#1233,1.);
#1233 = DIRECTION('',(0.,1.));
#1234 = ( GEOMETRIC_REPRESENTATION_CONTEXT(2) 
PARAMETRIC_REPRESENTATION_CONTEXT() REPRESENTATION_CONTEXT('2D SPACE',''
  ) );
#1235 = PCURVE('',#1236,#1241);
#1236 = PLANE('',#1237);
#1237 = AXIS2_PLACEMENT_3D('',#1238,#1239,#1240);
#1238 = CARTESIAN_POINT('',(-10.66211242471,-0.970325376088,
    19.631900900586));
#1239 = DIRECTION('',(1.,0.,0.));
#1240 = DIRECTION('',(0.,-1.,-1.224646799147E-16));
#1241 = DEFINITIONAL_REPRESENTATION('',(#1242),#1246);
#1242 = LINE('',#1243,#1244);
#1243 = CARTESIAN_POINT('',(0.,0.));
#1244 = VECTOR('',#1245,1.);
#1245 = DIRECTION('',(0.,1.));
#1246 = ( GEOMETRIC_REPRESENTATION_CONTEXT(2) 
PARAMETRIC_REPRESENTATION_CONTEXT() REPRESENTATION_CONTEXT('2D SPACE',''
  ) );
#1247 = FACE_BOUND('',#1248,.T.);
#1248 = EDGE_LOOP('',(#1249,#1279,#1343,#1371,#1435,#1463,#1527,#1555));
#1249 = ORIENTED_EDGE('',*,*,#1250,.T.);
#1250 = EDGE_CURVE('',#1251,#1253,#1255,.T.);
#1251 = VERTEX_POINT('',#1252);
#1252 = CARTESIAN_POINT('',(2.48788757529,-0.970325376088,
    16.481901087355));
#1253 = VERTEX_POINT('',#1254);
#1254 = CARTESIAN_POINT('',(2.48788757529,-0.970325376088,7.481900527049
    ));
#1255 = SURFACE_CURVE('',#1256,(#1260,#1267),.PCURVE_S1.);
#1256 = LINE('',#1257,#1258);
#1257 = CARTESIAN_POINT('',(2.48788757529,-0.970325376088,
    19.631900900586));
#1258 = VECTOR('',#1259,1.);
#1259 = DIRECTION('',(0.,1.224646799147E-16,-1.));
#1260 = PCURVE('',#33,#1261);
#1261 = DEFINITIONAL_REPRESENTATION('',(#1262),#1266);
#1262 = LINE('',#1263,#1264);
#1263 = CARTESIAN_POINT('',(-13.15,0.));
#1264 = VECTOR('',#1265,1.);
#1265 = DIRECTION('',(0.,1.));
#1266 = ( GEOMETRIC_REPRESENTATION_CONTEXT(2) 
PARAMETRIC_REPRESENTATION_CONTEXT() REPRESENTATION_CONTEXT('2D SPACE',''
  ) );
#1267 = PCURVE('',#1268,#1273);
#1268 = PLANE('',#1269);
#1269 = AXIS2_PLACEMENT_3D('',#1270,#1271,#1272);
#1270 = CARTESIAN_POINT('',(2.48788757529,-0.970325376088,
    19.631900900586));
#1271 = DIRECTION('',(1.,0.,0.));
#1272 = DIRECTION('',(0.,-1.,-1.224646799147E-16));
#1273 = DEFINITIONAL_REPRESENTATION('',(#1274),#1278);
#1274 = LINE('',#1275,#1276);
#1275 = CARTESIAN_POINT('',(0.,0.));
#1276 = VECTOR('',#1277,1.);
#1277 = DIRECTION('',(0.,1.));
#1278 = ( GEOMETRIC_REPRESENTATION_CONTEXT(2) 
PARAMETRIC_REPRESENTATION_CONTEXT() REPRESENTATION_CONTEXT('2D SPACE',''
  ) );
#1279 = ORIENTED_EDGE('',*,*,#1280,.T.);
#1280 = EDGE_CURVE('',#1253,#1281,#1283,.T.);
#1281 = VERTEX_POINT('',#1282);
#1282 = CARTESIAN_POINT('',(1.48788757529,-0.970325376088,6.481900900586
    ));
#1283 = SURFACE_CURVE('',#1284,(#1295,#1309),.PCURVE_S1.);
#1284 = B_SPLINE_CURVE_WITH_KNOTS('',3,(#1285,#1286,#1287,#1288,#1289,
    #1290,#1291,#1292,#1293,#1294),.UNSPECIFIED.,.F.,.F.,(4,2,2,2,4),(0.
    ,0.25,0.5,0.75,1.),.UNSPECIFIED.);
#1285 = CARTESIAN_POINT('',(2.48788757529,-0.970325376088,7.481900527049
    ));
#1286 = CARTESIAN_POINT('',(2.487887674221,-0.970325376088,
    7.349475905357));
#1287 = CARTESIAN_POINT('',(2.462317590321,-0.970325376088,
    7.221439229289));
#1288 = CARTESIAN_POINT('',(2.36121702491,-0.970325376088,6.976995474996
    ));
#1289 = CARTESIAN_POINT('',(2.28847074726,-0.970325376088,6.868365127316
    ));
#1290 = CARTESIAN_POINT('',(2.101518403319,-0.970325376088,
    6.681222673856));
#1291 = CARTESIAN_POINT('',(1.992902400882,-0.970325376088,
    6.608768112581));
#1292 = CARTESIAN_POINT('',(1.748239846583,-0.970325376088,
    6.507274223939));
#1293 = CARTESIAN_POINT('',(1.620678663769,-0.970325376088,
    6.481900801381));
#1294 = CARTESIAN_POINT('',(1.48788757529,-0.970325376088,6.481900900586
    ));
#1295 = PCURVE('',#33,#1296);
#1296 = DEFINITIONAL_REPRESENTATION('',(#1297),#1308);
#1297 = B_SPLINE_CURVE_WITH_KNOTS('',3,(#1298,#1299,#1300,#1301,#1302,
    #1303,#1304,#1305,#1306,#1307),.UNSPECIFIED.,.F.,.F.,(4,2,2,2,4),(0.
    ,0.25,0.5,0.75,1.),.UNSPECIFIED.);
#1298 = CARTESIAN_POINT('',(-13.15,12.150000373538));
#1299 = CARTESIAN_POINT('',(-13.15000009893,12.282424995229));
#1300 = CARTESIAN_POINT('',(-13.12443001503,12.410461671297));
#1301 = CARTESIAN_POINT('',(-13.02332944962,12.65490542559));
#1302 = CARTESIAN_POINT('',(-12.95058317197,12.76353577327));
#1303 = CARTESIAN_POINT('',(-12.76363082803,12.95067822673));
#1304 = CARTESIAN_POINT('',(-12.65501482559,13.023132788005));
#1305 = CARTESIAN_POINT('',(-12.41035227129,13.124626676647));
#1306 = CARTESIAN_POINT('',(-12.28279108847,13.150000099205));
#1307 = CARTESIAN_POINT('',(-12.15,13.15));
#1308 = ( GEOMETRIC_REPRESENTATION_CONTEXT(2) 
PARAMETRIC_REPRESENTATION_CONTEXT() REPRESENTATION_CONTEXT('2D SPACE',''
  ) );
#1309 = PCURVE('',#1310,#1315);
#1310 = CYLINDRICAL_SURFACE('',#1311,0.999999252925);
#1311 = AXIS2_PLACEMENT_3D('',#1312,#1313,#1314);
#1312 = CARTESIAN_POINT('',(1.487888322365,-0.970325376088,
    7.481900153511));
#1313 = DIRECTION('',(0.,1.,1.224646799147E-16));
#1314 = DIRECTION('',(1.,0.,0.));
#1315 = DEFINITIONAL_REPRESENTATION('',(#1316),#1342);
#1316 = B_SPLINE_CURVE_WITH_KNOTS('',3,(#1317,#1318,#1319,#1320,#1321,
    #1322,#1323,#1324,#1325,#1326,#1327,#1328,#1329,#1330,#1331,#1332,
    #1333,#1334,#1335,#1336,#1337,#1338,#1339,#1340,#1341),
  .UNSPECIFIED.,.F.,.F.,(4,1,1,1,1,1,1,1,1,1,1,1,1,1,1,1,1,1,1,1,1,1,4),
  (0.,4.545454545455E-02,9.090909090909E-02,0.136363636364,
    0.181818181818,0.227272727273,0.272727272727,0.318181818182,
    0.363636363636,0.409090909091,0.454545454545,0.5,0.545454545455,
    0.590909090909,0.636363636364,0.681818181818,0.727272727273,
    0.772727272727,0.818181818182,0.863636363636,0.909090909091,
    0.954545454545,1.),.QUASI_UNIFORM_KNOTS.);
#1317 = CARTESIAN_POINT('',(-3.735378708569E-07,0.));
#1318 = CARTESIAN_POINT('',(2.407771779033E-02,-2.467162276945E-17));
#1319 = CARTESIAN_POINT('',(7.194009855882E-02,-1.817245574819E-17));
#1320 = CARTESIAN_POINT('',(0.143168605126,1.006110292728E-16));
#1321 = CARTESIAN_POINT('',(0.214141379093,-3.842716613432E-16));
#1322 = CARTESIAN_POINT('',(0.285192284273,1.042079865497E-16));
#1323 = CARTESIAN_POINT('',(0.356585400866,-3.256028485566E-17));
#1324 = CARTESIAN_POINT('',(0.428811201723,2.603315287293E-17));
#1325 = CARTESIAN_POINT('',(0.500219825011,-7.157232663607E-17));
#1326 = CARTESIAN_POINT('',(0.571292629817,2.602561536713E-16));
#1327 = CARTESIAN_POINT('',(0.64230066654,3.628153415009E-16));
#1328 = CARTESIAN_POINT('',(0.713482505685,-3.792498901248E-16));
#1329 = CARTESIAN_POINT('',(0.785402587985,-1.780834105518E-16));
#1330 = CARTESIAN_POINT('',(0.857296122761,-2.406840972182E-16));
#1331 = CARTESIAN_POINT('',(0.928433550541,-1.914478301255E-16));
#1332 = CARTESIAN_POINT('',(0.999407957155,-3.257922118299E-16));
#1333 = CARTESIAN_POINT('',(1.070480831748,1.623490478949E-16));
#1334 = CARTESIAN_POINT('',(1.141932600656,-3.236039797496E-16));
#1335 = CARTESIAN_POINT('',(1.214265233509,-2.002007584467E-16));
#1336 = CARTESIAN_POINT('',(1.28562444858,-2.078606160139E-16));
#1337 = CARTESIAN_POINT('',(1.356593262356,-3.006244070478E-16));
#1338 = CARTESIAN_POINT('',(1.427490630295,7.809061465485E-17));
#1339 = CARTESIAN_POINT('',(1.49871302319,-1.173805157162E-17));
#1340 = CARTESIAN_POINT('',(1.546651677838,-2.467162276945E-17));
#1341 = CARTESIAN_POINT('',(1.570797073871,0.));
#1342 = ( GEOMETRIC_REPRESENTATION_CONTEXT(2) 
PARAMETRIC_REPRESENTATION_CONTEXT() REPRESENTATION_CONTEXT('2D SPACE',''
  ) );
#1343 = ORIENTED_EDGE('',*,*,#1344,.T.);
#1344 = EDGE_CURVE('',#1281,#1345,#1347,.T.);
#1345 = VERTEX_POINT('',#1346);
#1346 = CARTESIAN_POINT('',(-7.51211242471,-0.970325376088,
    6.481900900586));
#1347 = SURFACE_CURVE('',#1348,(#1352,#1359),.PCURVE_S1.);
#1348 = LINE('',#1349,#1350);
#1349 = CARTESIAN_POINT('',(-10.66211242471,-0.970325376088,
    6.481900900586));
#1350 = VECTOR('',#1351,1.);
#1351 = DIRECTION('',(-1.,0.,-0.));
#1352 = PCURVE('',#33,#1353);
#1353 = DEFINITIONAL_REPRESENTATION('',(#1354),#1358);
#1354 = LINE('',#1355,#1356);
#1355 = CARTESIAN_POINT('',(0.,13.15));
#1356 = VECTOR('',#1357,1.);
#1357 = DIRECTION('',(1.,0.));
#1358 = ( GEOMETRIC_REPRESENTATION_CONTEXT(2) 
PARAMETRIC_REPRESENTATION_CONTEXT() REPRESENTATION_CONTEXT('2D SPACE',''
  ) );
#1359 = PCURVE('',#1360,#1365);
#1360 = PLANE('',#1361);
#1361 = AXIS2_PLACEMENT_3D('',#1362,#1363,#1364);
#1362 = CARTESIAN_POINT('',(-10.66211242471,-0.970325376088,
    6.481900900586));
#1363 = DIRECTION('',(0.,1.224646799147E-16,-1.));
#1364 = DIRECTION('',(0.,1.,1.224646799147E-16));
#1365 = DEFINITIONAL_REPRESENTATION('',(#1366),#1370);
#1366 = LINE('',#1367,#1368);
#1367 = CARTESIAN_POINT('',(0.,0.));
#1368 = VECTOR('',#1369,1.);
#1369 = DIRECTION('',(-0.,-1.));
#1370 = ( GEOMETRIC_REPRESENTATION_CONTEXT(2) 
PARAMETRIC_REPRESENTATION_CONTEXT() REPRESENTATION_CONTEXT('2D SPACE',''
  ) );
#1371 = ORIENTED_EDGE('',*,*,#1372,.T.);
#1372 = EDGE_CURVE('',#1345,#1373,#1375,.T.);
#1373 = VERTEX_POINT('',#1374);
#1374 = CARTESIAN_POINT('',(-8.512112424711,-0.970325376088,
    7.48190034028));
#1375 = SURFACE_CURVE('',#1376,(#1387,#1401),.PCURVE_S1.);
#1376 = B_SPLINE_CURVE_WITH_KNOTS('',3,(#1377,#1378,#1379,#1380,#1381,
    #1382,#1383,#1384,#1385,#1386),.UNSPECIFIED.,.F.,.F.,(4,2,2,2,4),(0.
    ,0.25,0.5,0.75,1.),.UNSPECIFIED.);
#1377 = CARTESIAN_POINT('',(-7.51211242471,-0.970325376088,
    6.481900900586));
#1378 = CARTESIAN_POINT('',(-7.644537355219,-0.970325376088,
    6.481900801655));
#1379 = CARTESIAN_POINT('',(-7.772573973837,-0.970325376088,
    6.507470861654));
#1380 = CARTESIAN_POINT('',(-8.017017627367,-0.970325376088,
    6.60857133192));
#1381 = CARTESIAN_POINT('',(-8.12564794473,-0.970325376088,
    6.681317545195));
#1382 = CARTESIAN_POINT('',(-8.312790376429,-0.970325376088,
    6.868269727716));
#1383 = CARTESIAN_POINT('',(-8.385244954553,-0.970325376088,
    6.976885645566));
#1384 = CARTESIAN_POINT('',(-8.486738930679,-0.970325376088,
    7.221548023408));
#1385 = CARTESIAN_POINT('',(-8.512112424711,-0.970325376088,
    7.349109129749));
#1386 = CARTESIAN_POINT('',(-8.512112424711,-0.970325376088,
    7.48190034028));
#1387 = PCURVE('',#33,#1388);
#1388 = DEFINITIONAL_REPRESENTATION('',(#1389),#1400);
#1389 = B_SPLINE_CURVE_WITH_KNOTS('',3,(#1390,#1391,#1392,#1393,#1394,
    #1395,#1396,#1397,#1398,#1399),.UNSPECIFIED.,.F.,.F.,(4,2,2,2,4),(0.
    ,0.25,0.5,0.75,1.),.UNSPECIFIED.);
#1390 = CARTESIAN_POINT('',(-3.15,13.15));
#1391 = CARTESIAN_POINT('',(-3.017575069491,13.150000098931));
#1392 = CARTESIAN_POINT('',(-2.889538450874,13.124430038932));
#1393 = CARTESIAN_POINT('',(-2.645094797343,13.023329568666));
#1394 = CARTESIAN_POINT('',(-2.536464479981,12.950583355392));
#1395 = CARTESIAN_POINT('',(-2.349322048282,12.76363117287));
#1396 = CARTESIAN_POINT('',(-2.276867470157,12.65501525502));
#1397 = CARTESIAN_POINT('',(-2.175373494031,12.410352877178));
#1398 = CARTESIAN_POINT('',(-2.15,12.282791770837));
#1399 = CARTESIAN_POINT('',(-2.15,12.150000560306));
#1400 = ( GEOMETRIC_REPRESENTATION_CONTEXT(2) 
PARAMETRIC_REPRESENTATION_CONTEXT() REPRESENTATION_CONTEXT('2D SPACE',''
  ) );
#1401 = PCURVE('',#1402,#1407);
#1402 = CYLINDRICAL_SURFACE('',#1403,0.999999252925);
#1403 = AXIS2_PLACEMENT_3D('',#1404,#1405,#1406);
#1404 = CARTESIAN_POINT('',(-7.512113171786,-0.970325376088,
    7.481900153511));
#1405 = DIRECTION('',(0.,1.,1.224646799147E-16));
#1406 = DIRECTION('',(1.,0.,0.));
#1407 = DEFINITIONAL_REPRESENTATION('',(#1408),#1434);
#1408 = B_SPLINE_CURVE_WITH_KNOTS('',3,(#1409,#1410,#1411,#1412,#1413,
    #1414,#1415,#1416,#1417,#1418,#1419,#1420,#1421,#1422,#1423,#1424,
    #1425,#1426,#1427,#1428,#1429,#1430,#1431,#1432,#1433),
  .UNSPECIFIED.,.F.,.F.,(4,1,1,1,1,1,1,1,1,1,1,1,1,1,1,1,1,1,1,1,1,1,4),
  (0.,4.545454545455E-02,9.090909090909E-02,0.136363636364,
    0.181818181818,0.227272727273,0.272727272727,0.318181818182,
    0.363636363636,0.409090909091,0.454545454545,0.5,0.545454545455,
    0.590909090909,0.636363636364,0.681818181818,0.727272727273,
    0.772727272727,0.818181818182,0.863636363636,0.909090909091,
    0.954545454545,1.),.QUASI_UNIFORM_KNOTS.);
#1409 = CARTESIAN_POINT('',(1.570795579719,0.));
#1410 = CARTESIAN_POINT('',(1.594873727323,-2.467162276945E-17));
#1411 = CARTESIAN_POINT('',(1.642736196588,-1.817245574819E-17));
#1412 = CARTESIAN_POINT('',(1.713964776215,1.006110292728E-16));
#1413 = CARTESIAN_POINT('',(1.784937575602,-3.842716613432E-16));
#1414 = CARTESIAN_POINT('',(1.855988472119,1.042079865497E-16));
#1415 = CARTESIAN_POINT('',(1.927381559246,-3.256028485566E-17));
#1416 = CARTESIAN_POINT('',(1.999607323852,2.603315287293E-17));
#1417 = CARTESIAN_POINT('',(2.071015913367,-7.157232663607E-17));
#1418 = CARTESIAN_POINT('',(2.142088684754,2.602561536713E-16));
#1419 = CARTESIAN_POINT('',(2.213096688255,3.628153415009E-16));
#1420 = CARTESIAN_POINT('',(2.284278493838,-3.792498901248E-16));
#1421 = CARTESIAN_POINT('',(2.35619854124,-1.780834105518E-16));
#1422 = CARTESIAN_POINT('',(2.428092041128,-2.406840972182E-16));
#1423 = CARTESIAN_POINT('',(2.499229435356,-1.914478301255E-16));
#1424 = CARTESIAN_POINT('',(2.570203808743,-3.257922118299E-16));
#1425 = CARTESIAN_POINT('',(2.641276649938,1.623490478949E-16));
#1426 = CARTESIAN_POINT('',(2.712728384957,-3.236039797496E-16));
#1427 = CARTESIAN_POINT('',(2.785060981956,-2.002007584467E-16));
#1428 = CARTESIAN_POINT('',(2.8564201653,-2.078606160139E-16));
#1429 = CARTESIAN_POINT('',(2.927388958059,-3.006244070478E-16));
#1430 = CARTESIAN_POINT('',(2.998286322096,7.809061465485E-17));
#1431 = CARTESIAN_POINT('',(3.0695087347,-1.173805157162E-17));
#1432 = CARTESIAN_POINT('',(3.117447422073,-2.467162276945E-17));
#1433 = CARTESIAN_POINT('',(3.141592840359,0.));
#1434 = ( GEOMETRIC_REPRESENTATION_CONTEXT(2) 
PARAMETRIC_REPRESENTATION_CONTEXT() REPRESENTATION_CONTEXT('2D SPACE',''
  ) );
#1435 = ORIENTED_EDGE('',*,*,#1436,.T.);
#1436 = EDGE_CURVE('',#1373,#1437,#1439,.T.);
#1437 = VERTEX_POINT('',#1438);
#1438 = CARTESIAN_POINT('',(-8.51211242471,-0.970325376088,
    16.531900900586));
#1439 = SURFACE_CURVE('',#1440,(#1444,#1451),.PCURVE_S1.);
#1440 = LINE('',#1441,#1442);
#1441 = CARTESIAN_POINT('',(-8.512112424711,-0.970325376088,
    19.631900900586));
#1442 = VECTOR('',#1443,1.);
#1443 = DIRECTION('',(-0.,-1.224646799147E-16,1.));
#1444 = PCURVE('',#33,#1445);
#1445 = DEFINITIONAL_REPRESENTATION('',(#1446),#1450);
#1446 = LINE('',#1447,#1448);
#1447 = CARTESIAN_POINT('',(-2.15,0.));
#1448 = VECTOR('',#1449,1.);
#1449 = DIRECTION('',(0.,-1.));
#1450 = ( GEOMETRIC_REPRESENTATION_CONTEXT(2) 
PARAMETRIC_REPRESENTATION_CONTEXT() REPRESENTATION_CONTEXT('2D SPACE',''
  ) );
#1451 = PCURVE('',#1452,#1457);
#1452 = PLANE('',#1453);
#1453 = AXIS2_PLACEMENT_3D('',#1454,#1455,#1456);
#1454 = CARTESIAN_POINT('',(-8.51211242471,-0.970325376088,
    19.631900900586));
#1455 = DIRECTION('',(-1.,0.,0.));
#1456 = DIRECTION('',(0.,1.,1.224646799147E-16));
#1457 = DEFINITIONAL_REPRESENTATION('',(#1458),#1462);
#1458 = LINE('',#1459,#1460);
#1459 = CARTESIAN_POINT('',(0.,0.));
#1460 = VECTOR('',#1461,1.);
#1461 = DIRECTION('',(0.,-1.));
#1462 = ( GEOMETRIC_REPRESENTATION_CONTEXT(2) 
PARAMETRIC_REPRESENTATION_CONTEXT() REPRESENTATION_CONTEXT('2D SPACE',''
  ) );
#1463 = ORIENTED_EDGE('',*,*,#1464,.T.);
#1464 = EDGE_CURVE('',#1437,#1465,#1467,.T.);
#1465 = VERTEX_POINT('',#1466);
#1466 = CARTESIAN_POINT('',(-7.56211242471,-0.970325376088,
    17.481900900586));
#1467 = SURFACE_CURVE('',#1468,(#1479,#1493),.PCURVE_S1.);
#1468 = B_SPLINE_CURVE_WITH_KNOTS('',3,(#1469,#1470,#1471,#1472,#1473,
    #1474,#1475,#1476,#1477,#1478),.UNSPECIFIED.,.F.,.F.,(4,2,2,2,4),(0.
    ,0.25,0.5,0.75,1.),.UNSPECIFIED.);
#1469 = CARTESIAN_POINT('',(-8.51211242471,-0.970325376088,
    16.531900900586));
#1470 = CARTESIAN_POINT('',(-8.512112518689,-0.970325376088,
    16.657695469732));
#1471 = CARTESIAN_POINT('',(-8.48781111405,-0.970325376088,
    16.779354104426));
#1472 = CARTESIAN_POINT('',(-8.39178522679,-0.970325376088,
    17.011546438789));
#1473 = CARTESIAN_POINT('',(-8.322651839884,-0.970325376088,
    17.114769743231));
#1474 = CARTESIAN_POINT('',(-8.145076309537,-0.970325376088,
    17.292535357942));
#1475 = CARTESIAN_POINT('',(-8.041867380617,-0.970325376088,
    17.361377049184));
#1476 = CARTESIAN_POINT('',(-7.809456210846,-0.970325376088,
    17.457796243408));
#1477 = CARTESIAN_POINT('',(-7.688273087172,-0.970325376088,
    17.481900994838));
#1478 = CARTESIAN_POINT('',(-7.56211242471,-0.970325376088,
    17.481900900586));
#1479 = PCURVE('',#33,#1480);
#1480 = DEFINITIONAL_REPRESENTATION('',(#1481),#1492);
#1481 = B_SPLINE_CURVE_WITH_KNOTS('',3,(#1482,#1483,#1484,#1485,#1486,
    #1487,#1488,#1489,#1490,#1491),.UNSPECIFIED.,.F.,.F.,(4,2,2,2,4),(0.
    ,0.25,0.5,0.75,1.),.UNSPECIFIED.);
#1482 = CARTESIAN_POINT('',(-2.15,3.1));
#1483 = CARTESIAN_POINT('',(-2.149999906022,2.974205430854));
#1484 = CARTESIAN_POINT('',(-2.174301310661,2.85254679616));
#1485 = CARTESIAN_POINT('',(-2.27032719792,2.620354461797));
#1486 = CARTESIAN_POINT('',(-2.339460584826,2.517131157355));
#1487 = CARTESIAN_POINT('',(-2.517036115174,2.339365542645));
#1488 = CARTESIAN_POINT('',(-2.620245044093,2.270523851402));
#1489 = CARTESIAN_POINT('',(-2.852656213865,2.174104657179));
#1490 = CARTESIAN_POINT('',(-2.973839337538,2.149999905748));
#1491 = CARTESIAN_POINT('',(-3.1,2.15));
#1492 = ( GEOMETRIC_REPRESENTATION_CONTEXT(2) 
PARAMETRIC_REPRESENTATION_CONTEXT() REPRESENTATION_CONTEXT('2D SPACE',''
  ) );
#1493 = PCURVE('',#1494,#1499);
#1494 = CYLINDRICAL_SURFACE('',#1495,0.949999290279);
#1495 = AXIS2_PLACEMENT_3D('',#1496,#1497,#1498);
#1496 = CARTESIAN_POINT('',(-7.562113134432,-0.970325376088,
    16.531901610308));
#1497 = DIRECTION('',(0.,1.,1.224646799147E-16));
#1498 = DIRECTION('',(1.,0.,0.));
#1499 = DEFINITIONAL_REPRESENTATION('',(#1500),#1526);
#1500 = B_SPLINE_CURVE_WITH_KNOTS('',3,(#1501,#1502,#1503,#1504,#1505,
    #1506,#1507,#1508,#1509,#1510,#1511,#1512,#1513,#1514,#1515,#1516,
    #1517,#1518,#1519,#1520,#1521,#1522,#1523,#1524,#1525),
  .UNSPECIFIED.,.F.,.F.,(4,1,1,1,1,1,1,1,1,1,1,1,1,1,1,1,1,1,1,1,1,1,4),
  (0.,4.545454545455E-02,9.090909090909E-02,0.136363636364,
    0.181818181818,0.227272727273,0.272727272727,0.318181818182,
    0.363636363636,0.409090909091,0.454545454545,0.5,0.545454545455,
    0.590909090909,0.636363636364,0.681818181818,0.727272727273,
    0.772727272727,0.818181818182,0.863636363636,0.909090909091,
    0.954545454545,1.),.QUASI_UNIFORM_KNOTS.);
#1501 = CARTESIAN_POINT('',(3.141591906514,0.));
#1502 = CARTESIAN_POINT('',(3.165668279193,-2.467162276945E-17));
#1503 = CARTESIAN_POINT('',(3.213529614192,-1.817245574819E-17));
#1504 = CARTESIAN_POINT('',(3.284760881359,1.006110292728E-16));
#1505 = CARTESIAN_POINT('',(3.35573806655,-3.842716613432E-16));
#1506 = CARTESIAN_POINT('',(3.426791771479,1.042079865497E-16));
#1507 = CARTESIAN_POINT('',(3.498183506082,-3.256028485566E-17));
#1508 = CARTESIAN_POINT('',(3.570398370475,2.603315287293E-17));
#1509 = CARTESIAN_POINT('',(3.641806369515,-7.157232663607E-17));
#1510 = CARTESIAN_POINT('',(3.712883316387,2.602561536713E-16));
#1511 = CARTESIAN_POINT('',(3.78389674366,3.628153415009E-16));
#1512 = CARTESIAN_POINT('',(3.855081811179,-3.792498901248E-16));
#1513 = CARTESIAN_POINT('',(3.926995474356,-1.780834105518E-16));
#1514 = CARTESIAN_POINT('',(3.99888119332,-2.406840972182E-16));
#1515 = CARTESIAN_POINT('',(4.070019510602,-1.914478301255E-16));
#1516 = CARTESIAN_POINT('',(4.140997535262,-3.257922118299E-16));
#1517 = CARTESIAN_POINT('',(4.212074554376,1.623490478949E-16));
#1518 = CARTESIAN_POINT('',(4.28352797044,-3.236039797496E-16));
#1519 = CARTESIAN_POINT('',(4.35585529852,-2.002007584467E-16));
#1520 = CARTESIAN_POINT('',(4.427211346351,-2.078606160139E-16));
#1521 = CARTESIAN_POINT('',(4.498178612906,-3.006244070478E-16));
#1522 = CARTESIAN_POINT('',(4.569076358544,7.809061465485E-17));
#1523 = CARTESIAN_POINT('',(4.640301074625,-1.173805157162E-17));
#1524 = CARTESIAN_POINT('',(4.688242579335,-2.467162276945E-17));
#1525 = CARTESIAN_POINT('',(4.71238972746,0.));
#1526 = ( GEOMETRIC_REPRESENTATION_CONTEXT(2) 
PARAMETRIC_REPRESENTATION_CONTEXT() REPRESENTATION_CONTEXT('2D SPACE',''
  ) );
#1527 = ORIENTED_EDGE('',*,*,#1528,.T.);
#1528 = EDGE_CURVE('',#1465,#1529,#1531,.T.);
#1529 = VERTEX_POINT('',#1530);
#1530 = CARTESIAN_POINT('',(1.48788757529,-0.970325376088,
    17.481900900586));
#1531 = SURFACE_CURVE('',#1532,(#1536,#1543),.PCURVE_S1.);
#1532 = LINE('',#1533,#1534);
#1533 = CARTESIAN_POINT('',(-10.66211242471,-0.970325376088,
    17.481900900586));
#1534 = VECTOR('',#1535,1.);
#1535 = DIRECTION('',(1.,0.,0.));
#1536 = PCURVE('',#33,#1537);
#1537 = DEFINITIONAL_REPRESENTATION('',(#1538),#1542);
#1538 = LINE('',#1539,#1540);
#1539 = CARTESIAN_POINT('',(0.,2.15));
#1540 = VECTOR('',#1541,1.);
#1541 = DIRECTION('',(-1.,0.));
#1542 = ( GEOMETRIC_REPRESENTATION_CONTEXT(2) 
PARAMETRIC_REPRESENTATION_CONTEXT() REPRESENTATION_CONTEXT('2D SPACE',''
  ) );
#1543 = PCURVE('',#1544,#1549);
#1544 = PLANE('',#1545);
#1545 = AXIS2_PLACEMENT_3D('',#1546,#1547,#1548);
#1546 = CARTESIAN_POINT('',(-10.66211242471,-0.970325376088,
    17.481900900586));
#1547 = DIRECTION('',(0.,-1.224646799147E-16,1.));
#1548 = DIRECTION('',(0.,-1.,-1.224646799147E-16));
#1549 = DEFINITIONAL_REPRESENTATION('',(#1550),#1554);
#1550 = LINE('',#1551,#1552);
#1551 = CARTESIAN_POINT('',(0.,0.));
#1552 = VECTOR('',#1553,1.);
#1553 = DIRECTION('',(0.,1.));
#1554 = ( GEOMETRIC_REPRESENTATION_CONTEXT(2) 
PARAMETRIC_REPRESENTATION_CONTEXT() REPRESENTATION_CONTEXT('2D SPACE',''
  ) );
#1555 = ORIENTED_EDGE('',*,*,#1556,.T.);
#1556 = EDGE_CURVE('',#1529,#1251,#1557,.T.);
#1557 = SURFACE_CURVE('',#1558,(#1569,#1583),.PCURVE_S1.);
#1558 = B_SPLINE_CURVE_WITH_KNOTS('',3,(#1559,#1560,#1561,#1562,#1563,
    #1564,#1565,#1566,#1567,#1568),.UNSPECIFIED.,.F.,.F.,(4,2,2,2,4),(0.
    ,0.25,0.5,0.75,1.),.UNSPECIFIED.);
#1559 = CARTESIAN_POINT('',(1.48788757529,-0.970325376088,
    17.481900900586));
#1560 = CARTESIAN_POINT('',(1.620312570519,-0.970325376088,
    17.481900999518));
#1561 = CARTESIAN_POINT('',(1.748349246585,-0.970325376088,
    17.456330915618));
#1562 = CARTESIAN_POINT('',(1.992793000881,-0.970325376088,
    17.355230350206));
#1563 = CARTESIAN_POINT('',(2.10142334856,-0.970325376088,
    17.282484072557));
#1564 = CARTESIAN_POINT('',(2.288565802019,-0.970325376088,
    17.095531728615));
#1565 = CARTESIAN_POINT('',(2.361020363294,-0.970325376088,
    16.986915726178));
#1566 = CARTESIAN_POINT('',(2.462514251936,-0.970325376088,
    16.742253171881));
#1567 = CARTESIAN_POINT('',(2.487887674495,-0.970325376088,
    16.614691989066));
#1568 = CARTESIAN_POINT('',(2.48788757529,-0.970325376088,
    16.481901087355));
#1569 = PCURVE('',#33,#1570);
#1570 = DEFINITIONAL_REPRESENTATION('',(#1571),#1582);
#1571 = B_SPLINE_CURVE_WITH_KNOTS('',3,(#1572,#1573,#1574,#1575,#1576,
    #1577,#1578,#1579,#1580,#1581),.UNSPECIFIED.,.F.,.F.,(4,2,2,2,4),(0.
    ,0.25,0.5,0.75,1.),.UNSPECIFIED.);
#1572 = CARTESIAN_POINT('',(-12.15,2.15));
#1573 = CARTESIAN_POINT('',(-12.28242499522,2.149999901068));
#1574 = CARTESIAN_POINT('',(-12.41046167129,2.175569984968));
#1575 = CARTESIAN_POINT('',(-12.65490542559,2.276670550381));
#1576 = CARTESIAN_POINT('',(-12.76353577327,2.349416828029));
#1577 = CARTESIAN_POINT('',(-12.95067822673,2.536369171971));
#1578 = CARTESIAN_POINT('',(-13.023132788,2.644985174408));
#1579 = CARTESIAN_POINT('',(-13.12462667664,2.889647728705));
#1580 = CARTESIAN_POINT('',(-13.1500000992,3.01720891152));
#1581 = CARTESIAN_POINT('',(-13.15,3.149999813231));
#1582 = ( GEOMETRIC_REPRESENTATION_CONTEXT(2) 
PARAMETRIC_REPRESENTATION_CONTEXT() REPRESENTATION_CONTEXT('2D SPACE',''
  ) );
#1583 = PCURVE('',#1584,#1589);
#1584 = CYLINDRICAL_SURFACE('',#1585,0.999999252925);
#1585 = AXIS2_PLACEMENT_3D('',#1586,#1587,#1588);
#1586 = CARTESIAN_POINT('',(1.487888322365,-0.970325376088,
    16.481901647661));
#1587 = DIRECTION('',(0.,1.,1.224646799147E-16));
#1588 = DIRECTION('',(1.,0.,0.));
#1589 = DEFINITIONAL_REPRESENTATION('',(#1590),#1616);
#1590 = B_SPLINE_CURVE_WITH_KNOTS('',3,(#1591,#1592,#1593,#1594,#1595,
    #1596,#1597,#1598,#1599,#1600,#1601,#1602,#1603,#1604,#1605,#1606,
    #1607,#1608,#1609,#1610,#1611,#1612,#1613,#1614,#1615),
  .UNSPECIFIED.,.F.,.F.,(4,1,1,1,1,1,1,1,1,1,1,1,1,1,1,1,1,1,1,1,1,1,4),
  (0.,4.545454545455E-02,9.090909090909E-02,0.136363636364,
    0.181818181818,0.227272727273,0.272727272727,0.318181818182,
    0.363636363636,0.409090909091,0.454545454545,0.5,0.545454545455,
    0.590909090909,0.636363636364,0.681818181818,0.727272727273,
    0.772727272727,0.818181818182,0.863636363636,0.909090909091,
    0.954545454545,1.),.QUASI_UNIFORM_KNOTS.);
#1591 = CARTESIAN_POINT('',(4.712388233309,0.));
#1592 = CARTESIAN_POINT('',(4.736466392683,-2.467162276945E-17));
#1593 = CARTESIAN_POINT('',(4.784328884995,-1.817245574819E-17));
#1594 = CARTESIAN_POINT('',(4.855557498254,1.006110292728E-16));
#1595 = CARTESIAN_POINT('',(4.926530330855,-3.842716613432E-16));
#1596 = CARTESIAN_POINT('',(4.99758126075,1.042079865497E-16));
#1597 = CARTESIAN_POINT('',(5.068974381874,-3.256028485566E-17));
#1598 = CARTESIAN_POINT('',(5.141200181941,2.603315287293E-17));
#1599 = CARTESIAN_POINT('',(5.212608805441,-7.157232663607E-17));
#1600 = CARTESIAN_POINT('',(5.28368161019,2.602561536713E-16));
#1601 = CARTESIAN_POINT('',(5.354689646929,3.628153415009E-16));
#1602 = CARTESIAN_POINT('',(5.425871486069,-3.792498901248E-16));
#1603 = CARTESIAN_POINT('',(5.49779156837,-1.780834105518E-16));
#1604 = CARTESIAN_POINT('',(5.569685103146,-2.406840972182E-16));
#1605 = CARTESIAN_POINT('',(5.640822530928,-1.914478301255E-16));
#1606 = CARTESIAN_POINT('',(5.711796937534,-3.257922118299E-16));
#1607 = CARTESIAN_POINT('',(5.782869812155,1.623490478949E-16));
#1608 = CARTESIAN_POINT('',(5.854321580957,-3.236039797496E-16));
#1609 = CARTESIAN_POINT('',(5.926654214205,-2.002007584467E-16));
#1610 = CARTESIAN_POINT('',(5.998013427011,-2.078606160139E-16));
#1611 = CARTESIAN_POINT('',(6.068982228431,-3.006244070478E-16));
#1612 = CARTESIAN_POINT('',(6.139879567055,7.809061465485E-17));
#1613 = CARTESIAN_POINT('',(6.211101906604,-1.173805157162E-17));
#1614 = CARTESIAN_POINT('',(6.259040505478,-2.467162276945E-17));
#1615 = CARTESIAN_POINT('',(6.283185867486,0.));
#1616 = ( GEOMETRIC_REPRESENTATION_CONTEXT(2) 
PARAMETRIC_REPRESENTATION_CONTEXT() REPRESENTATION_CONTEXT('2D SPACE',''
  ) );
#1617 = FACE_BOUND('',#1618,.T.);
#1618 = EDGE_LOOP('',(#1619,#1652,#1678,#1704));
#1619 = ORIENTED_EDGE('',*,*,#1620,.T.);
#1620 = EDGE_CURVE('',#1621,#1623,#1625,.T.);
#1621 = VERTEX_POINT('',#1622);
#1622 = CARTESIAN_POINT('',(-8.71211242471,-0.970375376088,
    7.431900900586));
#1623 = VERTEX_POINT('',#1624);
#1624 = CARTESIAN_POINT('',(-10.51211242471,-0.970375376088,
    7.431900900586));
#1625 = SURFACE_CURVE('',#1626,(#1631,#1639),.PCURVE_S1.);
#1626 = B_SPLINE_CURVE_WITH_KNOTS('',3,(#1627,#1628,#1629,#1630),
  .UNSPECIFIED.,.F.,.F.,(4,4),(0.,1.),.PIECEWISE_BEZIER_KNOTS.);
#1627 = CARTESIAN_POINT('',(-8.71211242471,-0.970375376088,
    7.431900900586));
#1628 = CARTESIAN_POINT('',(-9.31211242471,-0.970325376088,
    7.431900900586));
#1629 = CARTESIAN_POINT('',(-9.91211242471,-0.970325376088,
    7.431900900586));
#1630 = CARTESIAN_POINT('',(-10.51211242471,-0.970375376088,
    7.431900900586));
#1631 = PCURVE('',#33,#1632);
#1632 = DEFINITIONAL_REPRESENTATION('',(#1633),#1638);
#1633 = B_SPLINE_CURVE_WITH_KNOTS('',3,(#1634,#1635,#1636,#1637),
  .UNSPECIFIED.,.F.,.F.,(4,4),(0.,1.),.PIECEWISE_BEZIER_KNOTS.);
#1634 = CARTESIAN_POINT('',(-1.95,12.2));
#1635 = CARTESIAN_POINT('',(-1.35,12.2));
#1636 = CARTESIAN_POINT('',(-0.75,12.2));
#1637 = CARTESIAN_POINT('',(-0.15,12.2));
#1638 = ( GEOMETRIC_REPRESENTATION_CONTEXT(2) 
PARAMETRIC_REPRESENTATION_CONTEXT() REPRESENTATION_CONTEXT('2D SPACE',''
  ) );
#1639 = PCURVE('',#1640,#1645);
#1640 = PLANE('',#1641);
#1641 = AXIS2_PLACEMENT_3D('',#1642,#1643,#1644);
#1642 = CARTESIAN_POINT('',(-10.66211242471,-0.970425376088,
    19.631900900586));
#1643 = DIRECTION('',(0.,1.,1.224646799147E-16));
#1644 = DIRECTION('',(1.,0.,0.));
#1645 = DEFINITIONAL_REPRESENTATION('',(#1646),#1651);
#1646 = B_SPLINE_CURVE_WITH_KNOTS('',3,(#1647,#1648,#1649,#1650),
  .UNSPECIFIED.,.F.,.F.,(4,4),(0.,1.),.PIECEWISE_BEZIER_KNOTS.);
#1647 = CARTESIAN_POINT('',(1.95,12.2));
#1648 = CARTESIAN_POINT('',(1.35,12.2));
#1649 = CARTESIAN_POINT('',(0.75,12.2));
#1650 = CARTESIAN_POINT('',(0.15,12.2));
#1651 = ( GEOMETRIC_REPRESENTATION_CONTEXT(2) 
PARAMETRIC_REPRESENTATION_CONTEXT() REPRESENTATION_CONTEXT('2D SPACE',''
  ) );
#1652 = ORIENTED_EDGE('',*,*,#1653,.T.);
#1653 = EDGE_CURVE('',#1623,#1654,#1656,.T.);
#1654 = VERTEX_POINT('',#1655);
#1655 = CARTESIAN_POINT('',(-10.51211242471,-0.970375376088,
    8.931900900586));
#1656 = SURFACE_CURVE('',#1657,(#1662,#1670),.PCURVE_S1.);
#1657 = B_SPLINE_CURVE_WITH_KNOTS('',3,(#1658,#1659,#1660,#1661),
  .UNSPECIFIED.,.F.,.F.,(4,4),(0.,1.),.PIECEWISE_BEZIER_KNOTS.);
#1658 = CARTESIAN_POINT('',(-10.51211242471,-0.970375376088,
    7.431900900586));
#1659 = CARTESIAN_POINT('',(-10.51211242471,-0.970325376088,
    7.931900900586));
#1660 = CARTESIAN_POINT('',(-10.51211242471,-0.970325376088,
    8.431900900586));
#1661 = CARTESIAN_POINT('',(-10.51211242471,-0.970375376088,
    8.931900900586));
#1662 = PCURVE('',#33,#1663);
#1663 = DEFINITIONAL_REPRESENTATION('',(#1664),#1669);
#1664 = B_SPLINE_CURVE_WITH_KNOTS('',3,(#1665,#1666,#1667,#1668),
  .UNSPECIFIED.,.F.,.F.,(4,4),(0.,1.),.PIECEWISE_BEZIER_KNOTS.);
#1665 = CARTESIAN_POINT('',(-0.15,12.2));
#1666 = CARTESIAN_POINT('',(-0.15,11.7));
#1667 = CARTESIAN_POINT('',(-0.15,11.2));
#1668 = CARTESIAN_POINT('',(-0.15,10.7));
#1669 = ( GEOMETRIC_REPRESENTATION_CONTEXT(2) 
PARAMETRIC_REPRESENTATION_CONTEXT() REPRESENTATION_CONTEXT('2D SPACE',''
  ) );
#1670 = PCURVE('',#1640,#1671);
#1671 = DEFINITIONAL_REPRESENTATION('',(#1672),#1677);
#1672 = B_SPLINE_CURVE_WITH_KNOTS('',3,(#1673,#1674,#1675,#1676),
  .UNSPECIFIED.,.F.,.F.,(4,4),(0.,1.),.PIECEWISE_BEZIER_KNOTS.);
#1673 = CARTESIAN_POINT('',(0.15,12.2));
#1674 = CARTESIAN_POINT('',(0.15,11.7));
#1675 = CARTESIAN_POINT('',(0.15,11.2));
#1676 = CARTESIAN_POINT('',(0.15,10.7));
#1677 = ( GEOMETRIC_REPRESENTATION_CONTEXT(2) 
PARAMETRIC_REPRESENTATION_CONTEXT() REPRESENTATION_CONTEXT('2D SPACE',''
  ) );
#1678 = ORIENTED_EDGE('',*,*,#1679,.T.);
#1679 = EDGE_CURVE('',#1654,#1680,#1682,.T.);
#1680 = VERTEX_POINT('',#1681);
#1681 = CARTESIAN_POINT('',(-8.71211242471,-0.970375376088,
    8.931900900586));
#1682 = SURFACE_CURVE('',#1683,(#1688,#1696),.PCURVE_S1.);
#1683 = B_SPLINE_CURVE_WITH_KNOTS('',3,(#1684,#1685,#1686,#1687),
  .UNSPECIFIED.,.F.,.F.,(4,4),(0.,1.),.PIECEWISE_BEZIER_KNOTS.);
#1684 = CARTESIAN_POINT('',(-10.51211242471,-0.970375376088,
    8.931900900586));
#1685 = CARTESIAN_POINT('',(-9.91211242471,-0.970325376088,
    8.931900900586));
#1686 = CARTESIAN_POINT('',(-9.31211242471,-0.970325376088,
    8.931900900586));
#1687 = CARTESIAN_POINT('',(-8.71211242471,-0.970375376088,
    8.931900900586));
#1688 = PCURVE('',#33,#1689);
#1689 = DEFINITIONAL_REPRESENTATION('',(#1690),#1695);
#1690 = B_SPLINE_CURVE_WITH_KNOTS('',3,(#1691,#1692,#1693,#1694),
  .UNSPECIFIED.,.F.,.F.,(4,4),(0.,1.),.PIECEWISE_BEZIER_KNOTS.);
#1691 = CARTESIAN_POINT('',(-0.15,10.7));
#1692 = CARTESIAN_POINT('',(-0.75,10.7));
#1693 = CARTESIAN_POINT('',(-1.35,10.7));
#1694 = CARTESIAN_POINT('',(-1.95,10.7));
#1695 = ( GEOMETRIC_REPRESENTATION_CONTEXT(2) 
PARAMETRIC_REPRESENTATION_CONTEXT() REPRESENTATION_CONTEXT('2D SPACE',''
  ) );
#1696 = PCURVE('',#1640,#1697);
#1697 = DEFINITIONAL_REPRESENTATION('',(#1698),#1703);
#1698 = B_SPLINE_CURVE_WITH_KNOTS('',3,(#1699,#1700,#1701,#1702),
  .UNSPECIFIED.,.F.,.F.,(4,4),(0.,1.),.PIECEWISE_BEZIER_KNOTS.);
#1699 = CARTESIAN_POINT('',(0.15,10.7));
#1700 = CARTESIAN_POINT('',(0.75,10.7));
#1701 = CARTESIAN_POINT('',(1.35,10.7));
#1702 = CARTESIAN_POINT('',(1.95,10.7));
#1703 = ( GEOMETRIC_REPRESENTATION_CONTEXT(2) 
PARAMETRIC_REPRESENTATION_CONTEXT() REPRESENTATION_CONTEXT('2D SPACE',''
  ) );
#1704 = ORIENTED_EDGE('',*,*,#1705,.T.);
#1705 = EDGE_CURVE('',#1680,#1621,#1706,.T.);
#1706 = SURFACE_CURVE('',#1707,(#1712,#1720),.PCURVE_S1.);
#1707 = B_SPLINE_CURVE_WITH_KNOTS('',3,(#1708,#1709,#1710,#1711),
  .UNSPECIFIED.,.F.,.F.,(4,4),(0.,1.),.PIECEWISE_BEZIER_KNOTS.);
#1708 = CARTESIAN_POINT('',(-8.71211242471,-0.970375376088,
    8.931900900586));
#1709 = CARTESIAN_POINT('',(-8.71211242471,-0.970325376088,
    8.431900900586));
#1710 = CARTESIAN_POINT('',(-8.71211242471,-0.970325376088,
    7.931900900586));
#1711 = CARTESIAN_POINT('',(-8.71211242471,-0.970375376088,
    7.431900900586));
#1712 = PCURVE('',#33,#1713);
#1713 = DEFINITIONAL_REPRESENTATION('',(#1714),#1719);
#1714 = B_SPLINE_CURVE_WITH_KNOTS('',3,(#1715,#1716,#1717,#1718),
  .UNSPECIFIED.,.F.,.F.,(4,4),(0.,1.),.PIECEWISE_BEZIER_KNOTS.);
#1715 = CARTESIAN_POINT('',(-1.95,10.7));
#1716 = CARTESIAN_POINT('',(-1.95,11.2));
#1717 = CARTESIAN_POINT('',(-1.95,11.7));
#1718 = CARTESIAN_POINT('',(-1.95,12.2));
#1719 = ( GEOMETRIC_REPRESENTATION_CONTEXT(2) 
PARAMETRIC_REPRESENTATION_CONTEXT() REPRESENTATION_CONTEXT('2D SPACE',''
  ) );
#1720 = PCURVE('',#1640,#1721);
#1721 = DEFINITIONAL_REPRESENTATION('',(#1722),#1727);
#1722 = B_SPLINE_CURVE_WITH_KNOTS('',3,(#1723,#1724,#1725,#1726),
  .UNSPECIFIED.,.F.,.F.,(4,4),(0.,1.),.PIECEWISE_BEZIER_KNOTS.);
#1723 = CARTESIAN_POINT('',(1.95,10.7));
#1724 = CARTESIAN_POINT('',(1.95,11.2));
#1725 = CARTESIAN_POINT('',(1.95,11.7));
#1726 = CARTESIAN_POINT('',(1.95,12.2));
#1727 = ( GEOMETRIC_REPRESENTATION_CONTEXT(2) 
PARAMETRIC_REPRESENTATION_CONTEXT() REPRESENTATION_CONTEXT('2D SPACE',''
  ) );
#1728 = FACE_BOUND('',#1729,.T.);
#1729 = EDGE_LOOP('',(#1730,#1763,#1789,#1815));
#1730 = ORIENTED_EDGE('',*,*,#1731,.T.);
#1731 = EDGE_CURVE('',#1732,#1734,#1736,.T.);
#1732 = VERTEX_POINT('',#1733);
#1733 = CARTESIAN_POINT('',(-8.71211242471,-0.970375376088,
    11.231900900586));
#1734 = VERTEX_POINT('',#1735);
#1735 = CARTESIAN_POINT('',(-10.51211242471,-0.970375376088,
    11.231900900586));
#1736 = SURFACE_CURVE('',#1737,(#1742,#1750),.PCURVE_S1.);
#1737 = B_SPLINE_CURVE_WITH_KNOTS('',3,(#1738,#1739,#1740,#1741),
  .UNSPECIFIED.,.F.,.F.,(4,4),(0.,1.),.PIECEWISE_BEZIER_KNOTS.);
#1738 = CARTESIAN_POINT('',(-8.71211242471,-0.970375376088,
    11.231900900586));
#1739 = CARTESIAN_POINT('',(-9.31211242471,-0.970325376088,
    11.231900900586));
#1740 = CARTESIAN_POINT('',(-9.91211242471,-0.970325376088,
    11.231900900586));
#1741 = CARTESIAN_POINT('',(-10.51211242471,-0.970375376088,
    11.231900900586));
#1742 = PCURVE('',#33,#1743);
#1743 = DEFINITIONAL_REPRESENTATION('',(#1744),#1749);
#1744 = B_SPLINE_CURVE_WITH_KNOTS('',3,(#1745,#1746,#1747,#1748),
  .UNSPECIFIED.,.F.,.F.,(4,4),(0.,1.),.PIECEWISE_BEZIER_KNOTS.);
#1745 = CARTESIAN_POINT('',(-1.95,8.4));
#1746 = CARTESIAN_POINT('',(-1.35,8.4));
#1747 = CARTESIAN_POINT('',(-0.75,8.4));
#1748 = CARTESIAN_POINT('',(-0.15,8.4));
#1749 = ( GEOMETRIC_REPRESENTATION_CONTEXT(2) 
PARAMETRIC_REPRESENTATION_CONTEXT() REPRESENTATION_CONTEXT('2D SPACE',''
  ) );
#1750 = PCURVE('',#1751,#1756);
#1751 = PLANE('',#1752);
#1752 = AXIS2_PLACEMENT_3D('',#1753,#1754,#1755);
#1753 = CARTESIAN_POINT('',(-10.66211242471,-0.970425376088,
    19.631900900586));
#1754 = DIRECTION('',(0.,1.,1.224646799147E-16));
#1755 = DIRECTION('',(1.,0.,0.));
#1756 = DEFINITIONAL_REPRESENTATION('',(#1757),#1762);
#1757 = B_SPLINE_CURVE_WITH_KNOTS('',3,(#1758,#1759,#1760,#1761),
  .UNSPECIFIED.,.F.,.F.,(4,4),(0.,1.),.PIECEWISE_BEZIER_KNOTS.);
#1758 = CARTESIAN_POINT('',(1.95,8.4));
#1759 = CARTESIAN_POINT('',(1.35,8.4));
#1760 = CARTESIAN_POINT('',(0.75,8.4));
#1761 = CARTESIAN_POINT('',(0.15,8.4));
#1762 = ( GEOMETRIC_REPRESENTATION_CONTEXT(2) 
PARAMETRIC_REPRESENTATION_CONTEXT() REPRESENTATION_CONTEXT('2D SPACE',''
  ) );
#1763 = ORIENTED_EDGE('',*,*,#1764,.T.);
#1764 = EDGE_CURVE('',#1734,#1765,#1767,.T.);
#1765 = VERTEX_POINT('',#1766);
#1766 = CARTESIAN_POINT('',(-10.51211242471,-0.970375376088,
    12.731900900586));
#1767 = SURFACE_CURVE('',#1768,(#1773,#1781),.PCURVE_S1.);
#1768 = B_SPLINE_CURVE_WITH_KNOTS('',3,(#1769,#1770,#1771,#1772),
  .UNSPECIFIED.,.F.,.F.,(4,4),(0.,1.),.PIECEWISE_BEZIER_KNOTS.);
#1769 = CARTESIAN_POINT('',(-10.51211242471,-0.970375376088,
    11.231900900586));
#1770 = CARTESIAN_POINT('',(-10.51211242471,-0.970325376088,
    11.731900900586));
#1771 = CARTESIAN_POINT('',(-10.51211242471,-0.970325376088,
    12.231900900586));
#1772 = CARTESIAN_POINT('',(-10.51211242471,-0.970375376088,
    12.731900900586));
#1773 = PCURVE('',#33,#1774);
#1774 = DEFINITIONAL_REPRESENTATION('',(#1775),#1780);
#1775 = B_SPLINE_CURVE_WITH_KNOTS('',3,(#1776,#1777,#1778,#1779),
  .UNSPECIFIED.,.F.,.F.,(4,4),(0.,1.),.PIECEWISE_BEZIER_KNOTS.);
#1776 = CARTESIAN_POINT('',(-0.15,8.4));
#1777 = CARTESIAN_POINT('',(-0.15,7.9));
#1778 = CARTESIAN_POINT('',(-0.15,7.4));
#1779 = CARTESIAN_POINT('',(-0.15,6.9));
#1780 = ( GEOMETRIC_REPRESENTATION_CONTEXT(2) 
PARAMETRIC_REPRESENTATION_CONTEXT() REPRESENTATION_CONTEXT('2D SPACE',''
  ) );
#1781 = PCURVE('',#1751,#1782);
#1782 = DEFINITIONAL_REPRESENTATION('',(#1783),#1788);
#1783 = B_SPLINE_CURVE_WITH_KNOTS('',3,(#1784,#1785,#1786,#1787),
  .UNSPECIFIED.,.F.,.F.,(4,4),(0.,1.),.PIECEWISE_BEZIER_KNOTS.);
#1784 = CARTESIAN_POINT('',(0.15,8.4));
#1785 = CARTESIAN_POINT('',(0.15,7.9));
#1786 = CARTESIAN_POINT('',(0.15,7.4));
#1787 = CARTESIAN_POINT('',(0.15,6.9));
#1788 = ( GEOMETRIC_REPRESENTATION_CONTEXT(2) 
PARAMETRIC_REPRESENTATION_CONTEXT() REPRESENTATION_CONTEXT('2D SPACE',''
  ) );
#1789 = ORIENTED_EDGE('',*,*,#1790,.T.);
#1790 = EDGE_CURVE('',#1765,#1791,#1793,.T.);
#1791 = VERTEX_POINT('',#1792);
#1792 = CARTESIAN_POINT('',(-8.71211242471,-0.970375376088,
    12.731900900586));
#1793 = SURFACE_CURVE('',#1794,(#1799,#1807),.PCURVE_S1.);
#1794 = B_SPLINE_CURVE_WITH_KNOTS('',3,(#1795,#1796,#1797,#1798),
  .UNSPECIFIED.,.F.,.F.,(4,4),(0.,1.),.PIECEWISE_BEZIER_KNOTS.);
#1795 = CARTESIAN_POINT('',(-10.51211242471,-0.970375376088,
    12.731900900586));
#1796 = CARTESIAN_POINT('',(-9.91211242471,-0.970325376088,
    12.731900900586));
#1797 = CARTESIAN_POINT('',(-9.31211242471,-0.970325376088,
    12.731900900586));
#1798 = CARTESIAN_POINT('',(-8.71211242471,-0.970375376088,
    12.731900900586));
#1799 = PCURVE('',#33,#1800);
#1800 = DEFINITIONAL_REPRESENTATION('',(#1801),#1806);
#1801 = B_SPLINE_CURVE_WITH_KNOTS('',3,(#1802,#1803,#1804,#1805),
  .UNSPECIFIED.,.F.,.F.,(4,4),(0.,1.),.PIECEWISE_BEZIER_KNOTS.);
#1802 = CARTESIAN_POINT('',(-0.15,6.9));
#1803 = CARTESIAN_POINT('',(-0.75,6.9));
#1804 = CARTESIAN_POINT('',(-1.35,6.9));
#1805 = CARTESIAN_POINT('',(-1.95,6.9));
#1806 = ( GEOMETRIC_REPRESENTATION_CONTEXT(2) 
PARAMETRIC_REPRESENTATION_CONTEXT() REPRESENTATION_CONTEXT('2D SPACE',''
  ) );
#1807 = PCURVE('',#1751,#1808);
#1808 = DEFINITIONAL_REPRESENTATION('',(#1809),#1814);
#1809 = B_SPLINE_CURVE_WITH_KNOTS('',3,(#1810,#1811,#1812,#1813),
  .UNSPECIFIED.,.F.,.F.,(4,4),(0.,1.),.PIECEWISE_BEZIER_KNOTS.);
#1810 = CARTESIAN_POINT('',(0.15,6.9));
#1811 = CARTESIAN_POINT('',(0.75,6.9));
#1812 = CARTESIAN_POINT('',(1.35,6.9));
#1813 = CARTESIAN_POINT('',(1.95,6.9));
#1814 = ( GEOMETRIC_REPRESENTATION_CONTEXT(2) 
PARAMETRIC_REPRESENTATION_CONTEXT() REPRESENTATION_CONTEXT('2D SPACE',''
  ) );
#1815 = ORIENTED_EDGE('',*,*,#1816,.T.);
#1816 = EDGE_CURVE('',#1791,#1732,#1817,.T.);
#1817 = SURFACE_CURVE('',#1818,(#1823,#1831),.PCURVE_S1.);
#1818 = B_SPLINE_CURVE_WITH_KNOTS('',3,(#1819,#1820,#1821,#1822),
  .UNSPECIFIED.,.F.,.F.,(4,4),(0.,1.),.PIECEWISE_BEZIER_KNOTS.);
#1819 = CARTESIAN_POINT('',(-8.71211242471,-0.970375376088,
    12.731900900586));
#1820 = CARTESIAN_POINT('',(-8.71211242471,-0.970325376088,
    12.231900900586));
#1821 = CARTESIAN_POINT('',(-8.71211242471,-0.970325376088,
    11.731900900586));
#1822 = CARTESIAN_POINT('',(-8.71211242471,-0.970375376088,
    11.231900900586));
#1823 = PCURVE('',#33,#1824);
#1824 = DEFINITIONAL_REPRESENTATION('',(#1825),#1830);
#1825 = B_SPLINE_CURVE_WITH_KNOTS('',3,(#1826,#1827,#1828,#1829),
  .UNSPECIFIED.,.F.,.F.,(4,4),(0.,1.),.PIECEWISE_BEZIER_KNOTS.);
#1826 = CARTESIAN_POINT('',(-1.95,6.9));
#1827 = CARTESIAN_POINT('',(-1.95,7.4));
#1828 = CARTESIAN_POINT('',(-1.95,7.9));
#1829 = CARTESIAN_POINT('',(-1.95,8.4));
#1830 = ( GEOMETRIC_REPRESENTATION_CONTEXT(2) 
PARAMETRIC_REPRESENTATION_CONTEXT() REPRESENTATION_CONTEXT('2D SPACE',''
  ) );
#1831 = PCURVE('',#1751,#1832);
#1832 = DEFINITIONAL_REPRESENTATION('',(#1833),#1838);
#1833 = B_SPLINE_CURVE_WITH_KNOTS('',3,(#1834,#1835,#1836,#1837),
  .UNSPECIFIED.,.F.,.F.,(4,4),(0.,1.),.PIECEWISE_BEZIER_KNOTS.);
#1834 = CARTESIAN_POINT('',(1.95,6.9));
#1835 = CARTESIAN_POINT('',(1.95,7.4));
#1836 = CARTESIAN_POINT('',(1.95,7.9));
#1837 = CARTESIAN_POINT('',(1.95,8.4));
#1838 = ( GEOMETRIC_REPRESENTATION_CONTEXT(2) 
PARAMETRIC_REPRESENTATION_CONTEXT() REPRESENTATION_CONTEXT('2D SPACE',''
  ) );
#1839 = FACE_BOUND('',#1840,.T.);
#1840 = EDGE_LOOP('',(#1841,#1874,#1900,#1926));
#1841 = ORIENTED_EDGE('',*,*,#1842,.T.);
#1842 = EDGE_CURVE('',#1843,#1845,#1847,.T.);
#1843 = VERTEX_POINT('',#1844);
#1844 = CARTESIAN_POINT('',(-8.71211242471,-0.970375376088,
    15.031900900586));
#1845 = VERTEX_POINT('',#1846);
#1846 = CARTESIAN_POINT('',(-10.51211242471,-0.970375376088,
    15.031900900586));
#1847 = SURFACE_CURVE('',#1848,(#1853,#1861),.PCURVE_S1.);
#1848 = B_SPLINE_CURVE_WITH_KNOTS('',3,(#1849,#1850,#1851,#1852),
  .UNSPECIFIED.,.F.,.F.,(4,4),(0.,1.),.PIECEWISE_BEZIER_KNOTS.);
#1849 = CARTESIAN_POINT('',(-8.71211242471,-0.970375376088,
    15.031900900586));
#1850 = CARTESIAN_POINT('',(-9.31211242471,-0.970325376088,
    15.031900900586));
#1851 = CARTESIAN_POINT('',(-9.91211242471,-0.970325376088,
    15.031900900586));
#1852 = CARTESIAN_POINT('',(-10.51211242471,-0.970375376088,
    15.031900900586));
#1853 = PCURVE('',#33,#1854);
#1854 = DEFINITIONAL_REPRESENTATION('',(#1855),#1860);
#1855 = B_SPLINE_CURVE_WITH_KNOTS('',3,(#1856,#1857,#1858,#1859),
  .UNSPECIFIED.,.F.,.F.,(4,4),(0.,1.),.PIECEWISE_BEZIER_KNOTS.);
#1856 = CARTESIAN_POINT('',(-1.95,4.6));
#1857 = CARTESIAN_POINT('',(-1.35,4.6));
#1858 = CARTESIAN_POINT('',(-0.75,4.6));
#1859 = CARTESIAN_POINT('',(-0.15,4.6));
#1860 = ( GEOMETRIC_REPRESENTATION_CONTEXT(2) 
PARAMETRIC_REPRESENTATION_CONTEXT() REPRESENTATION_CONTEXT('2D SPACE',''
  ) );
#1861 = PCURVE('',#1862,#1867);
#1862 = PLANE('',#1863);
#1863 = AXIS2_PLACEMENT_3D('',#1864,#1865,#1866);
#1864 = CARTESIAN_POINT('',(-10.66211242471,-0.970425376088,
    19.631900900586));
#1865 = DIRECTION('',(0.,1.,1.224646799147E-16));
#1866 = DIRECTION('',(1.,0.,0.));
#1867 = DEFINITIONAL_REPRESENTATION('',(#1868),#1873);
#1868 = B_SPLINE_CURVE_WITH_KNOTS('',3,(#1869,#1870,#1871,#1872),
  .UNSPECIFIED.,.F.,.F.,(4,4),(0.,1.),.PIECEWISE_BEZIER_KNOTS.);
#1869 = CARTESIAN_POINT('',(1.95,4.6));
#1870 = CARTESIAN_POINT('',(1.35,4.6));
#1871 = CARTESIAN_POINT('',(0.75,4.6));
#1872 = CARTESIAN_POINT('',(0.15,4.6));
#1873 = ( GEOMETRIC_REPRESENTATION_CONTEXT(2) 
PARAMETRIC_REPRESENTATION_CONTEXT() REPRESENTATION_CONTEXT('2D SPACE',''
  ) );
#1874 = ORIENTED_EDGE('',*,*,#1875,.T.);
#1875 = EDGE_CURVE('',#1845,#1876,#1878,.T.);
#1876 = VERTEX_POINT('',#1877);
#1877 = CARTESIAN_POINT('',(-10.51211242471,-0.970375376088,
    16.531900900586));
#1878 = SURFACE_CURVE('',#1879,(#1884,#1892),.PCURVE_S1.);
#1879 = B_SPLINE_CURVE_WITH_KNOTS('',3,(#1880,#1881,#1882,#1883),
  .UNSPECIFIED.,.F.,.F.,(4,4),(0.,1.),.PIECEWISE_BEZIER_KNOTS.);
#1880 = CARTESIAN_POINT('',(-10.51211242471,-0.970375376088,
    15.031900900586));
#1881 = CARTESIAN_POINT('',(-10.51211242471,-0.970325376088,
    15.531900900586));
#1882 = CARTESIAN_POINT('',(-10.51211242471,-0.970325376088,
    16.031900900586));
#1883 = CARTESIAN_POINT('',(-10.51211242471,-0.970375376088,
    16.531900900586));
#1884 = PCURVE('',#33,#1885);
#1885 = DEFINITIONAL_REPRESENTATION('',(#1886),#1891);
#1886 = B_SPLINE_CURVE_WITH_KNOTS('',3,(#1887,#1888,#1889,#1890),
  .UNSPECIFIED.,.F.,.F.,(4,4),(0.,1.),.PIECEWISE_BEZIER_KNOTS.);
#1887 = CARTESIAN_POINT('',(-0.15,4.6));
#1888 = CARTESIAN_POINT('',(-0.15,4.1));
#1889 = CARTESIAN_POINT('',(-0.15,3.6));
#1890 = CARTESIAN_POINT('',(-0.15,3.1));
#1891 = ( GEOMETRIC_REPRESENTATION_CONTEXT(2) 
PARAMETRIC_REPRESENTATION_CONTEXT() REPRESENTATION_CONTEXT('2D SPACE',''
  ) );
#1892 = PCURVE('',#1862,#1893);
#1893 = DEFINITIONAL_REPRESENTATION('',(#1894),#1899);
#1894 = B_SPLINE_CURVE_WITH_KNOTS('',3,(#1895,#1896,#1897,#1898),
  .UNSPECIFIED.,.F.,.F.,(4,4),(0.,1.),.PIECEWISE_BEZIER_KNOTS.);
#1895 = CARTESIAN_POINT('',(0.15,4.6));
#1896 = CARTESIAN_POINT('',(0.15,4.1));
#1897 = CARTESIAN_POINT('',(0.15,3.6));
#1898 = CARTESIAN_POINT('',(0.15,3.1));
#1899 = ( GEOMETRIC_REPRESENTATION_CONTEXT(2) 
PARAMETRIC_REPRESENTATION_CONTEXT() REPRESENTATION_CONTEXT('2D SPACE',''
  ) );
#1900 = ORIENTED_EDGE('',*,*,#1901,.T.);
#1901 = EDGE_CURVE('',#1876,#1902,#1904,.T.);
#1902 = VERTEX_POINT('',#1903);
#1903 = CARTESIAN_POINT('',(-8.71211242471,-0.970375376088,
    16.531900900586));
#1904 = SURFACE_CURVE('',#1905,(#1910,#1918),.PCURVE_S1.);
#1905 = B_SPLINE_CURVE_WITH_KNOTS('',3,(#1906,#1907,#1908,#1909),
  .UNSPECIFIED.,.F.,.F.,(4,4),(0.,1.),.PIECEWISE_BEZIER_KNOTS.);
#1906 = CARTESIAN_POINT('',(-10.51211242471,-0.970375376088,
    16.531900900586));
#1907 = CARTESIAN_POINT('',(-9.91211242471,-0.970325376088,
    16.531900900586));
#1908 = CARTESIAN_POINT('',(-9.31211242471,-0.970325376088,
    16.531900900586));
#1909 = CARTESIAN_POINT('',(-8.71211242471,-0.970375376088,
    16.531900900586));
#1910 = PCURVE('',#33,#1911);
#1911 = DEFINITIONAL_REPRESENTATION('',(#1912),#1917);
#1912 = B_SPLINE_CURVE_WITH_KNOTS('',3,(#1913,#1914,#1915,#1916),
  .UNSPECIFIED.,.F.,.F.,(4,4),(0.,1.),.PIECEWISE_BEZIER_KNOTS.);
#1913 = CARTESIAN_POINT('',(-0.15,3.1));
#1914 = CARTESIAN_POINT('',(-0.75,3.1));
#1915 = CARTESIAN_POINT('',(-1.35,3.1));
#1916 = CARTESIAN_POINT('',(-1.95,3.1));
#1917 = ( GEOMETRIC_REPRESENTATION_CONTEXT(2) 
PARAMETRIC_REPRESENTATION_CONTEXT() REPRESENTATION_CONTEXT('2D SPACE',''
  ) );
#1918 = PCURVE('',#1862,#1919);
#1919 = DEFINITIONAL_REPRESENTATION('',(#1920),#1925);
#1920 = B_SPLINE_CURVE_WITH_KNOTS('',3,(#1921,#1922,#1923,#1924),
  .UNSPECIFIED.,.F.,.F.,(4,4),(0.,1.),.PIECEWISE_BEZIER_KNOTS.);
#1921 = CARTESIAN_POINT('',(0.15,3.1));
#1922 = CARTESIAN_POINT('',(0.75,3.1));
#1923 = CARTESIAN_POINT('',(1.35,3.1));
#1924 = CARTESIAN_POINT('',(1.95,3.1));
#1925 = ( GEOMETRIC_REPRESENTATION_CONTEXT(2) 
PARAMETRIC_REPRESENTATION_CONTEXT() REPRESENTATION_CONTEXT('2D SPACE',''
  ) );
#1926 = ORIENTED_EDGE('',*,*,#1927,.T.);
#1927 = EDGE_CURVE('',#1902,#1843,#1928,.T.);
#1928 = SURFACE_CURVE('',#1929,(#1934,#1942),.PCURVE_S1.);
#1929 = B_SPLINE_CURVE_WITH_KNOTS('',3,(#1930,#1931,#1932,#1933),
  .UNSPECIFIED.,.F.,.F.,(4,4),(0.,1.),.PIECEWISE_BEZIER_KNOTS.);
#1930 = CARTESIAN_POINT('',(-8.71211242471,-0.970375376088,
    16.531900900586));
#1931 = CARTESIAN_POINT('',(-8.71211242471,-0.970325376088,
    16.031900900586));
#1932 = CARTESIAN_POINT('',(-8.71211242471,-0.970325376088,
    15.531900900586));
#1933 = CARTESIAN_POINT('',(-8.71211242471,-0.970375376088,
    15.031900900586));
#1934 = PCURVE('',#33,#1935);
#1935 = DEFINITIONAL_REPRESENTATION('',(#1936),#1941);
#1936 = B_SPLINE_CURVE_WITH_KNOTS('',3,(#1937,#1938,#1939,#1940),
  .UNSPECIFIED.,.F.,.F.,(4,4),(0.,1.),.PIECEWISE_BEZIER_KNOTS.);
#1937 = CARTESIAN_POINT('',(-1.95,3.1));
#1938 = CARTESIAN_POINT('',(-1.95,3.6));
#1939 = CARTESIAN_POINT('',(-1.95,4.1));
#1940 = CARTESIAN_POINT('',(-1.95,4.6));
#1941 = ( GEOMETRIC_REPRESENTATION_CONTEXT(2) 
PARAMETRIC_REPRESENTATION_CONTEXT() REPRESENTATION_CONTEXT('2D SPACE',''
  ) );
#1942 = PCURVE('',#1862,#1943);
#1943 = DEFINITIONAL_REPRESENTATION('',(#1944),#1949);
#1944 = B_SPLINE_CURVE_WITH_KNOTS('',3,(#1945,#1946,#1947,#1948),
  .UNSPECIFIED.,.F.,.F.,(4,4),(0.,1.),.PIECEWISE_BEZIER_KNOTS.);
#1945 = CARTESIAN_POINT('',(1.95,3.1));
#1946 = CARTESIAN_POINT('',(1.95,3.6));
#1947 = CARTESIAN_POINT('',(1.95,4.1));
#1948 = CARTESIAN_POINT('',(1.95,4.6));
#1949 = ( GEOMETRIC_REPRESENTATION_CONTEXT(2) 
PARAMETRIC_REPRESENTATION_CONTEXT() REPRESENTATION_CONTEXT('2D SPACE',''
  ) );
#1950 = FACE_BOUND('',#1951,.T.);
#1951 = EDGE_LOOP('',(#1952,#1985,#2011,#2037));
#1952 = ORIENTED_EDGE('',*,*,#1953,.T.);
#1953 = EDGE_CURVE('',#1954,#1956,#1958,.T.);
#1954 = VERTEX_POINT('',#1955);
#1955 = CARTESIAN_POINT('',(-4.16211242471,-0.970375376088,
    19.481900900586));
#1956 = VERTEX_POINT('',#1957);
#1957 = CARTESIAN_POINT('',(-4.16211242471,-0.970375376088,
    17.681900900586));
#1958 = SURFACE_CURVE('',#1959,(#1964,#1972),.PCURVE_S1.);
#1959 = B_SPLINE_CURVE_WITH_KNOTS('',3,(#1960,#1961,#1962,#1963),
  .UNSPECIFIED.,.F.,.F.,(4,4),(0.,1.),.PIECEWISE_BEZIER_KNOTS.);
#1960 = CARTESIAN_POINT('',(-4.16211242471,-0.970375376088,
    19.481900900586));
#1961 = CARTESIAN_POINT('',(-4.16211242471,-0.970325376088,
    18.881900900586));
#1962 = CARTESIAN_POINT('',(-4.16211242471,-0.970325376088,
    18.281900900586));
#1963 = CARTESIAN_POINT('',(-4.16211242471,-0.970375376088,
    17.681900900586));
#1964 = PCURVE('',#33,#1965);
#1965 = DEFINITIONAL_REPRESENTATION('',(#1966),#1971);
#1966 = B_SPLINE_CURVE_WITH_KNOTS('',3,(#1967,#1968,#1969,#1970),
  .UNSPECIFIED.,.F.,.F.,(4,4),(0.,1.),.PIECEWISE_BEZIER_KNOTS.);
#1967 = CARTESIAN_POINT('',(-6.5,0.15));
#1968 = CARTESIAN_POINT('',(-6.5,0.75));
#1969 = CARTESIAN_POINT('',(-6.5,1.35));
#1970 = CARTESIAN_POINT('',(-6.5,1.95));
#1971 = ( GEOMETRIC_REPRESENTATION_CONTEXT(2) 
PARAMETRIC_REPRESENTATION_CONTEXT() REPRESENTATION_CONTEXT('2D SPACE',''
  ) );
#1972 = PCURVE('',#1973,#1978);
#1973 = PLANE('',#1974);
#1974 = AXIS2_PLACEMENT_3D('',#1975,#1976,#1977);
#1975 = CARTESIAN_POINT('',(-10.66211242471,-0.970425376088,
    19.631900900586));
#1976 = DIRECTION('',(0.,1.,1.224646799147E-16));
#1977 = DIRECTION('',(1.,0.,0.));
#1978 = DEFINITIONAL_REPRESENTATION('',(#1979),#1984);
#1979 = B_SPLINE_CURVE_WITH_KNOTS('',3,(#1980,#1981,#1982,#1983),
  .UNSPECIFIED.,.F.,.F.,(4,4),(0.,1.),.PIECEWISE_BEZIER_KNOTS.);
#1980 = CARTESIAN_POINT('',(6.5,0.15));
#1981 = CARTESIAN_POINT('',(6.5,0.75));
#1982 = CARTESIAN_POINT('',(6.5,1.35));
#1983 = CARTESIAN_POINT('',(6.5,1.95));
#1984 = ( GEOMETRIC_REPRESENTATION_CONTEXT(2) 
PARAMETRIC_REPRESENTATION_CONTEXT() REPRESENTATION_CONTEXT('2D SPACE',''
  ) );
#1985 = ORIENTED_EDGE('',*,*,#1986,.T.);
#1986 = EDGE_CURVE('',#1956,#1987,#1989,.T.);
#1987 = VERTEX_POINT('',#1988);
#1988 = CARTESIAN_POINT('',(-5.66211242471,-0.970375376088,
    17.681900900586));
#1989 = SURFACE_CURVE('',#1990,(#1995,#2003),.PCURVE_S1.);
#1990 = B_SPLINE_CURVE_WITH_KNOTS('',3,(#1991,#1992,#1993,#1994),
  .UNSPECIFIED.,.F.,.F.,(4,4),(0.,1.),.PIECEWISE_BEZIER_KNOTS.);
#1991 = CARTESIAN_POINT('',(-4.16211242471,-0.970375376088,
    17.681900900586));
#1992 = CARTESIAN_POINT('',(-4.66211242471,-0.970325376088,
    17.681900900586));
#1993 = CARTESIAN_POINT('',(-5.16211242471,-0.970325376088,
    17.681900900586));
#1994 = CARTESIAN_POINT('',(-5.66211242471,-0.970375376088,
    17.681900900586));
#1995 = PCURVE('',#33,#1996);
#1996 = DEFINITIONAL_REPRESENTATION('',(#1997),#2002);
#1997 = B_SPLINE_CURVE_WITH_KNOTS('',3,(#1998,#1999,#2000,#2001),
  .UNSPECIFIED.,.F.,.F.,(4,4),(0.,1.),.PIECEWISE_BEZIER_KNOTS.);
#1998 = CARTESIAN_POINT('',(-6.5,1.95));
#1999 = CARTESIAN_POINT('',(-6.,1.95));
#2000 = CARTESIAN_POINT('',(-5.5,1.95));
#2001 = CARTESIAN_POINT('',(-5.,1.95));
#2002 = ( GEOMETRIC_REPRESENTATION_CONTEXT(2) 
PARAMETRIC_REPRESENTATION_CONTEXT() REPRESENTATION_CONTEXT('2D SPACE',''
  ) );
#2003 = PCURVE('',#1973,#2004);
#2004 = DEFINITIONAL_REPRESENTATION('',(#2005),#2010);
#2005 = B_SPLINE_CURVE_WITH_KNOTS('',3,(#2006,#2007,#2008,#2009),
  .UNSPECIFIED.,.F.,.F.,(4,4),(0.,1.),.PIECEWISE_BEZIER_KNOTS.);
#2006 = CARTESIAN_POINT('',(6.5,1.95));
#2007 = CARTESIAN_POINT('',(6.,1.95));
#2008 = CARTESIAN_POINT('',(5.5,1.95));
#2009 = CARTESIAN_POINT('',(5.,1.95));
#2010 = ( GEOMETRIC_REPRESENTATION_CONTEXT(2) 
PARAMETRIC_REPRESENTATION_CONTEXT() REPRESENTATION_CONTEXT('2D SPACE',''
  ) );
#2011 = ORIENTED_EDGE('',*,*,#2012,.T.);
#2012 = EDGE_CURVE('',#1987,#2013,#2015,.T.);
#2013 = VERTEX_POINT('',#2014);
#2014 = CARTESIAN_POINT('',(-5.66211242471,-0.970375376088,
    19.481900900586));
#2015 = SURFACE_CURVE('',#2016,(#2021,#2029),.PCURVE_S1.);
#2016 = B_SPLINE_CURVE_WITH_KNOTS('',3,(#2017,#2018,#2019,#2020),
  .UNSPECIFIED.,.F.,.F.,(4,4),(0.,1.),.PIECEWISE_BEZIER_KNOTS.);
#2017 = CARTESIAN_POINT('',(-5.66211242471,-0.970375376088,
    17.681900900586));
#2018 = CARTESIAN_POINT('',(-5.66211242471,-0.970325376088,
    18.281900900586));
#2019 = CARTESIAN_POINT('',(-5.66211242471,-0.970325376088,
    18.881900900586));
#2020 = CARTESIAN_POINT('',(-5.66211242471,-0.970375376088,
    19.481900900586));
#2021 = PCURVE('',#33,#2022);
#2022 = DEFINITIONAL_REPRESENTATION('',(#2023),#2028);
#2023 = B_SPLINE_CURVE_WITH_KNOTS('',3,(#2024,#2025,#2026,#2027),
  .UNSPECIFIED.,.F.,.F.,(4,4),(0.,1.),.PIECEWISE_BEZIER_KNOTS.);
#2024 = CARTESIAN_POINT('',(-5.,1.95));
#2025 = CARTESIAN_POINT('',(-5.,1.35));
#2026 = CARTESIAN_POINT('',(-5.,0.75));
#2027 = CARTESIAN_POINT('',(-5.,0.15));
#2028 = ( GEOMETRIC_REPRESENTATION_CONTEXT(2) 
PARAMETRIC_REPRESENTATION_CONTEXT() REPRESENTATION_CONTEXT('2D SPACE',''
  ) );
#2029 = PCURVE('',#1973,#2030);
#2030 = DEFINITIONAL_REPRESENTATION('',(#2031),#2036);
#2031 = B_SPLINE_CURVE_WITH_KNOTS('',3,(#2032,#2033,#2034,#2035),
  .UNSPECIFIED.,.F.,.F.,(4,4),(0.,1.),.PIECEWISE_BEZIER_KNOTS.);
#2032 = CARTESIAN_POINT('',(5.,1.95));
#2033 = CARTESIAN_POINT('',(5.,1.35));
#2034 = CARTESIAN_POINT('',(5.,0.75));
#2035 = CARTESIAN_POINT('',(5.,0.15));
#2036 = ( GEOMETRIC_REPRESENTATION_CONTEXT(2) 
PARAMETRIC_REPRESENTATION_CONTEXT() REPRESENTATION_CONTEXT('2D SPACE',''
  ) );
#2037 = ORIENTED_EDGE('',*,*,#2038,.T.);
#2038 = EDGE_CURVE('',#2013,#1954,#2039,.T.);
#2039 = SURFACE_CURVE('',#2040,(#2045,#2053),.PCURVE_S1.);
#2040 = B_SPLINE_CURVE_WITH_KNOTS('',3,(#2041,#2042,#2043,#2044),
  .UNSPECIFIED.,.F.,.F.,(4,4),(0.,1.),.PIECEWISE_BEZIER_KNOTS.);
#2041 = CARTESIAN_POINT('',(-5.66211242471,-0.970375376088,
    19.481900900586));
#2042 = CARTESIAN_POINT('',(-5.16211242471,-0.970325376088,
    19.481900900586));
#2043 = CARTESIAN_POINT('',(-4.66211242471,-0.970325376088,
    19.481900900586));
#2044 = CARTESIAN_POINT('',(-4.16211242471,-0.970375376088,
    19.481900900586));
#2045 = PCURVE('',#33,#2046);
#2046 = DEFINITIONAL_REPRESENTATION('',(#2047),#2052);
#2047 = B_SPLINE_CURVE_WITH_KNOTS('',3,(#2048,#2049,#2050,#2051),
  .UNSPECIFIED.,.F.,.F.,(4,4),(0.,1.),.PIECEWISE_BEZIER_KNOTS.);
#2048 = CARTESIAN_POINT('',(-5.,0.15));
#2049 = CARTESIAN_POINT('',(-5.5,0.15));
#2050 = CARTESIAN_POINT('',(-6.,0.15));
#2051 = CARTESIAN_POINT('',(-6.5,0.15));
#2052 = ( GEOMETRIC_REPRESENTATION_CONTEXT(2) 
PARAMETRIC_REPRESENTATION_CONTEXT() REPRESENTATION_CONTEXT('2D SPACE',''
  ) );
#2053 = PCURVE('',#1973,#2054);
#2054 = DEFINITIONAL_REPRESENTATION('',(#2055),#2060);
#2055 = B_SPLINE_CURVE_WITH_KNOTS('',3,(#2056,#2057,#2058,#2059),
  .UNSPECIFIED.,.F.,.F.,(4,4),(0.,1.),.PIECEWISE_BEZIER_KNOTS.);
#2056 = CARTESIAN_POINT('',(5.,0.15));
#2057 = CARTESIAN_POINT('',(5.5,0.15));
#2058 = CARTESIAN_POINT('',(6.,0.15));
#2059 = CARTESIAN_POINT('',(6.5,0.15));
#2060 = ( GEOMETRIC_REPRESENTATION_CONTEXT(2) 
PARAMETRIC_REPRESENTATION_CONTEXT() REPRESENTATION_CONTEXT('2D SPACE',''
  ) );
#2061 = FACE_BOUND('',#2062,.T.);
#2062 = EDGE_LOOP('',(#2063,#2096,#2122,#2148));
#2063 = ORIENTED_EDGE('',*,*,#2064,.T.);
#2064 = EDGE_CURVE('',#2065,#2067,#2069,.T.);
#2065 = VERTEX_POINT('',#2066);
#2066 = CARTESIAN_POINT('',(-0.36211242471,-0.970375376088,
    19.481900900586));
#2067 = VERTEX_POINT('',#2068);
#2068 = CARTESIAN_POINT('',(-0.36211242471,-0.970375376088,
    17.681900900586));
#2069 = SURFACE_CURVE('',#2070,(#2075,#2083),.PCURVE_S1.);
#2070 = B_SPLINE_CURVE_WITH_KNOTS('',3,(#2071,#2072,#2073,#2074),
  .UNSPECIFIED.,.F.,.F.,(4,4),(0.,1.),.PIECEWISE_BEZIER_KNOTS.);
#2071 = CARTESIAN_POINT('',(-0.36211242471,-0.970375376088,
    19.481900900586));
#2072 = CARTESIAN_POINT('',(-0.36211242471,-0.970325376088,
    18.881900900586));
#2073 = CARTESIAN_POINT('',(-0.36211242471,-0.970325376088,
    18.281900900586));
#2074 = CARTESIAN_POINT('',(-0.36211242471,-0.970375376088,
    17.681900900586));
#2075 = PCURVE('',#33,#2076);
#2076 = DEFINITIONAL_REPRESENTATION('',(#2077),#2082);
#2077 = B_SPLINE_CURVE_WITH_KNOTS('',3,(#2078,#2079,#2080,#2081),
  .UNSPECIFIED.,.F.,.F.,(4,4),(0.,1.),.PIECEWISE_BEZIER_KNOTS.);
#2078 = CARTESIAN_POINT('',(-10.3,0.15));
#2079 = CARTESIAN_POINT('',(-10.3,0.75));
#2080 = CARTESIAN_POINT('',(-10.3,1.35));
#2081 = CARTESIAN_POINT('',(-10.3,1.95));
#2082 = ( GEOMETRIC_REPRESENTATION_CONTEXT(2) 
PARAMETRIC_REPRESENTATION_CONTEXT() REPRESENTATION_CONTEXT('2D SPACE',''
  ) );
#2083 = PCURVE('',#2084,#2089);
#2084 = PLANE('',#2085);
#2085 = AXIS2_PLACEMENT_3D('',#2086,#2087,#2088);
#2086 = CARTESIAN_POINT('',(-10.66211242471,-0.970425376088,
    19.631900900586));
#2087 = DIRECTION('',(0.,1.,1.224646799147E-16));
#2088 = DIRECTION('',(1.,0.,0.));
#2089 = DEFINITIONAL_REPRESENTATION('',(#2090),#2095);
#2090 = B_SPLINE_CURVE_WITH_KNOTS('',3,(#2091,#2092,#2093,#2094),
  .UNSPECIFIED.,.F.,.F.,(4,4),(0.,1.),.PIECEWISE_BEZIER_KNOTS.);
#2091 = CARTESIAN_POINT('',(10.3,0.15));
#2092 = CARTESIAN_POINT('',(10.3,0.75));
#2093 = CARTESIAN_POINT('',(10.3,1.35));
#2094 = CARTESIAN_POINT('',(10.3,1.95));
#2095 = ( GEOMETRIC_REPRESENTATION_CONTEXT(2) 
PARAMETRIC_REPRESENTATION_CONTEXT() REPRESENTATION_CONTEXT('2D SPACE',''
  ) );
#2096 = ORIENTED_EDGE('',*,*,#2097,.T.);
#2097 = EDGE_CURVE('',#2067,#2098,#2100,.T.);
#2098 = VERTEX_POINT('',#2099);
#2099 = CARTESIAN_POINT('',(-1.86211242471,-0.970375376088,
    17.681900900586));
#2100 = SURFACE_CURVE('',#2101,(#2106,#2114),.PCURVE_S1.);
#2101 = B_SPLINE_CURVE_WITH_KNOTS('',3,(#2102,#2103,#2104,#2105),
  .UNSPECIFIED.,.F.,.F.,(4,4),(0.,1.),.PIECEWISE_BEZIER_KNOTS.);
#2102 = CARTESIAN_POINT('',(-0.36211242471,-0.970375376088,
    17.681900900586));
#2103 = CARTESIAN_POINT('',(-0.86211242471,-0.970325376088,
    17.681900900586));
#2104 = CARTESIAN_POINT('',(-1.36211242471,-0.970325376088,
    17.681900900586));
#2105 = CARTESIAN_POINT('',(-1.86211242471,-0.970375376088,
    17.681900900586));
#2106 = PCURVE('',#33,#2107);
#2107 = DEFINITIONAL_REPRESENTATION('',(#2108),#2113);
#2108 = B_SPLINE_CURVE_WITH_KNOTS('',3,(#2109,#2110,#2111,#2112),
  .UNSPECIFIED.,.F.,.F.,(4,4),(0.,1.),.PIECEWISE_BEZIER_KNOTS.);
#2109 = CARTESIAN_POINT('',(-10.3,1.95));
#2110 = CARTESIAN_POINT('',(-9.8,1.95));
#2111 = CARTESIAN_POINT('',(-9.3,1.95));
#2112 = CARTESIAN_POINT('',(-8.8,1.95));
#2113 = ( GEOMETRIC_REPRESENTATION_CONTEXT(2) 
PARAMETRIC_REPRESENTATION_CONTEXT() REPRESENTATION_CONTEXT('2D SPACE',''
  ) );
#2114 = PCURVE('',#2084,#2115);
#2115 = DEFINITIONAL_REPRESENTATION('',(#2116),#2121);
#2116 = B_SPLINE_CURVE_WITH_KNOTS('',3,(#2117,#2118,#2119,#2120),
  .UNSPECIFIED.,.F.,.F.,(4,4),(0.,1.),.PIECEWISE_BEZIER_KNOTS.);
#2117 = CARTESIAN_POINT('',(10.3,1.95));
#2118 = CARTESIAN_POINT('',(9.8,1.95));
#2119 = CARTESIAN_POINT('',(9.3,1.95));
#2120 = CARTESIAN_POINT('',(8.8,1.95));
#2121 = ( GEOMETRIC_REPRESENTATION_CONTEXT(2) 
PARAMETRIC_REPRESENTATION_CONTEXT() REPRESENTATION_CONTEXT('2D SPACE',''
  ) );
#2122 = ORIENTED_EDGE('',*,*,#2123,.T.);
#2123 = EDGE_CURVE('',#2098,#2124,#2126,.T.);
#2124 = VERTEX_POINT('',#2125);
#2125 = CARTESIAN_POINT('',(-1.86211242471,-0.970375376088,
    19.481900900586));
#2126 = SURFACE_CURVE('',#2127,(#2132,#2140),.PCURVE_S1.);
#2127 = B_SPLINE_CURVE_WITH_KNOTS('',3,(#2128,#2129,#2130,#2131),
  .UNSPECIFIED.,.F.,.F.,(4,4),(0.,1.),.PIECEWISE_BEZIER_KNOTS.);
#2128 = CARTESIAN_POINT('',(-1.86211242471,-0.970375376088,
    17.681900900586));
#2129 = CARTESIAN_POINT('',(-1.86211242471,-0.970325376088,
    18.281900900586));
#2130 = CARTESIAN_POINT('',(-1.86211242471,-0.970325376088,
    18.881900900586));
#2131 = CARTESIAN_POINT('',(-1.86211242471,-0.970375376088,
    19.481900900586));
#2132 = PCURVE('',#33,#2133);
#2133 = DEFINITIONAL_REPRESENTATION('',(#2134),#2139);
#2134 = B_SPLINE_CURVE_WITH_KNOTS('',3,(#2135,#2136,#2137,#2138),
  .UNSPECIFIED.,.F.,.F.,(4,4),(0.,1.),.PIECEWISE_BEZIER_KNOTS.);
#2135 = CARTESIAN_POINT('',(-8.8,1.95));
#2136 = CARTESIAN_POINT('',(-8.8,1.35));
#2137 = CARTESIAN_POINT('',(-8.8,0.75));
#2138 = CARTESIAN_POINT('',(-8.8,0.15));
#2139 = ( GEOMETRIC_REPRESENTATION_CONTEXT(2) 
PARAMETRIC_REPRESENTATION_CONTEXT() REPRESENTATION_CONTEXT('2D SPACE',''
  ) );
#2140 = PCURVE('',#2084,#2141);
#2141 = DEFINITIONAL_REPRESENTATION('',(#2142),#2147);
#2142 = B_SPLINE_CURVE_WITH_KNOTS('',3,(#2143,#2144,#2145,#2146),
  .UNSPECIFIED.,.F.,.F.,(4,4),(0.,1.),.PIECEWISE_BEZIER_KNOTS.);
#2143 = CARTESIAN_POINT('',(8.8,1.95));
#2144 = CARTESIAN_POINT('',(8.8,1.35));
#2145 = CARTESIAN_POINT('',(8.8,0.75));
#2146 = CARTESIAN_POINT('',(8.8,0.15));
#2147 = ( GEOMETRIC_REPRESENTATION_CONTEXT(2) 
PARAMETRIC_REPRESENTATION_CONTEXT() REPRESENTATION_CONTEXT('2D SPACE',''
  ) );
#2148 = ORIENTED_EDGE('',*,*,#2149,.T.);
#2149 = EDGE_CURVE('',#2124,#2065,#2150,.T.);
#2150 = SURFACE_CURVE('',#2151,(#2156,#2164),.PCURVE_S1.);
#2151 = B_SPLINE_CURVE_WITH_KNOTS('',3,(#2152,#2153,#2154,#2155),
  .UNSPECIFIED.,.F.,.F.,(4,4),(0.,1.),.PIECEWISE_BEZIER_KNOTS.);
#2152 = CARTESIAN_POINT('',(-1.86211242471,-0.970375376088,
    19.481900900586));
#2153 = CARTESIAN_POINT('',(-1.36211242471,-0.970325376088,
    19.481900900586));
#2154 = CARTESIAN_POINT('',(-0.86211242471,-0.970325376088,
    19.481900900586));
#2155 = CARTESIAN_POINT('',(-0.36211242471,-0.970375376088,
    19.481900900586));
#2156 = PCURVE('',#33,#2157);
#2157 = DEFINITIONAL_REPRESENTATION('',(#2158),#2163);
#2158 = B_SPLINE_CURVE_WITH_KNOTS('',3,(#2159,#2160,#2161,#2162),
  .UNSPECIFIED.,.F.,.F.,(4,4),(0.,1.),.PIECEWISE_BEZIER_KNOTS.);
#2159 = CARTESIAN_POINT('',(-8.8,0.15));
#2160 = CARTESIAN_POINT('',(-9.3,0.15));
#2161 = CARTESIAN_POINT('',(-9.8,0.15));
#2162 = CARTESIAN_POINT('',(-10.3,0.15));
#2163 = ( GEOMETRIC_REPRESENTATION_CONTEXT(2) 
PARAMETRIC_REPRESENTATION_CONTEXT() REPRESENTATION_CONTEXT('2D SPACE',''
  ) );
#2164 = PCURVE('',#2084,#2165);
#2165 = DEFINITIONAL_REPRESENTATION('',(#2166),#2171);
#2166 = B_SPLINE_CURVE_WITH_KNOTS('',3,(#2167,#2168,#2169,#2170),
  .UNSPECIFIED.,.F.,.F.,(4,4),(0.,1.),.PIECEWISE_BEZIER_KNOTS.);
#2167 = CARTESIAN_POINT('',(8.8,0.15));
#2168 = CARTESIAN_POINT('',(9.3,0.15));
#2169 = CARTESIAN_POINT('',(9.8,0.15));
#2170 = CARTESIAN_POINT('',(10.3,0.15));
#2171 = ( GEOMETRIC_REPRESENTATION_CONTEXT(2) 
PARAMETRIC_REPRESENTATION_CONTEXT() REPRESENTATION_CONTEXT('2D SPACE',''
  ) );
#2172 = FACE_BOUND('',#2173,.T.);
#2173 = EDGE_LOOP('',(#2174,#2207,#2233,#2259));
#2174 = ORIENTED_EDGE('',*,*,#2175,.T.);
#2175 = EDGE_CURVE('',#2176,#2178,#2180,.T.);
#2176 = VERTEX_POINT('',#2177);
#2177 = CARTESIAN_POINT('',(4.48788757529,-0.970375376088,
    15.031900900586));
#2178 = VERTEX_POINT('',#2179);
#2179 = CARTESIAN_POINT('',(2.68788757529,-0.970375376088,
    15.031900900586));
#2180 = SURFACE_CURVE('',#2181,(#2186,#2194),.PCURVE_S1.);
#2181 = B_SPLINE_CURVE_WITH_KNOTS('',3,(#2182,#2183,#2184,#2185),
  .UNSPECIFIED.,.F.,.F.,(4,4),(0.,1.),.PIECEWISE_BEZIER_KNOTS.);
#2182 = CARTESIAN_POINT('',(4.48788757529,-0.970375376088,
    15.031900900586));
#2183 = CARTESIAN_POINT('',(3.88788757529,-0.970325376088,
    15.031900900586));
#2184 = CARTESIAN_POINT('',(3.28788757529,-0.970325376088,
    15.031900900586));
#2185 = CARTESIAN_POINT('',(2.68788757529,-0.970375376088,
    15.031900900586));
#2186 = PCURVE('',#33,#2187);
#2187 = DEFINITIONAL_REPRESENTATION('',(#2188),#2193);
#2188 = B_SPLINE_CURVE_WITH_KNOTS('',3,(#2189,#2190,#2191,#2192),
  .UNSPECIFIED.,.F.,.F.,(4,4),(0.,1.),.PIECEWISE_BEZIER_KNOTS.);
#2189 = CARTESIAN_POINT('',(-15.15,4.6));
#2190 = CARTESIAN_POINT('',(-14.55,4.6));
#2191 = CARTESIAN_POINT('',(-13.95,4.6));
#2192 = CARTESIAN_POINT('',(-13.35,4.6));
#2193 = ( GEOMETRIC_REPRESENTATION_CONTEXT(2) 
PARAMETRIC_REPRESENTATION_CONTEXT() REPRESENTATION_CONTEXT('2D SPACE',''
  ) );
#2194 = PCURVE('',#2195,#2200);
#2195 = PLANE('',#2196);
#2196 = AXIS2_PLACEMENT_3D('',#2197,#2198,#2199);
#2197 = CARTESIAN_POINT('',(-10.66211242471,-0.970425376088,
    19.631900900586));
#2198 = DIRECTION('',(0.,1.,1.224646799147E-16));
#2199 = DIRECTION('',(1.,0.,0.));
#2200 = DEFINITIONAL_REPRESENTATION('',(#2201),#2206);
#2201 = B_SPLINE_CURVE_WITH_KNOTS('',3,(#2202,#2203,#2204,#2205),
  .UNSPECIFIED.,.F.,.F.,(4,4),(0.,1.),.PIECEWISE_BEZIER_KNOTS.);
#2202 = CARTESIAN_POINT('',(15.15,4.6));
#2203 = CARTESIAN_POINT('',(14.55,4.6));
#2204 = CARTESIAN_POINT('',(13.95,4.6));
#2205 = CARTESIAN_POINT('',(13.35,4.6));
#2206 = ( GEOMETRIC_REPRESENTATION_CONTEXT(2) 
PARAMETRIC_REPRESENTATION_CONTEXT() REPRESENTATION_CONTEXT('2D SPACE',''
  ) );
#2207 = ORIENTED_EDGE('',*,*,#2208,.T.);
#2208 = EDGE_CURVE('',#2178,#2209,#2211,.T.);
#2209 = VERTEX_POINT('',#2210);
#2210 = CARTESIAN_POINT('',(2.68788757529,-0.970375376088,
    16.531900900586));
#2211 = SURFACE_CURVE('',#2212,(#2217,#2225),.PCURVE_S1.);
#2212 = B_SPLINE_CURVE_WITH_KNOTS('',3,(#2213,#2214,#2215,#2216),
  .UNSPECIFIED.,.F.,.F.,(4,4),(0.,1.),.PIECEWISE_BEZIER_KNOTS.);
#2213 = CARTESIAN_POINT('',(2.68788757529,-0.970375376088,
    15.031900900586));
#2214 = CARTESIAN_POINT('',(2.68788757529,-0.970325376088,
    15.531900900586));
#2215 = CARTESIAN_POINT('',(2.68788757529,-0.970325376088,
    16.031900900586));
#2216 = CARTESIAN_POINT('',(2.68788757529,-0.970375376088,
    16.531900900586));
#2217 = PCURVE('',#33,#2218);
#2218 = DEFINITIONAL_REPRESENTATION('',(#2219),#2224);
#2219 = B_SPLINE_CURVE_WITH_KNOTS('',3,(#2220,#2221,#2222,#2223),
  .UNSPECIFIED.,.F.,.F.,(4,4),(0.,1.),.PIECEWISE_BEZIER_KNOTS.);
#2220 = CARTESIAN_POINT('',(-13.35,4.6));
#2221 = CARTESIAN_POINT('',(-13.35,4.1));
#2222 = CARTESIAN_POINT('',(-13.35,3.6));
#2223 = CARTESIAN_POINT('',(-13.35,3.1));
#2224 = ( GEOMETRIC_REPRESENTATION_CONTEXT(2) 
PARAMETRIC_REPRESENTATION_CONTEXT() REPRESENTATION_CONTEXT('2D SPACE',''
  ) );
#2225 = PCURVE('',#2195,#2226);
#2226 = DEFINITIONAL_REPRESENTATION('',(#2227),#2232);
#2227 = B_SPLINE_CURVE_WITH_KNOTS('',3,(#2228,#2229,#2230,#2231),
  .UNSPECIFIED.,.F.,.F.,(4,4),(0.,1.),.PIECEWISE_BEZIER_KNOTS.);
#2228 = CARTESIAN_POINT('',(13.35,4.6));
#2229 = CARTESIAN_POINT('',(13.35,4.1));
#2230 = CARTESIAN_POINT('',(13.35,3.6));
#2231 = CARTESIAN_POINT('',(13.35,3.1));
#2232 = ( GEOMETRIC_REPRESENTATION_CONTEXT(2) 
PARAMETRIC_REPRESENTATION_CONTEXT() REPRESENTATION_CONTEXT('2D SPACE',''
  ) );
#2233 = ORIENTED_EDGE('',*,*,#2234,.T.);
#2234 = EDGE_CURVE('',#2209,#2235,#2237,.T.);
#2235 = VERTEX_POINT('',#2236);
#2236 = CARTESIAN_POINT('',(4.48788757529,-0.970375376088,
    16.531900900586));
#2237 = SURFACE_CURVE('',#2238,(#2243,#2251),.PCURVE_S1.);
#2238 = B_SPLINE_CURVE_WITH_KNOTS('',3,(#2239,#2240,#2241,#2242),
  .UNSPECIFIED.,.F.,.F.,(4,4),(0.,1.),.PIECEWISE_BEZIER_KNOTS.);
#2239 = CARTESIAN_POINT('',(2.68788757529,-0.970375376088,
    16.531900900586));
#2240 = CARTESIAN_POINT('',(3.28788757529,-0.970325376088,
    16.531900900586));
#2241 = CARTESIAN_POINT('',(3.88788757529,-0.970325376088,
    16.531900900586));
#2242 = CARTESIAN_POINT('',(4.48788757529,-0.970375376088,
    16.531900900586));
#2243 = PCURVE('',#33,#2244);
#2244 = DEFINITIONAL_REPRESENTATION('',(#2245),#2250);
#2245 = B_SPLINE_CURVE_WITH_KNOTS('',3,(#2246,#2247,#2248,#2249),
  .UNSPECIFIED.,.F.,.F.,(4,4),(0.,1.),.PIECEWISE_BEZIER_KNOTS.);
#2246 = CARTESIAN_POINT('',(-13.35,3.1));
#2247 = CARTESIAN_POINT('',(-13.95,3.1));
#2248 = CARTESIAN_POINT('',(-14.55,3.1));
#2249 = CARTESIAN_POINT('',(-15.15,3.1));
#2250 = ( GEOMETRIC_REPRESENTATION_CONTEXT(2) 
PARAMETRIC_REPRESENTATION_CONTEXT() REPRESENTATION_CONTEXT('2D SPACE',''
  ) );
#2251 = PCURVE('',#2195,#2252);
#2252 = DEFINITIONAL_REPRESENTATION('',(#2253),#2258);
#2253 = B_SPLINE_CURVE_WITH_KNOTS('',3,(#2254,#2255,#2256,#2257),
  .UNSPECIFIED.,.F.,.F.,(4,4),(0.,1.),.PIECEWISE_BEZIER_KNOTS.);
#2254 = CARTESIAN_POINT('',(13.35,3.1));
#2255 = CARTESIAN_POINT('',(13.95,3.1));
#2256 = CARTESIAN_POINT('',(14.55,3.1));
#2257 = CARTESIAN_POINT('',(15.15,3.1));
#2258 = ( GEOMETRIC_REPRESENTATION_CONTEXT(2) 
PARAMETRIC_REPRESENTATION_CONTEXT() REPRESENTATION_CONTEXT('2D SPACE',''
  ) );
#2259 = ORIENTED_EDGE('',*,*,#2260,.T.);
#2260 = EDGE_CURVE('',#2235,#2176,#2261,.T.);
#2261 = SURFACE_CURVE('',#2262,(#2267,#2275),.PCURVE_S1.);
#2262 = B_SPLINE_CURVE_WITH_KNOTS('',3,(#2263,#2264,#2265,#2266),
  .UNSPECIFIED.,.F.,.F.,(4,4),(0.,1.),.PIECEWISE_BEZIER_KNOTS.);
#2263 = CARTESIAN_POINT('',(4.48788757529,-0.970375376088,
    16.531900900586));
#2264 = CARTESIAN_POINT('',(4.48788757529,-0.970325376088,
    16.031900900586));
#2265 = CARTESIAN_POINT('',(4.48788757529,-0.970325376088,
    15.531900900586));
#2266 = CARTESIAN_POINT('',(4.48788757529,-0.970375376088,
    15.031900900586));
#2267 = PCURVE('',#33,#2268);
#2268 = DEFINITIONAL_REPRESENTATION('',(#2269),#2274);
#2269 = B_SPLINE_CURVE_WITH_KNOTS('',3,(#2270,#2271,#2272,#2273),
  .UNSPECIFIED.,.F.,.F.,(4,4),(0.,1.),.PIECEWISE_BEZIER_KNOTS.);
#2270 = CARTESIAN_POINT('',(-15.15,3.1));
#2271 = CARTESIAN_POINT('',(-15.15,3.6));
#2272 = CARTESIAN_POINT('',(-15.15,4.1));
#2273 = CARTESIAN_POINT('',(-15.15,4.6));
#2274 = ( GEOMETRIC_REPRESENTATION_CONTEXT(2) 
PARAMETRIC_REPRESENTATION_CONTEXT() REPRESENTATION_CONTEXT('2D SPACE',''
  ) );
#2275 = PCURVE('',#2195,#2276);
#2276 = DEFINITIONAL_REPRESENTATION('',(#2277),#2282);
#2277 = B_SPLINE_CURVE_WITH_KNOTS('',3,(#2278,#2279,#2280,#2281),
  .UNSPECIFIED.,.F.,.F.,(4,4),(0.,1.),.PIECEWISE_BEZIER_KNOTS.);
#2278 = CARTESIAN_POINT('',(15.15,3.1));
#2279 = CARTESIAN_POINT('',(15.15,3.6));
#2280 = CARTESIAN_POINT('',(15.15,4.1));
#2281 = CARTESIAN_POINT('',(15.15,4.6));
#2282 = ( GEOMETRIC_REPRESENTATION_CONTEXT(2) 
PARAMETRIC_REPRESENTATION_CONTEXT() REPRESENTATION_CONTEXT('2D SPACE',''
  ) );
#2283 = FACE_BOUND('',#2284,.T.);
#2284 = EDGE_LOOP('',(#2285,#2318,#2344,#2370));
#2285 = ORIENTED_EDGE('',*,*,#2286,.T.);
#2286 = EDGE_CURVE('',#2287,#2289,#2291,.T.);
#2287 = VERTEX_POINT('',#2288);
#2288 = CARTESIAN_POINT('',(4.48788757529,-0.970375376088,
    11.231900900586));
#2289 = VERTEX_POINT('',#2290);
#2290 = CARTESIAN_POINT('',(2.68788757529,-0.970375376088,
    11.231900900586));
#2291 = SURFACE_CURVE('',#2292,(#2297,#2305),.PCURVE_S1.);
#2292 = B_SPLINE_CURVE_WITH_KNOTS('',3,(#2293,#2294,#2295,#2296),
  .UNSPECIFIED.,.F.,.F.,(4,4),(0.,1.),.PIECEWISE_BEZIER_KNOTS.);
#2293 = CARTESIAN_POINT('',(4.48788757529,-0.970375376088,
    11.231900900586));
#2294 = CARTESIAN_POINT('',(3.88788757529,-0.970325376088,
    11.231900900586));
#2295 = CARTESIAN_POINT('',(3.28788757529,-0.970325376088,
    11.231900900586));
#2296 = CARTESIAN_POINT('',(2.68788757529,-0.970375376088,
    11.231900900586));
#2297 = PCURVE('',#33,#2298);
#2298 = DEFINITIONAL_REPRESENTATION('',(#2299),#2304);
#2299 = B_SPLINE_CURVE_WITH_KNOTS('',3,(#2300,#2301,#2302,#2303),
  .UNSPECIFIED.,.F.,.F.,(4,4),(0.,1.),.PIECEWISE_BEZIER_KNOTS.);
#2300 = CARTESIAN_POINT('',(-15.15,8.4));
#2301 = CARTESIAN_POINT('',(-14.55,8.4));
#2302 = CARTESIAN_POINT('',(-13.95,8.4));
#2303 = CARTESIAN_POINT('',(-13.35,8.4));
#2304 = ( GEOMETRIC_REPRESENTATION_CONTEXT(2) 
PARAMETRIC_REPRESENTATION_CONTEXT() REPRESENTATION_CONTEXT('2D SPACE',''
  ) );
#2305 = PCURVE('',#2306,#2311);
#2306 = PLANE('',#2307);
#2307 = AXIS2_PLACEMENT_3D('',#2308,#2309,#2310);
#2308 = CARTESIAN_POINT('',(-10.66211242471,-0.970425376088,
    19.631900900586));
#2309 = DIRECTION('',(0.,1.,1.224646799147E-16));
#2310 = DIRECTION('',(1.,0.,0.));
#2311 = DEFINITIONAL_REPRESENTATION('',(#2312),#2317);
#2312 = B_SPLINE_CURVE_WITH_KNOTS('',3,(#2313,#2314,#2315,#2316),
  .UNSPECIFIED.,.F.,.F.,(4,4),(0.,1.),.PIECEWISE_BEZIER_KNOTS.);
#2313 = CARTESIAN_POINT('',(15.15,8.4));
#2314 = CARTESIAN_POINT('',(14.55,8.4));
#2315 = CARTESIAN_POINT('',(13.95,8.4));
#2316 = CARTESIAN_POINT('',(13.35,8.4));
#2317 = ( GEOMETRIC_REPRESENTATION_CONTEXT(2) 
PARAMETRIC_REPRESENTATION_CONTEXT() REPRESENTATION_CONTEXT('2D SPACE',''
  ) );
#2318 = ORIENTED_EDGE('',*,*,#2319,.T.);
#2319 = EDGE_CURVE('',#2289,#2320,#2322,.T.);
#2320 = VERTEX_POINT('',#2321);
#2321 = CARTESIAN_POINT('',(2.68788757529,-0.970375376088,
    12.731900900586));
#2322 = SURFACE_CURVE('',#2323,(#2328,#2336),.PCURVE_S1.);
#2323 = B_SPLINE_CURVE_WITH_KNOTS('',3,(#2324,#2325,#2326,#2327),
  .UNSPECIFIED.,.F.,.F.,(4,4),(0.,1.),.PIECEWISE_BEZIER_KNOTS.);
#2324 = CARTESIAN_POINT('',(2.68788757529,-0.970375376088,
    11.231900900586));
#2325 = CARTESIAN_POINT('',(2.68788757529,-0.970325376088,
    11.731900900586));
#2326 = CARTESIAN_POINT('',(2.68788757529,-0.970325376088,
    12.231900900586));
#2327 = CARTESIAN_POINT('',(2.68788757529,-0.970375376088,
    12.731900900586));
#2328 = PCURVE('',#33,#2329);
#2329 = DEFINITIONAL_REPRESENTATION('',(#2330),#2335);
#2330 = B_SPLINE_CURVE_WITH_KNOTS('',3,(#2331,#2332,#2333,#2334),
  .UNSPECIFIED.,.F.,.F.,(4,4),(0.,1.),.PIECEWISE_BEZIER_KNOTS.);
#2331 = CARTESIAN_POINT('',(-13.35,8.4));
#2332 = CARTESIAN_POINT('',(-13.35,7.9));
#2333 = CARTESIAN_POINT('',(-13.35,7.4));
#2334 = CARTESIAN_POINT('',(-13.35,6.9));
#2335 = ( GEOMETRIC_REPRESENTATION_CONTEXT(2) 
PARAMETRIC_REPRESENTATION_CONTEXT() REPRESENTATION_CONTEXT('2D SPACE',''
  ) );
#2336 = PCURVE('',#2306,#2337);
#2337 = DEFINITIONAL_REPRESENTATION('',(#2338),#2343);
#2338 = B_SPLINE_CURVE_WITH_KNOTS('',3,(#2339,#2340,#2341,#2342),
  .UNSPECIFIED.,.F.,.F.,(4,4),(0.,1.),.PIECEWISE_BEZIER_KNOTS.);
#2339 = CARTESIAN_POINT('',(13.35,8.4));
#2340 = CARTESIAN_POINT('',(13.35,7.9));
#2341 = CARTESIAN_POINT('',(13.35,7.4));
#2342 = CARTESIAN_POINT('',(13.35,6.9));
#2343 = ( GEOMETRIC_REPRESENTATION_CONTEXT(2) 
PARAMETRIC_REPRESENTATION_CONTEXT() REPRESENTATION_CONTEXT('2D SPACE',''
  ) );
#2344 = ORIENTED_EDGE('',*,*,#2345,.T.);
#2345 = EDGE_CURVE('',#2320,#2346,#2348,.T.);
#2346 = VERTEX_POINT('',#2347);
#2347 = CARTESIAN_POINT('',(4.48788757529,-0.970375376088,
    12.731900900586));
#2348 = SURFACE_CURVE('',#2349,(#2354,#2362),.PCURVE_S1.);
#2349 = B_SPLINE_CURVE_WITH_KNOTS('',3,(#2350,#2351,#2352,#2353),
  .UNSPECIFIED.,.F.,.F.,(4,4),(0.,1.),.PIECEWISE_BEZIER_KNOTS.);
#2350 = CARTESIAN_POINT('',(2.68788757529,-0.970375376088,
    12.731900900586));
#2351 = CARTESIAN_POINT('',(3.28788757529,-0.970325376088,
    12.731900900586));
#2352 = CARTESIAN_POINT('',(3.88788757529,-0.970325376088,
    12.731900900586));
#2353 = CARTESIAN_POINT('',(4.48788757529,-0.970375376088,
    12.731900900586));
#2354 = PCURVE('',#33,#2355);
#2355 = DEFINITIONAL_REPRESENTATION('',(#2356),#2361);
#2356 = B_SPLINE_CURVE_WITH_KNOTS('',3,(#2357,#2358,#2359,#2360),
  .UNSPECIFIED.,.F.,.F.,(4,4),(0.,1.),.PIECEWISE_BEZIER_KNOTS.);
#2357 = CARTESIAN_POINT('',(-13.35,6.9));
#2358 = CARTESIAN_POINT('',(-13.95,6.9));
#2359 = CARTESIAN_POINT('',(-14.55,6.9));
#2360 = CARTESIAN_POINT('',(-15.15,6.9));
#2361 = ( GEOMETRIC_REPRESENTATION_CONTEXT(2) 
PARAMETRIC_REPRESENTATION_CONTEXT() REPRESENTATION_CONTEXT('2D SPACE',''
  ) );
#2362 = PCURVE('',#2306,#2363);
#2363 = DEFINITIONAL_REPRESENTATION('',(#2364),#2369);
#2364 = B_SPLINE_CURVE_WITH_KNOTS('',3,(#2365,#2366,#2367,#2368),
  .UNSPECIFIED.,.F.,.F.,(4,4),(0.,1.),.PIECEWISE_BEZIER_KNOTS.);
#2365 = CARTESIAN_POINT('',(13.35,6.9));
#2366 = CARTESIAN_POINT('',(13.95,6.9));
#2367 = CARTESIAN_POINT('',(14.55,6.9));
#2368 = CARTESIAN_POINT('',(15.15,6.9));
#2369 = ( GEOMETRIC_REPRESENTATION_CONTEXT(2) 
PARAMETRIC_REPRESENTATION_CONTEXT() REPRESENTATION_CONTEXT('2D SPACE',''
  ) );
#2370 = ORIENTED_EDGE('',*,*,#2371,.T.);
#2371 = EDGE_CURVE('',#2346,#2287,#2372,.T.);
#2372 = SURFACE_CURVE('',#2373,(#2378,#2386),.PCURVE_S1.);
#2373 = B_SPLINE_CURVE_WITH_KNOTS('',3,(#2374,#2375,#2376,#2377),
  .UNSPECIFIED.,.F.,.F.,(4,4),(0.,1.),.PIECEWISE_BEZIER_KNOTS.);
#2374 = CARTESIAN_POINT('',(4.48788757529,-0.970375376088,
    12.731900900586));
#2375 = CARTESIAN_POINT('',(4.48788757529,-0.970325376088,
    12.231900900586));
#2376 = CARTESIAN_POINT('',(4.48788757529,-0.970325376088,
    11.731900900586));
#2377 = CARTESIAN_POINT('',(4.48788757529,-0.970375376088,
    11.231900900586));
#2378 = PCURVE('',#33,#2379);
#2379 = DEFINITIONAL_REPRESENTATION('',(#2380),#2385);
#2380 = B_SPLINE_CURVE_WITH_KNOTS('',3,(#2381,#2382,#2383,#2384),
  .UNSPECIFIED.,.F.,.F.,(4,4),(0.,1.),.PIECEWISE_BEZIER_KNOTS.);
#2381 = CARTESIAN_POINT('',(-15.15,6.9));
#2382 = CARTESIAN_POINT('',(-15.15,7.4));
#2383 = CARTESIAN_POINT('',(-15.15,7.9));
#2384 = CARTESIAN_POINT('',(-15.15,8.4));
#2385 = ( GEOMETRIC_REPRESENTATION_CONTEXT(2) 
PARAMETRIC_REPRESENTATION_CONTEXT() REPRESENTATION_CONTEXT('2D SPACE',''
  ) );
#2386 = PCURVE('',#2306,#2387);
#2387 = DEFINITIONAL_REPRESENTATION('',(#2388),#2393);
#2388 = B_SPLINE_CURVE_WITH_KNOTS('',3,(#2389,#2390,#2391,#2392),
  .UNSPECIFIED.,.F.,.F.,(4,4),(0.,1.),.PIECEWISE_BEZIER_KNOTS.);
#2389 = CARTESIAN_POINT('',(15.15,6.9));
#2390 = CARTESIAN_POINT('',(15.15,7.4));
#2391 = CARTESIAN_POINT('',(15.15,7.9));
#2392 = CARTESIAN_POINT('',(15.15,8.4));
#2393 = ( GEOMETRIC_REPRESENTATION_CONTEXT(2) 
PARAMETRIC_REPRESENTATION_CONTEXT() REPRESENTATION_CONTEXT('2D SPACE',''
  ) );
#2394 = FACE_BOUND('',#2395,.T.);
#2395 = EDGE_LOOP('',(#2396,#2429,#2455,#2481));
#2396 = ORIENTED_EDGE('',*,*,#2397,.T.);
#2397 = EDGE_CURVE('',#2398,#2400,#2402,.T.);
#2398 = VERTEX_POINT('',#2399);
#2399 = CARTESIAN_POINT('',(4.48788757529,-0.970375376088,7.431900900586
    ));
#2400 = VERTEX_POINT('',#2401);
#2401 = CARTESIAN_POINT('',(2.68788757529,-0.970375376088,7.431900900586
    ));
#2402 = SURFACE_CURVE('',#2403,(#2408,#2416),.PCURVE_S1.);
#2403 = B_SPLINE_CURVE_WITH_KNOTS('',3,(#2404,#2405,#2406,#2407),
  .UNSPECIFIED.,.F.,.F.,(4,4),(0.,1.),.PIECEWISE_BEZIER_KNOTS.);
#2404 = CARTESIAN_POINT('',(4.48788757529,-0.970375376088,7.431900900586
    ));
#2405 = CARTESIAN_POINT('',(3.88788757529,-0.970325376088,7.431900900586
    ));
#2406 = CARTESIAN_POINT('',(3.28788757529,-0.970325376088,7.431900900586
    ));
#2407 = CARTESIAN_POINT('',(2.68788757529,-0.970375376088,7.431900900586
    ));
#2408 = PCURVE('',#33,#2409);
#2409 = DEFINITIONAL_REPRESENTATION('',(#2410),#2415);
#2410 = B_SPLINE_CURVE_WITH_KNOTS('',3,(#2411,#2412,#2413,#2414),
  .UNSPECIFIED.,.F.,.F.,(4,4),(0.,1.),.PIECEWISE_BEZIER_KNOTS.);
#2411 = CARTESIAN_POINT('',(-15.15,12.2));
#2412 = CARTESIAN_POINT('',(-14.55,12.2));
#2413 = CARTESIAN_POINT('',(-13.95,12.2));
#2414 = CARTESIAN_POINT('',(-13.35,12.2));
#2415 = ( GEOMETRIC_REPRESENTATION_CONTEXT(2) 
PARAMETRIC_REPRESENTATION_CONTEXT() REPRESENTATION_CONTEXT('2D SPACE',''
  ) );
#2416 = PCURVE('',#2417,#2422);
#2417 = PLANE('',#2418);
#2418 = AXIS2_PLACEMENT_3D('',#2419,#2420,#2421);
#2419 = CARTESIAN_POINT('',(-10.66211242471,-0.970425376088,
    19.631900900586));
#2420 = DIRECTION('',(0.,1.,1.224646799147E-16));
#2421 = DIRECTION('',(1.,0.,0.));
#2422 = DEFINITIONAL_REPRESENTATION('',(#2423),#2428);
#2423 = B_SPLINE_CURVE_WITH_KNOTS('',3,(#2424,#2425,#2426,#2427),
  .UNSPECIFIED.,.F.,.F.,(4,4),(0.,1.),.PIECEWISE_BEZIER_KNOTS.);
#2424 = CARTESIAN_POINT('',(15.15,12.2));
#2425 = CARTESIAN_POINT('',(14.55,12.2));
#2426 = CARTESIAN_POINT('',(13.95,12.2));
#2427 = CARTESIAN_POINT('',(13.35,12.2));
#2428 = ( GEOMETRIC_REPRESENTATION_CONTEXT(2) 
PARAMETRIC_REPRESENTATION_CONTEXT() REPRESENTATION_CONTEXT('2D SPACE',''
  ) );
#2429 = ORIENTED_EDGE('',*,*,#2430,.T.);
#2430 = EDGE_CURVE('',#2400,#2431,#2433,.T.);
#2431 = VERTEX_POINT('',#2432);
#2432 = CARTESIAN_POINT('',(2.68788757529,-0.970375376088,8.931900900586
    ));
#2433 = SURFACE_CURVE('',#2434,(#2439,#2447),.PCURVE_S1.);
#2434 = B_SPLINE_CURVE_WITH_KNOTS('',3,(#2435,#2436,#2437,#2438),
  .UNSPECIFIED.,.F.,.F.,(4,4),(0.,1.),.PIECEWISE_BEZIER_KNOTS.);
#2435 = CARTESIAN_POINT('',(2.68788757529,-0.970375376088,7.431900900586
    ));
#2436 = CARTESIAN_POINT('',(2.68788757529,-0.970325376088,7.931900900586
    ));
#2437 = CARTESIAN_POINT('',(2.68788757529,-0.970325376088,8.431900900586
    ));
#2438 = CARTESIAN_POINT('',(2.68788757529,-0.970375376088,8.931900900586
    ));
#2439 = PCURVE('',#33,#2440);
#2440 = DEFINITIONAL_REPRESENTATION('',(#2441),#2446);
#2441 = B_SPLINE_CURVE_WITH_KNOTS('',3,(#2442,#2443,#2444,#2445),
  .UNSPECIFIED.,.F.,.F.,(4,4),(0.,1.),.PIECEWISE_BEZIER_KNOTS.);
#2442 = CARTESIAN_POINT('',(-13.35,12.2));
#2443 = CARTESIAN_POINT('',(-13.35,11.7));
#2444 = CARTESIAN_POINT('',(-13.35,11.2));
#2445 = CARTESIAN_POINT('',(-13.35,10.7));
#2446 = ( GEOMETRIC_REPRESENTATION_CONTEXT(2) 
PARAMETRIC_REPRESENTATION_CONTEXT() REPRESENTATION_CONTEXT('2D SPACE',''
  ) );
#2447 = PCURVE('',#2417,#2448);
#2448 = DEFINITIONAL_REPRESENTATION('',(#2449),#2454);
#2449 = B_SPLINE_CURVE_WITH_KNOTS('',3,(#2450,#2451,#2452,#2453),
  .UNSPECIFIED.,.F.,.F.,(4,4),(0.,1.),.PIECEWISE_BEZIER_KNOTS.);
#2450 = CARTESIAN_POINT('',(13.35,12.2));
#2451 = CARTESIAN_POINT('',(13.35,11.7));
#2452 = CARTESIAN_POINT('',(13.35,11.2));
#2453 = CARTESIAN_POINT('',(13.35,10.7));
#2454 = ( GEOMETRIC_REPRESENTATION_CONTEXT(2) 
PARAMETRIC_REPRESENTATION_CONTEXT() REPRESENTATION_CONTEXT('2D SPACE',''
  ) );
#2455 = ORIENTED_EDGE('',*,*,#2456,.T.);
#2456 = EDGE_CURVE('',#2431,#2457,#2459,.T.);
#2457 = VERTEX_POINT('',#2458);
#2458 = CARTESIAN_POINT('',(4.48788757529,-0.970375376088,8.931900900586
    ));
#2459 = SURFACE_CURVE('',#2460,(#2465,#2473),.PCURVE_S1.);
#2460 = B_SPLINE_CURVE_WITH_KNOTS('',3,(#2461,#2462,#2463,#2464),
  .UNSPECIFIED.,.F.,.F.,(4,4),(0.,1.),.PIECEWISE_BEZIER_KNOTS.);
#2461 = CARTESIAN_POINT('',(2.68788757529,-0.970375376088,8.931900900586
    ));
#2462 = CARTESIAN_POINT('',(3.28788757529,-0.970325376088,8.931900900586
    ));
#2463 = CARTESIAN_POINT('',(3.88788757529,-0.970325376088,8.931900900586
    ));
#2464 = CARTESIAN_POINT('',(4.48788757529,-0.970375376088,8.931900900586
    ));
#2465 = PCURVE('',#33,#2466);
#2466 = DEFINITIONAL_REPRESENTATION('',(#2467),#2472);
#2467 = B_SPLINE_CURVE_WITH_KNOTS('',3,(#2468,#2469,#2470,#2471),
  .UNSPECIFIED.,.F.,.F.,(4,4),(0.,1.),.PIECEWISE_BEZIER_KNOTS.);
#2468 = CARTESIAN_POINT('',(-13.35,10.7));
#2469 = CARTESIAN_POINT('',(-13.95,10.7));
#2470 = CARTESIAN_POINT('',(-14.55,10.7));
#2471 = CARTESIAN_POINT('',(-15.15,10.7));
#2472 = ( GEOMETRIC_REPRESENTATION_CONTEXT(2) 
PARAMETRIC_REPRESENTATION_CONTEXT() REPRESENTATION_CONTEXT('2D SPACE',''
  ) );
#2473 = PCURVE('',#2417,#2474);
#2474 = DEFINITIONAL_REPRESENTATION('',(#2475),#2480);
#2475 = B_SPLINE_CURVE_WITH_KNOTS('',3,(#2476,#2477,#2478,#2479),
  .UNSPECIFIED.,.F.,.F.,(4,4),(0.,1.),.PIECEWISE_BEZIER_KNOTS.);
#2476 = CARTESIAN_POINT('',(13.35,10.7));
#2477 = CARTESIAN_POINT('',(13.95,10.7));
#2478 = CARTESIAN_POINT('',(14.55,10.7));
#2479 = CARTESIAN_POINT('',(15.15,10.7));
#2480 = ( GEOMETRIC_REPRESENTATION_CONTEXT(2) 
PARAMETRIC_REPRESENTATION_CONTEXT() REPRESENTATION_CONTEXT('2D SPACE',''
  ) );
#2481 = ORIENTED_EDGE('',*,*,#2482,.T.);
#2482 = EDGE_CURVE('',#2457,#2398,#2483,.T.);
#2483 = SURFACE_CURVE('',#2484,(#2489,#2497),.PCURVE_S1.);
#2484 = B_SPLINE_CURVE_WITH_KNOTS('',3,(#2485,#2486,#2487,#2488),
  .UNSPECIFIED.,.F.,.F.,(4,4),(0.,1.),.PIECEWISE_BEZIER_KNOTS.);
#2485 = CARTESIAN_POINT('',(4.48788757529,-0.970375376088,8.931900900586
    ));
#2486 = CARTESIAN_POINT('',(4.48788757529,-0.970325376088,8.431900900586
    ));
#2487 = CARTESIAN_POINT('',(4.48788757529,-0.970325376088,7.931900900586
    ));
#2488 = CARTESIAN_POINT('',(4.48788757529,-0.970375376088,7.431900900586
    ));
#2489 = PCURVE('',#33,#2490);
#2490 = DEFINITIONAL_REPRESENTATION('',(#2491),#2496);
#2491 = B_SPLINE_CURVE_WITH_KNOTS('',3,(#2492,#2493,#2494,#2495),
  .UNSPECIFIED.,.F.,.F.,(4,4),(0.,1.),.PIECEWISE_BEZIER_KNOTS.);
#2492 = CARTESIAN_POINT('',(-15.15,10.7));
#2493 = CARTESIAN_POINT('',(-15.15,11.2));
#2494 = CARTESIAN_POINT('',(-15.15,11.7));
#2495 = CARTESIAN_POINT('',(-15.15,12.2));
#2496 = ( GEOMETRIC_REPRESENTATION_CONTEXT(2) 
PARAMETRIC_REPRESENTATION_CONTEXT() REPRESENTATION_CONTEXT('2D SPACE',''
  ) );
#2497 = PCURVE('',#2417,#2498);
#2498 = DEFINITIONAL_REPRESENTATION('',(#2499),#2504);
#2499 = B_SPLINE_CURVE_WITH_KNOTS('',3,(#2500,#2501,#2502,#2503),
  .UNSPECIFIED.,.F.,.F.,(4,4),(0.,1.),.PIECEWISE_BEZIER_KNOTS.);
#2500 = CARTESIAN_POINT('',(15.15,10.7));
#2501 = CARTESIAN_POINT('',(15.15,11.2));
#2502 = CARTESIAN_POINT('',(15.15,11.7));
#2503 = CARTESIAN_POINT('',(15.15,12.2));
#2504 = ( GEOMETRIC_REPRESENTATION_CONTEXT(2) 
PARAMETRIC_REPRESENTATION_CONTEXT() REPRESENTATION_CONTEXT('2D SPACE',''
  ) );
#2505 = FACE_BOUND('',#2506,.T.);
#2506 = EDGE_LOOP('',(#2507,#2540,#2566,#2592));
#2507 = ORIENTED_EDGE('',*,*,#2508,.T.);
#2508 = EDGE_CURVE('',#2509,#2511,#2513,.T.);
#2509 = VERTEX_POINT('',#2510);
#2510 = CARTESIAN_POINT('',(-0.36211242471,-0.970375376088,
    6.281900900586));
#2511 = VERTEX_POINT('',#2512);
#2512 = CARTESIAN_POINT('',(-0.36211242471,-0.970375376088,
    4.481900900586));
#2513 = SURFACE_CURVE('',#2514,(#2519,#2527),.PCURVE_S1.);
#2514 = B_SPLINE_CURVE_WITH_KNOTS('',3,(#2515,#2516,#2517,#2518),
  .UNSPECIFIED.,.F.,.F.,(4,4),(0.,1.),.PIECEWISE_BEZIER_KNOTS.);
#2515 = CARTESIAN_POINT('',(-0.36211242471,-0.970375376088,
    6.281900900586));
#2516 = CARTESIAN_POINT('',(-0.36211242471,-0.970325376088,
    5.681900900586));
#2517 = CARTESIAN_POINT('',(-0.36211242471,-0.970325376088,
    5.081900900586));
#2518 = CARTESIAN_POINT('',(-0.36211242471,-0.970375376088,
    4.481900900586));
#2519 = PCURVE('',#33,#2520);
#2520 = DEFINITIONAL_REPRESENTATION('',(#2521),#2526);
#2521 = B_SPLINE_CURVE_WITH_KNOTS('',3,(#2522,#2523,#2524,#2525),
  .UNSPECIFIED.,.F.,.F.,(4,4),(0.,1.),.PIECEWISE_BEZIER_KNOTS.);
#2522 = CARTESIAN_POINT('',(-10.3,13.35));
#2523 = CARTESIAN_POINT('',(-10.3,13.95));
#2524 = CARTESIAN_POINT('',(-10.3,14.55));
#2525 = CARTESIAN_POINT('',(-10.3,15.15));
#2526 = ( GEOMETRIC_REPRESENTATION_CONTEXT(2) 
PARAMETRIC_REPRESENTATION_CONTEXT() REPRESENTATION_CONTEXT('2D SPACE',''
  ) );
#2527 = PCURVE('',#2528,#2533);
#2528 = PLANE('',#2529);
#2529 = AXIS2_PLACEMENT_3D('',#2530,#2531,#2532);
#2530 = CARTESIAN_POINT('',(-10.66211242471,-0.970425376088,
    19.631900900586));
#2531 = DIRECTION('',(0.,1.,1.224646799147E-16));
#2532 = DIRECTION('',(1.,0.,0.));
#2533 = DEFINITIONAL_REPRESENTATION('',(#2534),#2539);
#2534 = B_SPLINE_CURVE_WITH_KNOTS('',3,(#2535,#2536,#2537,#2538),
  .UNSPECIFIED.,.F.,.F.,(4,4),(0.,1.),.PIECEWISE_BEZIER_KNOTS.);
#2535 = CARTESIAN_POINT('',(10.3,13.35));
#2536 = CARTESIAN_POINT('',(10.3,13.95));
#2537 = CARTESIAN_POINT('',(10.3,14.55));
#2538 = CARTESIAN_POINT('',(10.3,15.15));
#2539 = ( GEOMETRIC_REPRESENTATION_CONTEXT(2) 
PARAMETRIC_REPRESENTATION_CONTEXT() REPRESENTATION_CONTEXT('2D SPACE',''
  ) );
#2540 = ORIENTED_EDGE('',*,*,#2541,.T.);
#2541 = EDGE_CURVE('',#2511,#2542,#2544,.T.);
#2542 = VERTEX_POINT('',#2543);
#2543 = CARTESIAN_POINT('',(-1.86211242471,-0.970375376088,
    4.481900900586));
#2544 = SURFACE_CURVE('',#2545,(#2550,#2558),.PCURVE_S1.);
#2545 = B_SPLINE_CURVE_WITH_KNOTS('',3,(#2546,#2547,#2548,#2549),
  .UNSPECIFIED.,.F.,.F.,(4,4),(0.,1.),.PIECEWISE_BEZIER_KNOTS.);
#2546 = CARTESIAN_POINT('',(-0.36211242471,-0.970375376088,
    4.481900900586));
#2547 = CARTESIAN_POINT('',(-0.86211242471,-0.970325376088,
    4.481900900586));
#2548 = CARTESIAN_POINT('',(-1.36211242471,-0.970325376088,
    4.481900900586));
#2549 = CARTESIAN_POINT('',(-1.86211242471,-0.970375376088,
    4.481900900586));
#2550 = PCURVE('',#33,#2551);
#2551 = DEFINITIONAL_REPRESENTATION('',(#2552),#2557);
#2552 = B_SPLINE_CURVE_WITH_KNOTS('',3,(#2553,#2554,#2555,#2556),
  .UNSPECIFIED.,.F.,.F.,(4,4),(0.,1.),.PIECEWISE_BEZIER_KNOTS.);
#2553 = CARTESIAN_POINT('',(-10.3,15.15));
#2554 = CARTESIAN_POINT('',(-9.8,15.15));
#2555 = CARTESIAN_POINT('',(-9.3,15.15));
#2556 = CARTESIAN_POINT('',(-8.8,15.15));
#2557 = ( GEOMETRIC_REPRESENTATION_CONTEXT(2) 
PARAMETRIC_REPRESENTATION_CONTEXT() REPRESENTATION_CONTEXT('2D SPACE',''
  ) );
#2558 = PCURVE('',#2528,#2559);
#2559 = DEFINITIONAL_REPRESENTATION('',(#2560),#2565);
#2560 = B_SPLINE_CURVE_WITH_KNOTS('',3,(#2561,#2562,#2563,#2564),
  .UNSPECIFIED.,.F.,.F.,(4,4),(0.,1.),.PIECEWISE_BEZIER_KNOTS.);
#2561 = CARTESIAN_POINT('',(10.3,15.15));
#2562 = CARTESIAN_POINT('',(9.8,15.15));
#2563 = CARTESIAN_POINT('',(9.3,15.15));
#2564 = CARTESIAN_POINT('',(8.8,15.15));
#2565 = ( GEOMETRIC_REPRESENTATION_CONTEXT(2) 
PARAMETRIC_REPRESENTATION_CONTEXT() REPRESENTATION_CONTEXT('2D SPACE',''
  ) );
#2566 = ORIENTED_EDGE('',*,*,#2567,.T.);
#2567 = EDGE_CURVE('',#2542,#2568,#2570,.T.);
#2568 = VERTEX_POINT('',#2569);
#2569 = CARTESIAN_POINT('',(-1.86211242471,-0.970375376088,
    6.281900900586));
#2570 = SURFACE_CURVE('',#2571,(#2576,#2584),.PCURVE_S1.);
#2571 = B_SPLINE_CURVE_WITH_KNOTS('',3,(#2572,#2573,#2574,#2575),
  .UNSPECIFIED.,.F.,.F.,(4,4),(0.,1.),.PIECEWISE_BEZIER_KNOTS.);
#2572 = CARTESIAN_POINT('',(-1.86211242471,-0.970375376088,
    4.481900900586));
#2573 = CARTESIAN_POINT('',(-1.86211242471,-0.970325376088,
    5.081900900586));
#2574 = CARTESIAN_POINT('',(-1.86211242471,-0.970325376088,
    5.681900900586));
#2575 = CARTESIAN_POINT('',(-1.86211242471,-0.970375376088,
    6.281900900586));
#2576 = PCURVE('',#33,#2577);
#2577 = DEFINITIONAL_REPRESENTATION('',(#2578),#2583);
#2578 = B_SPLINE_CURVE_WITH_KNOTS('',3,(#2579,#2580,#2581,#2582),
  .UNSPECIFIED.,.F.,.F.,(4,4),(0.,1.),.PIECEWISE_BEZIER_KNOTS.);
#2579 = CARTESIAN_POINT('',(-8.8,15.15));
#2580 = CARTESIAN_POINT('',(-8.8,14.55));
#2581 = CARTESIAN_POINT('',(-8.8,13.95));
#2582 = CARTESIAN_POINT('',(-8.8,13.35));
#2583 = ( GEOMETRIC_REPRESENTATION_CONTEXT(2) 
PARAMETRIC_REPRESENTATION_CONTEXT() REPRESENTATION_CONTEXT('2D SPACE',''
  ) );
#2584 = PCURVE('',#2528,#2585);
#2585 = DEFINITIONAL_REPRESENTATION('',(#2586),#2591);
#2586 = B_SPLINE_CURVE_WITH_KNOTS('',3,(#2587,#2588,#2589,#2590),
  .UNSPECIFIED.,.F.,.F.,(4,4),(0.,1.),.PIECEWISE_BEZIER_KNOTS.);
#2587 = CARTESIAN_POINT('',(8.8,15.15));
#2588 = CARTESIAN_POINT('',(8.8,14.55));
#2589 = CARTESIAN_POINT('',(8.8,13.95));
#2590 = CARTESIAN_POINT('',(8.8,13.35));
#2591 = ( GEOMETRIC_REPRESENTATION_CONTEXT(2) 
PARAMETRIC_REPRESENTATION_CONTEXT() REPRESENTATION_CONTEXT('2D SPACE',''
  ) );
#2592 = ORIENTED_EDGE('',*,*,#2593,.T.);
#2593 = EDGE_CURVE('',#2568,#2509,#2594,.T.);
#2594 = SURFACE_CURVE('',#2595,(#2600,#2608),.PCURVE_S1.);
#2595 = B_SPLINE_CURVE_WITH_KNOTS('',3,(#2596,#2597,#2598,#2599),
  .UNSPECIFIED.,.F.,.F.,(4,4),(0.,1.),.PIECEWISE_BEZIER_KNOTS.);
#2596 = CARTESIAN_POINT('',(-1.86211242471,-0.970375376088,
    6.281900900586));
#2597 = CARTESIAN_POINT('',(-1.36211242471,-0.970325376088,
    6.281900900586));
#2598 = CARTESIAN_POINT('',(-0.86211242471,-0.970325376088,
    6.281900900586));
#2599 = CARTESIAN_POINT('',(-0.36211242471,-0.970375376088,
    6.281900900586));
#2600 = PCURVE('',#33,#2601);
#2601 = DEFINITIONAL_REPRESENTATION('',(#2602),#2607);
#2602 = B_SPLINE_CURVE_WITH_KNOTS('',3,(#2603,#2604,#2605,#2606),
  .UNSPECIFIED.,.F.,.F.,(4,4),(0.,1.),.PIECEWISE_BEZIER_KNOTS.);
#2603 = CARTESIAN_POINT('',(-8.8,13.35));
#2604 = CARTESIAN_POINT('',(-9.3,13.35));
#2605 = CARTESIAN_POINT('',(-9.8,13.35));
#2606 = CARTESIAN_POINT('',(-10.3,13.35));
#2607 = ( GEOMETRIC_REPRESENTATION_CONTEXT(2) 
PARAMETRIC_REPRESENTATION_CONTEXT() REPRESENTATION_CONTEXT('2D SPACE',''
  ) );
#2608 = PCURVE('',#2528,#2609);
#2609 = DEFINITIONAL_REPRESENTATION('',(#2610),#2615);
#2610 = B_SPLINE_CURVE_WITH_KNOTS('',3,(#2611,#2612,#2613,#2614),
  .UNSPECIFIED.,.F.,.F.,(4,4),(0.,1.),.PIECEWISE_BEZIER_KNOTS.);
#2611 = CARTESIAN_POINT('',(8.8,13.35));
#2612 = CARTESIAN_POINT('',(9.3,13.35));
#2613 = CARTESIAN_POINT('',(9.8,13.35));
#2614 = CARTESIAN_POINT('',(10.3,13.35));
#2615 = ( GEOMETRIC_REPRESENTATION_CONTEXT(2) 
PARAMETRIC_REPRESENTATION_CONTEXT() REPRESENTATION_CONTEXT('2D SPACE',''
  ) );
#2616 = FACE_BOUND('',#2617,.T.);
#2617 = EDGE_LOOP('',(#2618,#2651,#2677,#2703));
#2618 = ORIENTED_EDGE('',*,*,#2619,.T.);
#2619 = EDGE_CURVE('',#2620,#2622,#2624,.T.);
#2620 = VERTEX_POINT('',#2621);
#2621 = CARTESIAN_POINT('',(-4.16211242471,-0.970375376088,
    6.281900900586));
#2622 = VERTEX_POINT('',#2623);
#2623 = CARTESIAN_POINT('',(-4.16211242471,-0.970375376088,
    4.481900900586));
#2624 = SURFACE_CURVE('',#2625,(#2630,#2638),.PCURVE_S1.);
#2625 = B_SPLINE_CURVE_WITH_KNOTS('',3,(#2626,#2627,#2628,#2629),
  .UNSPECIFIED.,.F.,.F.,(4,4),(0.,1.),.PIECEWISE_BEZIER_KNOTS.);
#2626 = CARTESIAN_POINT('',(-4.16211242471,-0.970375376088,
    6.281900900586));
#2627 = CARTESIAN_POINT('',(-4.16211242471,-0.970325376088,
    5.681900900586));
#2628 = CARTESIAN_POINT('',(-4.16211242471,-0.970325376088,
    5.081900900586));
#2629 = CARTESIAN_POINT('',(-4.16211242471,-0.970375376088,
    4.481900900586));
#2630 = PCURVE('',#33,#2631);
#2631 = DEFINITIONAL_REPRESENTATION('',(#2632),#2637);
#2632 = B_SPLINE_CURVE_WITH_KNOTS('',3,(#2633,#2634,#2635,#2636),
  .UNSPECIFIED.,.F.,.F.,(4,4),(0.,1.),.PIECEWISE_BEZIER_KNOTS.);
#2633 = CARTESIAN_POINT('',(-6.5,13.35));
#2634 = CARTESIAN_POINT('',(-6.5,13.95));
#2635 = CARTESIAN_POINT('',(-6.5,14.55));
#2636 = CARTESIAN_POINT('',(-6.5,15.15));
#2637 = ( GEOMETRIC_REPRESENTATION_CONTEXT(2) 
PARAMETRIC_REPRESENTATION_CONTEXT() REPRESENTATION_CONTEXT('2D SPACE',''
  ) );
#2638 = PCURVE('',#2639,#2644);
#2639 = PLANE('',#2640);
#2640 = AXIS2_PLACEMENT_3D('',#2641,#2642,#2643);
#2641 = CARTESIAN_POINT('',(-10.66211242471,-0.970425376088,
    19.631900900586));
#2642 = DIRECTION('',(0.,1.,1.224646799147E-16));
#2643 = DIRECTION('',(1.,0.,0.));
#2644 = DEFINITIONAL_REPRESENTATION('',(#2645),#2650);
#2645 = B_SPLINE_CURVE_WITH_KNOTS('',3,(#2646,#2647,#2648,#2649),
  .UNSPECIFIED.,.F.,.F.,(4,4),(0.,1.),.PIECEWISE_BEZIER_KNOTS.);
#2646 = CARTESIAN_POINT('',(6.5,13.35));
#2647 = CARTESIAN_POINT('',(6.5,13.95));
#2648 = CARTESIAN_POINT('',(6.5,14.55));
#2649 = CARTESIAN_POINT('',(6.5,15.15));
#2650 = ( GEOMETRIC_REPRESENTATION_CONTEXT(2) 
PARAMETRIC_REPRESENTATION_CONTEXT() REPRESENTATION_CONTEXT('2D SPACE',''
  ) );
#2651 = ORIENTED_EDGE('',*,*,#2652,.T.);
#2652 = EDGE_CURVE('',#2622,#2653,#2655,.T.);
#2653 = VERTEX_POINT('',#2654);
#2654 = CARTESIAN_POINT('',(-5.66211242471,-0.970375376088,
    4.481900900586));
#2655 = SURFACE_CURVE('',#2656,(#2661,#2669),.PCURVE_S1.);
#2656 = B_SPLINE_CURVE_WITH_KNOTS('',3,(#2657,#2658,#2659,#2660),
  .UNSPECIFIED.,.F.,.F.,(4,4),(0.,1.),.PIECEWISE_BEZIER_KNOTS.);
#2657 = CARTESIAN_POINT('',(-4.16211242471,-0.970375376088,
    4.481900900586));
#2658 = CARTESIAN_POINT('',(-4.66211242471,-0.970325376088,
    4.481900900586));
#2659 = CARTESIAN_POINT('',(-5.16211242471,-0.970325376088,
    4.481900900586));
#2660 = CARTESIAN_POINT('',(-5.66211242471,-0.970375376088,
    4.481900900586));
#2661 = PCURVE('',#33,#2662);
#2662 = DEFINITIONAL_REPRESENTATION('',(#2663),#2668);
#2663 = B_SPLINE_CURVE_WITH_KNOTS('',3,(#2664,#2665,#2666,#2667),
  .UNSPECIFIED.,.F.,.F.,(4,4),(0.,1.),.PIECEWISE_BEZIER_KNOTS.);
#2664 = CARTESIAN_POINT('',(-6.5,15.15));
#2665 = CARTESIAN_POINT('',(-6.,15.15));
#2666 = CARTESIAN_POINT('',(-5.5,15.15));
#2667 = CARTESIAN_POINT('',(-5.,15.15));
#2668 = ( GEOMETRIC_REPRESENTATION_CONTEXT(2) 
PARAMETRIC_REPRESENTATION_CONTEXT() REPRESENTATION_CONTEXT('2D SPACE',''
  ) );
#2669 = PCURVE('',#2639,#2670);
#2670 = DEFINITIONAL_REPRESENTATION('',(#2671),#2676);
#2671 = B_SPLINE_CURVE_WITH_KNOTS('',3,(#2672,#2673,#2674,#2675),
  .UNSPECIFIED.,.F.,.F.,(4,4),(0.,1.),.PIECEWISE_BEZIER_KNOTS.);
#2672 = CARTESIAN_POINT('',(6.5,15.15));
#2673 = CARTESIAN_POINT('',(6.,15.15));
#2674 = CARTESIAN_POINT('',(5.5,15.15));
#2675 = CARTESIAN_POINT('',(5.,15.15));
#2676 = ( GEOMETRIC_REPRESENTATION_CONTEXT(2) 
PARAMETRIC_REPRESENTATION_CONTEXT() REPRESENTATION_CONTEXT('2D SPACE',''
  ) );
#2677 = ORIENTED_EDGE('',*,*,#2678,.T.);
#2678 = EDGE_CURVE('',#2653,#2679,#2681,.T.);
#2679 = VERTEX_POINT('',#2680);
#2680 = CARTESIAN_POINT('',(-5.66211242471,-0.970375376088,
    6.281900900586));
#2681 = SURFACE_CURVE('',#2682,(#2687,#2695),.PCURVE_S1.);
#2682 = B_SPLINE_CURVE_WITH_KNOTS('',3,(#2683,#2684,#2685,#2686),
  .UNSPECIFIED.,.F.,.F.,(4,4),(0.,1.),.PIECEWISE_BEZIER_KNOTS.);
#2683 = CARTESIAN_POINT('',(-5.66211242471,-0.970375376088,
    4.481900900586));
#2684 = CARTESIAN_POINT('',(-5.66211242471,-0.970325376088,
    5.081900900586));
#2685 = CARTESIAN_POINT('',(-5.66211242471,-0.970325376088,
    5.681900900586));
#2686 = CARTESIAN_POINT('',(-5.66211242471,-0.970375376088,
    6.281900900586));
#2687 = PCURVE('',#33,#2688);
#2688 = DEFINITIONAL_REPRESENTATION('',(#2689),#2694);
#2689 = B_SPLINE_CURVE_WITH_KNOTS('',3,(#2690,#2691,#2692,#2693),
  .UNSPECIFIED.,.F.,.F.,(4,4),(0.,1.),.PIECEWISE_BEZIER_KNOTS.);
#2690 = CARTESIAN_POINT('',(-5.,15.15));
#2691 = CARTESIAN_POINT('',(-5.,14.55));
#2692 = CARTESIAN_POINT('',(-5.,13.95));
#2693 = CARTESIAN_POINT('',(-5.,13.35));
#2694 = ( GEOMETRIC_REPRESENTATION_CONTEXT(2) 
PARAMETRIC_REPRESENTATION_CONTEXT() REPRESENTATION_CONTEXT('2D SPACE',''
  ) );
#2695 = PCURVE('',#2639,#2696);
#2696 = DEFINITIONAL_REPRESENTATION('',(#2697),#2702);
#2697 = B_SPLINE_CURVE_WITH_KNOTS('',3,(#2698,#2699,#2700,#2701),
  .UNSPECIFIED.,.F.,.F.,(4,4),(0.,1.),.PIECEWISE_BEZIER_KNOTS.);
#2698 = CARTESIAN_POINT('',(5.,15.15));
#2699 = CARTESIAN_POINT('',(5.,14.55));
#2700 = CARTESIAN_POINT('',(5.,13.95));
#2701 = CARTESIAN_POINT('',(5.,13.35));
#2702 = ( GEOMETRIC_REPRESENTATION_CONTEXT(2) 
PARAMETRIC_REPRESENTATION_CONTEXT() REPRESENTATION_CONTEXT('2D SPACE',''
  ) );
#2703 = ORIENTED_EDGE('',*,*,#2704,.T.);
#2704 = EDGE_CURVE('',#2679,#2620,#2705,.T.);
#2705 = SURFACE_CURVE('',#2706,(#2711,#2719),.PCURVE_S1.);
#2706 = B_SPLINE_CURVE_WITH_KNOTS('',3,(#2707,#2708,#2709,#2710),
  .UNSPECIFIED.,.F.,.F.,(4,4),(0.,1.),.PIECEWISE_BEZIER_KNOTS.);
#2707 = CARTESIAN_POINT('',(-5.66211242471,-0.970375376088,
    6.281900900586));
#2708 = CARTESIAN_POINT('',(-5.16211242471,-0.970325376088,
    6.281900900586));
#2709 = CARTESIAN_POINT('',(-4.66211242471,-0.970325376088,
    6.281900900586));
#2710 = CARTESIAN_POINT('',(-4.16211242471,-0.970375376088,
    6.281900900586));
#2711 = PCURVE('',#33,#2712);
#2712 = DEFINITIONAL_REPRESENTATION('',(#2713),#2718);
#2713 = B_SPLINE_CURVE_WITH_KNOTS('',3,(#2714,#2715,#2716,#2717),
  .UNSPECIFIED.,.F.,.F.,(4,4),(0.,1.),.PIECEWISE_BEZIER_KNOTS.);
#2714 = CARTESIAN_POINT('',(-5.,13.35));
#2715 = CARTESIAN_POINT('',(-5.5,13.35));
#2716 = CARTESIAN_POINT('',(-6.,13.35));
#2717 = CARTESIAN_POINT('',(-6.5,13.35));
#2718 = ( GEOMETRIC_REPRESENTATION_CONTEXT(2) 
PARAMETRIC_REPRESENTATION_CONTEXT() REPRESENTATION_CONTEXT('2D SPACE',''
  ) );
#2719 = PCURVE('',#2639,#2720);
#2720 = DEFINITIONAL_REPRESENTATION('',(#2721),#2726);
#2721 = B_SPLINE_CURVE_WITH_KNOTS('',3,(#2722,#2723,#2724,#2725),
  .UNSPECIFIED.,.F.,.F.,(4,4),(0.,1.),.PIECEWISE_BEZIER_KNOTS.);
#2722 = CARTESIAN_POINT('',(5.,13.35));
#2723 = CARTESIAN_POINT('',(5.5,13.35));
#2724 = CARTESIAN_POINT('',(6.,13.35));
#2725 = CARTESIAN_POINT('',(6.5,13.35));
#2726 = ( GEOMETRIC_REPRESENTATION_CONTEXT(2) 
PARAMETRIC_REPRESENTATION_CONTEXT() REPRESENTATION_CONTEXT('2D SPACE',''
  ) );
#2727 = ADVANCED_FACE('',(#2728),#46,.F.);
#2728 = FACE_BOUND('',#2729,.T.);
#2729 = EDGE_LOOP('',(#2730,#2731,#2732,#2733));
#2730 = ORIENTED_EDGE('',*,*,#85,.F.);
#2731 = ORIENTED_EDGE('',*,*,#59,.F.);
#2732 = ORIENTED_EDGE('',*,*,#21,.F.);
#2733 = ORIENTED_EDGE('',*,*,#111,.F.);
#2734 = ADVANCED_FACE('',(#2735),#157,.F.);
#2735 = FACE_BOUND('',#2736,.T.);
#2736 = EDGE_LOOP('',(#2737,#2738,#2739,#2740));
#2737 = ORIENTED_EDGE('',*,*,#196,.F.);
#2738 = ORIENTED_EDGE('',*,*,#170,.F.);
#2739 = ORIENTED_EDGE('',*,*,#137,.F.);
#2740 = ORIENTED_EDGE('',*,*,#222,.F.);
#2741 = ADVANCED_FACE('',(#2742),#268,.F.);
#2742 = FACE_BOUND('',#2743,.T.);
#2743 = EDGE_LOOP('',(#2744,#2745,#2746,#2747));
#2744 = ORIENTED_EDGE('',*,*,#307,.F.);
#2745 = ORIENTED_EDGE('',*,*,#281,.F.);
#2746 = ORIENTED_EDGE('',*,*,#248,.F.);
#2747 = ORIENTED_EDGE('',*,*,#333,.F.);
#2748 = ADVANCED_FACE('',(#2749),#379,.F.);
#2749 = FACE_BOUND('',#2750,.T.);
#2750 = EDGE_LOOP('',(#2751,#2752,#2753,#2754));
#2751 = ORIENTED_EDGE('',*,*,#418,.F.);
#2752 = ORIENTED_EDGE('',*,*,#392,.F.);
#2753 = ORIENTED_EDGE('',*,*,#359,.F.);
#2754 = ORIENTED_EDGE('',*,*,#444,.F.);
#2755 = ADVANCED_FACE('',(#2756),#490,.F.);
#2756 = FACE_BOUND('',#2757,.T.);
#2757 = EDGE_LOOP('',(#2758,#2759,#2760,#2761));
#2758 = ORIENTED_EDGE('',*,*,#529,.F.);
#2759 = ORIENTED_EDGE('',*,*,#503,.F.);
#2760 = ORIENTED_EDGE('',*,*,#470,.F.);
#2761 = ORIENTED_EDGE('',*,*,#555,.F.);
#2762 = ADVANCED_FACE('',(#2763),#601,.F.);
#2763 = FACE_BOUND('',#2764,.T.);
#2764 = EDGE_LOOP('',(#2765,#2766,#2767,#2768));
#2765 = ORIENTED_EDGE('',*,*,#640,.F.);
#2766 = ORIENTED_EDGE('',*,*,#614,.F.);
#2767 = ORIENTED_EDGE('',*,*,#581,.F.);
#2768 = ORIENTED_EDGE('',*,*,#666,.F.);
#2769 = ADVANCED_FACE('',(#2770),#712,.F.);
#2770 = FACE_BOUND('',#2771,.T.);
#2771 = EDGE_LOOP('',(#2772,#2773,#2774,#2775));
#2772 = ORIENTED_EDGE('',*,*,#751,.F.);
#2773 = ORIENTED_EDGE('',*,*,#725,.F.);
#2774 = ORIENTED_EDGE('',*,*,#692,.F.);
#2775 = ORIENTED_EDGE('',*,*,#777,.F.);
#2776 = ADVANCED_FACE('',(#2777),#823,.F.);
#2777 = FACE_BOUND('',#2778,.T.);
#2778 = EDGE_LOOP('',(#2779,#2780,#2781,#2782));
#2779 = ORIENTED_EDGE('',*,*,#862,.F.);
#2780 = ORIENTED_EDGE('',*,*,#836,.F.);
#2781 = ORIENTED_EDGE('',*,*,#803,.F.);
#2782 = ORIENTED_EDGE('',*,*,#888,.F.);
#2783 = ADVANCED_FACE('',(#2784),#934,.F.);
#2784 = FACE_BOUND('',#2785,.T.);
#2785 = EDGE_LOOP('',(#2786,#2787,#2788,#2789));
#2786 = ORIENTED_EDGE('',*,*,#973,.F.);
#2787 = ORIENTED_EDGE('',*,*,#947,.F.);
#2788 = ORIENTED_EDGE('',*,*,#914,.F.);
#2789 = ORIENTED_EDGE('',*,*,#999,.F.);
#2790 = ADVANCED_FACE('',(#2791),#1045,.F.);
#2791 = FACE_BOUND('',#2792,.T.);
#2792 = EDGE_LOOP('',(#2793,#2794,#2795,#2796));
#2793 = ORIENTED_EDGE('',*,*,#1084,.F.);
#2794 = ORIENTED_EDGE('',*,*,#1058,.F.);
#2795 = ORIENTED_EDGE('',*,*,#1025,.F.);
#2796 = ORIENTED_EDGE('',*,*,#1110,.F.);
#2797 = ADVANCED_FACE('',(#2798),#1182,.F.);
#2798 = FACE_BOUND('',#2799,.T.);
#2799 = EDGE_LOOP('',(#2800,#2823,#2824,#2847));
#2800 = ORIENTED_EDGE('',*,*,#2801,.F.);
#2801 = EDGE_CURVE('',#1167,#2802,#2804,.T.);
#2802 = VERTEX_POINT('',#2803);
#2803 = CARTESIAN_POINT('',(4.63788757529,0.129674623912,19.631900900586
    ));
#2804 = SURFACE_CURVE('',#2805,(#2809,#2816),.PCURVE_S1.);
#2805 = LINE('',#2806,#2807);
#2806 = CARTESIAN_POINT('',(4.63788757529,-0.970325376088,
    19.631900900586));
#2807 = VECTOR('',#2808,1.);
#2808 = DIRECTION('',(0.,1.,1.224646799147E-16));
#2809 = PCURVE('',#1182,#2810);
#2810 = DEFINITIONAL_REPRESENTATION('',(#2811),#2815);
#2811 = LINE('',#2812,#2813);
#2812 = CARTESIAN_POINT('',(0.,-15.3));
#2813 = VECTOR('',#2814,1.);
#2814 = DIRECTION('',(1.,0.));
#2815 = ( GEOMETRIC_REPRESENTATION_CONTEXT(2) 
PARAMETRIC_REPRESENTATION_CONTEXT() REPRESENTATION_CONTEXT('2D SPACE',''
  ) );
#2816 = PCURVE('',#1210,#2817);
#2817 = DEFINITIONAL_REPRESENTATION('',(#2818),#2822);
#2818 = LINE('',#2819,#2820);
#2819 = CARTESIAN_POINT('',(0.,0.));
#2820 = VECTOR('',#2821,1.);
#2821 = DIRECTION('',(1.,0.));
#2822 = ( GEOMETRIC_REPRESENTATION_CONTEXT(2) 
PARAMETRIC_REPRESENTATION_CONTEXT() REPRESENTATION_CONTEXT('2D SPACE',''
  ) );
#2823 = ORIENTED_EDGE('',*,*,#1166,.F.);
#2824 = ORIENTED_EDGE('',*,*,#2825,.F.);
#2825 = EDGE_CURVE('',#2826,#1139,#2828,.T.);
#2826 = VERTEX_POINT('',#2827);
#2827 = CARTESIAN_POINT('',(4.63788757529,0.129674623912,4.331900900586)
  );
#2828 = SURFACE_CURVE('',#2829,(#2833,#2840),.PCURVE_S1.);
#2829 = LINE('',#2830,#2831);
#2830 = CARTESIAN_POINT('',(4.63788757529,-0.970325376088,4.331900900586
    ));
#2831 = VECTOR('',#2832,1.);
#2832 = DIRECTION('',(-0.,-1.,-1.224646799147E-16));
#2833 = PCURVE('',#1182,#2834);
#2834 = DEFINITIONAL_REPRESENTATION('',(#2835),#2839);
#2835 = LINE('',#2836,#2837);
#2836 = CARTESIAN_POINT('',(0.,0.));
#2837 = VECTOR('',#2838,1.);
#2838 = DIRECTION('',(-1.,0.));
#2839 = ( GEOMETRIC_REPRESENTATION_CONTEXT(2) 
PARAMETRIC_REPRESENTATION_CONTEXT() REPRESENTATION_CONTEXT('2D SPACE',''
  ) );
#2840 = PCURVE('',#1154,#2841);
#2841 = DEFINITIONAL_REPRESENTATION('',(#2842),#2846);
#2842 = LINE('',#2843,#2844);
#2843 = CARTESIAN_POINT('',(0.,15.3));
#2844 = VECTOR('',#2845,1.);
#2845 = DIRECTION('',(1.,0.));
#2846 = ( GEOMETRIC_REPRESENTATION_CONTEXT(2) 
PARAMETRIC_REPRESENTATION_CONTEXT() REPRESENTATION_CONTEXT('2D SPACE',''
  ) );
#2847 = ORIENTED_EDGE('',*,*,#2848,.F.);
#2848 = EDGE_CURVE('',#2802,#2826,#2849,.T.);
#2849 = SURFACE_CURVE('',#2850,(#2854,#2861),.PCURVE_S1.);
#2850 = LINE('',#2851,#2852);
#2851 = CARTESIAN_POINT('',(4.63788757529,0.129674623912,4.331900900586)
  );
#2852 = VECTOR('',#2853,1.);
#2853 = DIRECTION('',(0.,1.224646799147E-16,-1.));
#2854 = PCURVE('',#1182,#2855);
#2855 = DEFINITIONAL_REPRESENTATION('',(#2856),#2860);
#2856 = LINE('',#2857,#2858);
#2857 = CARTESIAN_POINT('',(1.1,0.));
#2858 = VECTOR('',#2859,1.);
#2859 = DIRECTION('',(0.,1.));
#2860 = ( GEOMETRIC_REPRESENTATION_CONTEXT(2) 
PARAMETRIC_REPRESENTATION_CONTEXT() REPRESENTATION_CONTEXT('2D SPACE',''
  ) );
#2861 = PCURVE('',#2862,#2867);
#2862 = PLANE('',#2863);
#2863 = AXIS2_PLACEMENT_3D('',#2864,#2865,#2866);
#2864 = CARTESIAN_POINT('',(-10.66211242471,0.129674623912,
    19.631900900586));
#2865 = DIRECTION('',(0.,-1.,-1.224646799147E-16));
#2866 = DIRECTION('',(-1.,0.,-0.));
#2867 = DEFINITIONAL_REPRESENTATION('',(#2868),#2872);
#2868 = LINE('',#2869,#2870);
#2869 = CARTESIAN_POINT('',(-15.3,15.3));
#2870 = VECTOR('',#2871,1.);
#2871 = DIRECTION('',(0.,1.));
#2872 = ( GEOMETRIC_REPRESENTATION_CONTEXT(2) 
PARAMETRIC_REPRESENTATION_CONTEXT() REPRESENTATION_CONTEXT('2D SPACE',''
  ) );
#2873 = ADVANCED_FACE('',(#2874),#1154,.F.);
#2874 = FACE_BOUND('',#2875,.T.);
#2875 = EDGE_LOOP('',(#2876,#2877,#2878,#2901));
#2876 = ORIENTED_EDGE('',*,*,#2825,.T.);
#2877 = ORIENTED_EDGE('',*,*,#1136,.F.);
#2878 = ORIENTED_EDGE('',*,*,#2879,.F.);
#2879 = EDGE_CURVE('',#2880,#1137,#2882,.T.);
#2880 = VERTEX_POINT('',#2881);
#2881 = CARTESIAN_POINT('',(-10.66211242471,0.129674623912,
    4.331900900586));
#2882 = SURFACE_CURVE('',#2883,(#2887,#2894),.PCURVE_S1.);
#2883 = LINE('',#2884,#2885);
#2884 = CARTESIAN_POINT('',(-10.66211242471,-0.970325376088,
    4.331900900586));
#2885 = VECTOR('',#2886,1.);
#2886 = DIRECTION('',(0.,-1.,-1.224646799147E-16));
#2887 = PCURVE('',#1154,#2888);
#2888 = DEFINITIONAL_REPRESENTATION('',(#2889),#2893);
#2889 = LINE('',#2890,#2891);
#2890 = CARTESIAN_POINT('',(0.,0.));
#2891 = VECTOR('',#2892,1.);
#2892 = DIRECTION('',(1.,0.));
#2893 = ( GEOMETRIC_REPRESENTATION_CONTEXT(2) 
PARAMETRIC_REPRESENTATION_CONTEXT() REPRESENTATION_CONTEXT('2D SPACE',''
  ) );
#2894 = PCURVE('',#1236,#2895);
#2895 = DEFINITIONAL_REPRESENTATION('',(#2896),#2900);
#2896 = LINE('',#2897,#2898);
#2897 = CARTESIAN_POINT('',(0.,15.3));
#2898 = VECTOR('',#2899,1.);
#2899 = DIRECTION('',(1.,-0.));
#2900 = ( GEOMETRIC_REPRESENTATION_CONTEXT(2) 
PARAMETRIC_REPRESENTATION_CONTEXT() REPRESENTATION_CONTEXT('2D SPACE',''
  ) );
#2901 = ORIENTED_EDGE('',*,*,#2902,.F.);
#2902 = EDGE_CURVE('',#2826,#2880,#2903,.T.);
#2903 = SURFACE_CURVE('',#2904,(#2908,#2915),.PCURVE_S1.);
#2904 = LINE('',#2905,#2906);
#2905 = CARTESIAN_POINT('',(-10.66211242471,0.129674623912,
    4.331900900586));
#2906 = VECTOR('',#2907,1.);
#2907 = DIRECTION('',(-1.,-0.,0.));
#2908 = PCURVE('',#1154,#2909);
#2909 = DEFINITIONAL_REPRESENTATION('',(#2910),#2914);
#2910 = LINE('',#2911,#2912);
#2911 = CARTESIAN_POINT('',(-1.1,0.));
#2912 = VECTOR('',#2913,1.);
#2913 = DIRECTION('',(0.,-1.));
#2914 = ( GEOMETRIC_REPRESENTATION_CONTEXT(2) 
PARAMETRIC_REPRESENTATION_CONTEXT() REPRESENTATION_CONTEXT('2D SPACE',''
  ) );
#2915 = PCURVE('',#2862,#2916);
#2916 = DEFINITIONAL_REPRESENTATION('',(#2917),#2921);
#2917 = LINE('',#2918,#2919);
#2918 = CARTESIAN_POINT('',(0.,15.3));
#2919 = VECTOR('',#2920,1.);
#2920 = DIRECTION('',(1.,0.));
#2921 = ( GEOMETRIC_REPRESENTATION_CONTEXT(2) 
PARAMETRIC_REPRESENTATION_CONTEXT() REPRESENTATION_CONTEXT('2D SPACE',''
  ) );
#2922 = ADVANCED_FACE('',(#2923),#1236,.F.);
#2923 = FACE_BOUND('',#2924,.T.);
#2924 = EDGE_LOOP('',(#2925,#2926,#2927,#2950));
#2925 = ORIENTED_EDGE('',*,*,#2879,.T.);
#2926 = ORIENTED_EDGE('',*,*,#1222,.F.);
#2927 = ORIENTED_EDGE('',*,*,#2928,.F.);
#2928 = EDGE_CURVE('',#2929,#1195,#2931,.T.);
#2929 = VERTEX_POINT('',#2930);
#2930 = CARTESIAN_POINT('',(-10.66211242471,0.129674623912,
    19.631900900586));
#2931 = SURFACE_CURVE('',#2932,(#2936,#2943),.PCURVE_S1.);
#2932 = LINE('',#2933,#2934);
#2933 = CARTESIAN_POINT('',(-10.66211242471,-0.970325376088,
    19.631900900586));
#2934 = VECTOR('',#2935,1.);
#2935 = DIRECTION('',(0.,-1.,-1.224646799147E-16));
#2936 = PCURVE('',#1236,#2937);
#2937 = DEFINITIONAL_REPRESENTATION('',(#2938),#2942);
#2938 = LINE('',#2939,#2940);
#2939 = CARTESIAN_POINT('',(0.,0.));
#2940 = VECTOR('',#2941,1.);
#2941 = DIRECTION('',(1.,0.));
#2942 = ( GEOMETRIC_REPRESENTATION_CONTEXT(2) 
PARAMETRIC_REPRESENTATION_CONTEXT() REPRESENTATION_CONTEXT('2D SPACE',''
  ) );
#2943 = PCURVE('',#1210,#2944);
#2944 = DEFINITIONAL_REPRESENTATION('',(#2945),#2949);
#2945 = LINE('',#2946,#2947);
#2946 = CARTESIAN_POINT('',(0.,-15.3));
#2947 = VECTOR('',#2948,1.);
#2948 = DIRECTION('',(-1.,0.));
#2949 = ( GEOMETRIC_REPRESENTATION_CONTEXT(2) 
PARAMETRIC_REPRESENTATION_CONTEXT() REPRESENTATION_CONTEXT('2D SPACE',''
  ) );
#2950 = ORIENTED_EDGE('',*,*,#2951,.F.);
#2951 = EDGE_CURVE('',#2880,#2929,#2952,.T.);
#2952 = SURFACE_CURVE('',#2953,(#2957,#2964),.PCURVE_S1.);
#2953 = LINE('',#2954,#2955);
#2954 = CARTESIAN_POINT('',(-10.66211242471,0.129674623912,
    19.631900900586));
#2955 = VECTOR('',#2956,1.);
#2956 = DIRECTION('',(0.,-1.224646799147E-16,1.));
#2957 = PCURVE('',#1236,#2958);
#2958 = DEFINITIONAL_REPRESENTATION('',(#2959),#2963);
#2959 = LINE('',#2960,#2961);
#2960 = CARTESIAN_POINT('',(-1.1,0.));
#2961 = VECTOR('',#2962,1.);
#2962 = DIRECTION('',(0.,-1.));
#2963 = ( GEOMETRIC_REPRESENTATION_CONTEXT(2) 
PARAMETRIC_REPRESENTATION_CONTEXT() REPRESENTATION_CONTEXT('2D SPACE',''
  ) );
#2964 = PCURVE('',#2862,#2965);
#2965 = DEFINITIONAL_REPRESENTATION('',(#2966),#2970);
#2966 = LINE('',#2967,#2968);
#2967 = CARTESIAN_POINT('',(0.,0.));
#2968 = VECTOR('',#2969,1.);
#2969 = DIRECTION('',(-0.,-1.));
#2970 = ( GEOMETRIC_REPRESENTATION_CONTEXT(2) 
PARAMETRIC_REPRESENTATION_CONTEXT() REPRESENTATION_CONTEXT('2D SPACE',''
  ) );
#2971 = ADVANCED_FACE('',(#2972),#1210,.F.);
#2972 = FACE_BOUND('',#2973,.T.);
#2973 = EDGE_LOOP('',(#2974,#2975,#2976,#2977));
#2974 = ORIENTED_EDGE('',*,*,#2928,.T.);
#2975 = ORIENTED_EDGE('',*,*,#1194,.F.);
#2976 = ORIENTED_EDGE('',*,*,#2801,.T.);
#2977 = ORIENTED_EDGE('',*,*,#2978,.F.);
#2978 = EDGE_CURVE('',#2929,#2802,#2979,.T.);
#2979 = SURFACE_CURVE('',#2980,(#2984,#2991),.PCURVE_S1.);
#2980 = LINE('',#2981,#2982);
#2981 = CARTESIAN_POINT('',(4.63788757529,0.129674623912,19.631900900586
    ));
#2982 = VECTOR('',#2983,1.);
#2983 = DIRECTION('',(1.,0.,0.));
#2984 = PCURVE('',#1210,#2985);
#2985 = DEFINITIONAL_REPRESENTATION('',(#2986),#2990);
#2986 = LINE('',#2987,#2988);
#2987 = CARTESIAN_POINT('',(1.1,0.));
#2988 = VECTOR('',#2989,1.);
#2989 = DIRECTION('',(0.,1.));
#2990 = ( GEOMETRIC_REPRESENTATION_CONTEXT(2) 
PARAMETRIC_REPRESENTATION_CONTEXT() REPRESENTATION_CONTEXT('2D SPACE',''
  ) );
#2991 = PCURVE('',#2862,#2992);
#2992 = DEFINITIONAL_REPRESENTATION('',(#2993),#2997);
#2993 = LINE('',#2994,#2995);
#2994 = CARTESIAN_POINT('',(-15.3,0.));
#2995 = VECTOR('',#2996,1.);
#2996 = DIRECTION('',(-1.,0.));
#2997 = ( GEOMETRIC_REPRESENTATION_CONTEXT(2) 
PARAMETRIC_REPRESENTATION_CONTEXT() REPRESENTATION_CONTEXT('2D SPACE',''
  ) );
#2998 = ADVANCED_FACE('',(#2999),#1310,.F.);
#2999 = FACE_BOUND('',#3000,.F.);
#3000 = EDGE_LOOP('',(#3001,#3062,#3083,#3084));
#3001 = ORIENTED_EDGE('',*,*,#3002,.T.);
#3002 = EDGE_CURVE('',#3003,#3005,#3007,.T.);
#3003 = VERTEX_POINT('',#3004);
#3004 = CARTESIAN_POINT('',(1.48788757529,0.129674623912,6.481900900586)
  );
#3005 = VERTEX_POINT('',#3006);
#3006 = CARTESIAN_POINT('',(2.48788757529,0.129674623912,7.481900527049)
  );
#3007 = SURFACE_CURVE('',#3008,(#3019,#3048),.PCURVE_S1.);
#3008 = B_SPLINE_CURVE_WITH_KNOTS('',3,(#3009,#3010,#3011,#3012,#3013,
    #3014,#3015,#3016,#3017,#3018),.UNSPECIFIED.,.F.,.F.,(4,2,2,2,4),(0.
    ,0.25,0.5,0.75,1.),.UNSPECIFIED.);
#3009 = CARTESIAN_POINT('',(1.48788757529,0.129674623912,6.481900900586)
  );
#3010 = CARTESIAN_POINT('',(1.620678663769,0.129674623912,6.481900801381
    ));
#3011 = CARTESIAN_POINT('',(1.747764994665,0.129674623912,6.507077240106
    ));
#3012 = CARTESIAN_POINT('',(1.9933772528,0.129674623912,6.608965096414)
  );
#3013 = CARTESIAN_POINT('',(2.101029703111,0.129674623912,6.680733476695
    ));
#3014 = CARTESIAN_POINT('',(2.288959447468,0.129674623912,6.868854324477
    ));
#3015 = CARTESIAN_POINT('',(2.361020363568,0.129674623912,6.976519981743
    ));
#3016 = CARTESIAN_POINT('',(2.462514251663,0.129674623912,7.221914722543
    ));
#3017 = CARTESIAN_POINT('',(2.487887674221,0.129674623912,7.349475905357
    ));
#3018 = CARTESIAN_POINT('',(2.48788757529,0.129674623912,7.481900527049)
  );
#3019 = PCURVE('',#1310,#3020);
#3020 = DEFINITIONAL_REPRESENTATION('',(#3021),#3047);
#3021 = B_SPLINE_CURVE_WITH_KNOTS('',3,(#3022,#3023,#3024,#3025,#3026,
    #3027,#3028,#3029,#3030,#3031,#3032,#3033,#3034,#3035,#3036,#3037,
    #3038,#3039,#3040,#3041,#3042,#3043,#3044,#3045,#3046),
  .UNSPECIFIED.,.F.,.F.,(4,1,1,1,1,1,1,1,1,1,1,1,1,1,1,1,1,1,1,1,1,1,4),
  (0.,4.545454545455E-02,9.090909090909E-02,0.136363636364,
    0.181818181818,0.227272727273,0.272727272727,0.318181818182,
    0.363636363636,0.409090909091,0.454545454545,0.5,0.545454545455,
    0.590909090909,0.636363636364,0.681818181818,0.727272727273,
    0.772727272727,0.818181818182,0.863636363636,0.909090909091,
    0.954545454545,1.),.QUASI_UNIFORM_KNOTS.);
#3022 = CARTESIAN_POINT('',(1.570797073871,1.1));
#3023 = CARTESIAN_POINT('',(1.546651194386,1.1));
#3024 = CARTESIAN_POINT('',(1.498744925048,1.1));
#3025 = CARTESIAN_POINT('',(1.427617158966,1.1));
#3026 = CARTESIAN_POINT('',(1.356809549252,1.1));
#3027 = CARTESIAN_POINT('',(1.285863891397,1.1));
#3028 = CARTESIAN_POINT('',(1.21441802418,1.1));
#3029 = CARTESIAN_POINT('',(1.14177673965,1.1));
#3030 = CARTESIAN_POINT('',(1.070344304343,1.1));
#3031 = CARTESIAN_POINT('',(0.999428811864,1.1));
#3032 = CARTESIAN_POINT('',(0.928625548908,1.1));
#3033 = CARTESIAN_POINT('',(0.857566441853,1.1));
#3034 = CARTESIAN_POINT('',(0.785402592002,1.1));
#3035 = CARTESIAN_POINT('',(0.713212170522,1.1));
#3036 = CARTESIAN_POINT('',(0.642108696528,1.1));
#3037 = CARTESIAN_POINT('',(0.571271886873,1.1));
#3038 = CARTESIAN_POINT('',(0.500356509456,1.1));
#3039 = CARTESIAN_POINT('',(0.428967197971,1.1));
#3040 = CARTESIAN_POINT('',(0.356432472344,1.1));
#3041 = CARTESIAN_POINT('',(0.284952571453,1.1));
#3042 = CARTESIAN_POINT('',(0.213924832924,1.1));
#3043 = CARTESIAN_POINT('',(0.143041921636,1.1));
#3044 = CARTESIAN_POINT('',(7.190815621697E-02,1.1));
#3045 = CARTESIAN_POINT('',(2.407820136952E-02,1.1));
#3046 = CARTESIAN_POINT('',(-3.735378708569E-07,1.1));
#3047 = ( GEOMETRIC_REPRESENTATION_CONTEXT(2) 
PARAMETRIC_REPRESENTATION_CONTEXT() REPRESENTATION_CONTEXT('2D SPACE',''
  ) );
#3048 = PCURVE('',#2862,#3049);
#3049 = DEFINITIONAL_REPRESENTATION('',(#3050),#3061);
#3050 = B_SPLINE_CURVE_WITH_KNOTS('',3,(#3051,#3052,#3053,#3054,#3055,
    #3056,#3057,#3058,#3059,#3060),.UNSPECIFIED.,.F.,.F.,(4,2,2,2,4),(0.
    ,0.25,0.5,0.75,1.),.UNSPECIFIED.);
#3051 = CARTESIAN_POINT('',(-12.15,13.15));
#3052 = CARTESIAN_POINT('',(-12.28279108847,13.150000099205));
#3053 = CARTESIAN_POINT('',(-12.40987741937,13.12482366048));
#3054 = CARTESIAN_POINT('',(-12.65548967751,13.022935804172));
#3055 = CARTESIAN_POINT('',(-12.76314212782,12.951167423891));
#3056 = CARTESIAN_POINT('',(-12.95107187217,12.763046576109));
#3057 = CARTESIAN_POINT('',(-13.02313278827,12.655380918844));
#3058 = CARTESIAN_POINT('',(-13.12462667637,12.409986178043));
#3059 = CARTESIAN_POINT('',(-13.15000009893,12.282424995229));
#3060 = CARTESIAN_POINT('',(-13.15,12.150000373538));
#3061 = ( GEOMETRIC_REPRESENTATION_CONTEXT(2) 
PARAMETRIC_REPRESENTATION_CONTEXT() REPRESENTATION_CONTEXT('2D SPACE',''
  ) );
#3062 = ORIENTED_EDGE('',*,*,#3063,.T.);
#3063 = EDGE_CURVE('',#3005,#1253,#3064,.T.);
#3064 = SURFACE_CURVE('',#3065,(#3069,#3076),.PCURVE_S1.);
#3065 = LINE('',#3066,#3067);
#3066 = CARTESIAN_POINT('',(2.48788757529,-0.970325376088,7.481900153511
    ));
#3067 = VECTOR('',#3068,1.);
#3068 = DIRECTION('',(0.,-1.,-1.224646799147E-16));
#3069 = PCURVE('',#1310,#3070);
#3070 = DEFINITIONAL_REPRESENTATION('',(#3071),#3075);
#3071 = LINE('',#3072,#3073);
#3072 = CARTESIAN_POINT('',(0.,0.));
#3073 = VECTOR('',#3074,1.);
#3074 = DIRECTION('',(0.,-1.));
#3075 = ( GEOMETRIC_REPRESENTATION_CONTEXT(2) 
PARAMETRIC_REPRESENTATION_CONTEXT() REPRESENTATION_CONTEXT('2D SPACE',''
  ) );
#3076 = PCURVE('',#1268,#3077);
#3077 = DEFINITIONAL_REPRESENTATION('',(#3078),#3082);
#3078 = LINE('',#3079,#3080);
#3079 = CARTESIAN_POINT('',(0.,12.150000747075));
#3080 = VECTOR('',#3081,1.);
#3081 = DIRECTION('',(1.,0.));
#3082 = ( GEOMETRIC_REPRESENTATION_CONTEXT(2) 
PARAMETRIC_REPRESENTATION_CONTEXT() REPRESENTATION_CONTEXT('2D SPACE',''
  ) );
#3083 = ORIENTED_EDGE('',*,*,#1280,.T.);
#3084 = ORIENTED_EDGE('',*,*,#3085,.T.);
#3085 = EDGE_CURVE('',#1281,#3003,#3086,.T.);
#3086 = SURFACE_CURVE('',#3087,(#3091,#3098),.PCURVE_S1.);
#3087 = LINE('',#3088,#3089);
#3088 = CARTESIAN_POINT('',(1.48788757529,-0.970325376088,6.481900900586
    ));
#3089 = VECTOR('',#3090,1.);
#3090 = DIRECTION('',(0.,1.,1.224646799147E-16));
#3091 = PCURVE('',#1310,#3092);
#3092 = DEFINITIONAL_REPRESENTATION('',(#3093),#3097);
#3093 = LINE('',#3094,#3095);
#3094 = CARTESIAN_POINT('',(1.570797073871,0.));
#3095 = VECTOR('',#3096,1.);
#3096 = DIRECTION('',(0.,1.));
#3097 = ( GEOMETRIC_REPRESENTATION_CONTEXT(2) 
PARAMETRIC_REPRESENTATION_CONTEXT() REPRESENTATION_CONTEXT('2D SPACE',''
  ) );
#3098 = PCURVE('',#1360,#3099);
#3099 = DEFINITIONAL_REPRESENTATION('',(#3100),#3104);
#3100 = LINE('',#3101,#3102);
#3101 = CARTESIAN_POINT('',(0.,12.15));
#3102 = VECTOR('',#3103,1.);
#3103 = DIRECTION('',(1.,-0.));
#3104 = ( GEOMETRIC_REPRESENTATION_CONTEXT(2) 
PARAMETRIC_REPRESENTATION_CONTEXT() REPRESENTATION_CONTEXT('2D SPACE',''
  ) );
#3105 = ADVANCED_FACE('',(#3106),#1268,.F.);
#3106 = FACE_BOUND('',#3107,.T.);
#3107 = EDGE_LOOP('',(#3108,#3109,#3110,#3133));
#3108 = ORIENTED_EDGE('',*,*,#3063,.T.);
#3109 = ORIENTED_EDGE('',*,*,#1250,.F.);
#3110 = ORIENTED_EDGE('',*,*,#3111,.F.);
#3111 = EDGE_CURVE('',#3112,#1251,#3114,.T.);
#3112 = VERTEX_POINT('',#3113);
#3113 = CARTESIAN_POINT('',(2.48788757529,0.129674623912,16.481901087355
    ));
#3114 = SURFACE_CURVE('',#3115,(#3119,#3126),.PCURVE_S1.);
#3115 = LINE('',#3116,#3117);
#3116 = CARTESIAN_POINT('',(2.48788757529,-0.970325376088,
    16.481900900586));
#3117 = VECTOR('',#3118,1.);
#3118 = DIRECTION('',(0.,-1.,-1.224646799147E-16));
#3119 = PCURVE('',#1268,#3120);
#3120 = DEFINITIONAL_REPRESENTATION('',(#3121),#3125);
#3121 = LINE('',#3122,#3123);
#3122 = CARTESIAN_POINT('',(0.,3.15));
#3123 = VECTOR('',#3124,1.);
#3124 = DIRECTION('',(1.,0.));
#3125 = ( GEOMETRIC_REPRESENTATION_CONTEXT(2) 
PARAMETRIC_REPRESENTATION_CONTEXT() REPRESENTATION_CONTEXT('2D SPACE',''
  ) );
#3126 = PCURVE('',#1584,#3127);
#3127 = DEFINITIONAL_REPRESENTATION('',(#3128),#3132);
#3128 = LINE('',#3129,#3130);
#3129 = CARTESIAN_POINT('',(6.283186054255,0.));
#3130 = VECTOR('',#3131,1.);
#3131 = DIRECTION('',(0.,-1.));
#3132 = ( GEOMETRIC_REPRESENTATION_CONTEXT(2) 
PARAMETRIC_REPRESENTATION_CONTEXT() REPRESENTATION_CONTEXT('2D SPACE',''
  ) );
#3133 = ORIENTED_EDGE('',*,*,#3134,.F.);
#3134 = EDGE_CURVE('',#3005,#3112,#3135,.T.);
#3135 = SURFACE_CURVE('',#3136,(#3140,#3147),.PCURVE_S1.);
#3136 = LINE('',#3137,#3138);
#3137 = CARTESIAN_POINT('',(2.48788757529,0.129674623912,19.631900900586
    ));
#3138 = VECTOR('',#3139,1.);
#3139 = DIRECTION('',(0.,-1.224646799147E-16,1.));
#3140 = PCURVE('',#1268,#3141);
#3141 = DEFINITIONAL_REPRESENTATION('',(#3142),#3146);
#3142 = LINE('',#3143,#3144);
#3143 = CARTESIAN_POINT('',(-1.1,0.));
#3144 = VECTOR('',#3145,1.);
#3145 = DIRECTION('',(0.,-1.));
#3146 = ( GEOMETRIC_REPRESENTATION_CONTEXT(2) 
PARAMETRIC_REPRESENTATION_CONTEXT() REPRESENTATION_CONTEXT('2D SPACE',''
  ) );
#3147 = PCURVE('',#2862,#3148);
#3148 = DEFINITIONAL_REPRESENTATION('',(#3149),#3153);
#3149 = LINE('',#3150,#3151);
#3150 = CARTESIAN_POINT('',(-13.15,0.));
#3151 = VECTOR('',#3152,1.);
#3152 = DIRECTION('',(-0.,-1.));
#3153 = ( GEOMETRIC_REPRESENTATION_CONTEXT(2) 
PARAMETRIC_REPRESENTATION_CONTEXT() REPRESENTATION_CONTEXT('2D SPACE',''
  ) );
#3154 = ADVANCED_FACE('',(#3155),#1584,.F.);
#3155 = FACE_BOUND('',#3156,.F.);
#3156 = EDGE_LOOP('',(#3157,#3216,#3237,#3238));
#3157 = ORIENTED_EDGE('',*,*,#3158,.T.);
#3158 = EDGE_CURVE('',#3112,#3159,#3161,.T.);
#3159 = VERTEX_POINT('',#3160);
#3160 = CARTESIAN_POINT('',(1.48788757529,0.129674623912,17.481900900586
    ));
#3161 = SURFACE_CURVE('',#3162,(#3173,#3202),.PCURVE_S1.);
#3162 = B_SPLINE_CURVE_WITH_KNOTS('',3,(#3163,#3164,#3165,#3166,#3167,
    #3168,#3169,#3170,#3171,#3172),.UNSPECIFIED.,.F.,.F.,(4,2,2,2,4),(0.
    ,0.25,0.5,0.75,1.),.UNSPECIFIED.);
#3163 = CARTESIAN_POINT('',(2.48788757529,0.129674623912,16.481901087355
    ));
#3164 = CARTESIAN_POINT('',(2.487887674495,0.129674623912,
    16.614691989066));
#3165 = CARTESIAN_POINT('',(2.46271123577,0.129674623912,16.741778319962
    ));
#3166 = CARTESIAN_POINT('',(2.360823379461,0.129674623912,
    16.987390578097));
#3167 = CARTESIAN_POINT('',(2.289054999179,0.129674623912,
    17.095043028409));
#3168 = CARTESIAN_POINT('',(2.1009341514,0.129674623912,17.282972772764)
  );
#3169 = CARTESIAN_POINT('',(1.993268494132,0.129674623912,
    17.355033688864));
#3170 = CARTESIAN_POINT('',(1.747873753333,0.129674623912,17.45652757696
    ));
#3171 = CARTESIAN_POINT('',(1.620312570519,0.129674623912,
    17.481900999518));
#3172 = CARTESIAN_POINT('',(1.48788757529,0.129674623912,17.481900900586
    ));
#3173 = PCURVE('',#1584,#3174);
#3174 = DEFINITIONAL_REPRESENTATION('',(#3175),#3201);
#3175 = B_SPLINE_CURVE_WITH_KNOTS('',3,(#3176,#3177,#3178,#3179,#3180,
    #3181,#3182,#3183,#3184,#3185,#3186,#3187,#3188,#3189,#3190,#3191,
    #3192,#3193,#3194,#3195,#3196,#3197,#3198,#3199,#3200),
  .UNSPECIFIED.,.F.,.F.,(4,1,1,1,1,1,1,1,1,1,1,1,1,1,1,1,1,1,1,1,1,1,4),
  (0.,4.545454545455E-02,9.090909090909E-02,0.136363636364,
    0.181818181818,0.227272727273,0.272727272727,0.318181818182,
    0.363636363636,0.409090909091,0.454545454545,0.5,0.545454545455,
    0.590909090909,0.636363636364,0.681818181818,0.727272727273,
    0.772727272727,0.818181818182,0.863636363636,0.909090909091,
    0.954545454545,1.),.QUASI_UNIFORM_KNOTS.);
#3176 = CARTESIAN_POINT('',(6.283185867486,1.1));
#3177 = CARTESIAN_POINT('',(6.259040022027,1.1));
#3178 = CARTESIAN_POINT('',(6.211133808464,1.1));
#3179 = CARTESIAN_POINT('',(6.140006095728,1.1));
#3180 = CARTESIAN_POINT('',(6.069198515327,1.1));
#3181 = CARTESIAN_POINT('',(5.998252869828,1.1));
#3182 = CARTESIAN_POINT('',(5.926807004877,1.1));
#3183 = CARTESIAN_POINT('',(5.854165719951,1.1));
#3184 = CARTESIAN_POINT('',(5.78273328475,1.1));
#3185 = CARTESIAN_POINT('',(5.711817792242,1.1));
#3186 = CARTESIAN_POINT('',(5.641014529293,1.1));
#3187 = CARTESIAN_POINT('',(5.569955422237,1.1));
#3188 = CARTESIAN_POINT('',(5.497791572388,1.1));
#3189 = CARTESIAN_POINT('',(5.425601150906,1.1));
#3190 = CARTESIAN_POINT('',(5.354497676917,1.1));
#3191 = CARTESIAN_POINT('',(5.283660867246,1.1));
#3192 = CARTESIAN_POINT('',(5.212745489886,1.1));
#3193 = CARTESIAN_POINT('',(5.141356178189,1.1));
#3194 = CARTESIAN_POINT('',(5.068821453353,1.1));
#3195 = CARTESIAN_POINT('',(4.997341547932,1.1));
#3196 = CARTESIAN_POINT('',(4.926313784687,1.1));
#3197 = CARTESIAN_POINT('',(4.855430814766,1.1));
#3198 = CARTESIAN_POINT('',(4.784296942656,1.1));
#3199 = CARTESIAN_POINT('',(4.736466876263,1.1));
#3200 = CARTESIAN_POINT('',(4.712388233309,1.1));
#3201 = ( GEOMETRIC_REPRESENTATION_CONTEXT(2) 
PARAMETRIC_REPRESENTATION_CONTEXT() REPRESENTATION_CONTEXT('2D SPACE',''
  ) );
#3202 = PCURVE('',#2862,#3203);
#3203 = DEFINITIONAL_REPRESENTATION('',(#3204),#3215);
#3204 = B_SPLINE_CURVE_WITH_KNOTS('',3,(#3205,#3206,#3207,#3208,#3209,
    #3210,#3211,#3212,#3213,#3214),.UNSPECIFIED.,.F.,.F.,(4,2,2,2,4),(0.
    ,0.25,0.5,0.75,1.),.UNSPECIFIED.);
#3205 = CARTESIAN_POINT('',(-13.15,3.149999813231));
#3206 = CARTESIAN_POINT('',(-13.1500000992,3.01720891152));
#3207 = CARTESIAN_POINT('',(-13.12482366048,2.890122580624));
#3208 = CARTESIAN_POINT('',(-13.02293580417,2.64451032249));
#3209 = CARTESIAN_POINT('',(-12.95116742389,2.536857872178));
#3210 = CARTESIAN_POINT('',(-12.76304657611,2.348928127822));
#3211 = CARTESIAN_POINT('',(-12.65538091884,2.276867211722));
#3212 = CARTESIAN_POINT('',(-12.40998617804,2.175373323627));
#3213 = CARTESIAN_POINT('',(-12.28242499522,2.149999901068));
#3214 = CARTESIAN_POINT('',(-12.15,2.15));
#3215 = ( GEOMETRIC_REPRESENTATION_CONTEXT(2) 
PARAMETRIC_REPRESENTATION_CONTEXT() REPRESENTATION_CONTEXT('2D SPACE',''
  ) );
#3216 = ORIENTED_EDGE('',*,*,#3217,.T.);
#3217 = EDGE_CURVE('',#3159,#1529,#3218,.T.);
#3218 = SURFACE_CURVE('',#3219,(#3223,#3230),.PCURVE_S1.);
#3219 = LINE('',#3220,#3221);
#3220 = CARTESIAN_POINT('',(1.48788757529,-0.970325376088,
    17.481900900586));
#3221 = VECTOR('',#3222,1.);
#3222 = DIRECTION('',(0.,-1.,-1.224646799147E-16));
#3223 = PCURVE('',#1584,#3224);
#3224 = DEFINITIONAL_REPRESENTATION('',(#3225),#3229);
#3225 = LINE('',#3226,#3227);
#3226 = CARTESIAN_POINT('',(4.712388233309,0.));
#3227 = VECTOR('',#3228,1.);
#3228 = DIRECTION('',(0.,-1.));
#3229 = ( GEOMETRIC_REPRESENTATION_CONTEXT(2) 
PARAMETRIC_REPRESENTATION_CONTEXT() REPRESENTATION_CONTEXT('2D SPACE',''
  ) );
#3230 = PCURVE('',#1544,#3231);
#3231 = DEFINITIONAL_REPRESENTATION('',(#3232),#3236);
#3232 = LINE('',#3233,#3234);
#3233 = CARTESIAN_POINT('',(0.,12.15));
#3234 = VECTOR('',#3235,1.);
#3235 = DIRECTION('',(1.,0.));
#3236 = ( GEOMETRIC_REPRESENTATION_CONTEXT(2) 
PARAMETRIC_REPRESENTATION_CONTEXT() REPRESENTATION_CONTEXT('2D SPACE',''
  ) );
#3237 = ORIENTED_EDGE('',*,*,#1556,.T.);
#3238 = ORIENTED_EDGE('',*,*,#3111,.F.);
#3239 = ADVANCED_FACE('',(#3240),#1544,.F.);
#3240 = FACE_BOUND('',#3241,.T.);
#3241 = EDGE_LOOP('',(#3242,#3243,#3244,#3267));
#3242 = ORIENTED_EDGE('',*,*,#3217,.T.);
#3243 = ORIENTED_EDGE('',*,*,#1528,.F.);
#3244 = ORIENTED_EDGE('',*,*,#3245,.F.);
#3245 = EDGE_CURVE('',#3246,#1465,#3248,.T.);
#3246 = VERTEX_POINT('',#3247);
#3247 = CARTESIAN_POINT('',(-7.56211242471,0.129674623912,
    17.481900900586));
#3248 = SURFACE_CURVE('',#3249,(#3253,#3260),.PCURVE_S1.);
#3249 = LINE('',#3250,#3251);
#3250 = CARTESIAN_POINT('',(-7.56211242471,-0.970325376088,
    17.481900900586));
#3251 = VECTOR('',#3252,1.);
#3252 = DIRECTION('',(0.,-1.,-1.224646799147E-16));
#3253 = PCURVE('',#1544,#3254);
#3254 = DEFINITIONAL_REPRESENTATION('',(#3255),#3259);
#3255 = LINE('',#3256,#3257);
#3256 = CARTESIAN_POINT('',(0.,3.1));
#3257 = VECTOR('',#3258,1.);
#3258 = DIRECTION('',(1.,0.));
#3259 = ( GEOMETRIC_REPRESENTATION_CONTEXT(2) 
PARAMETRIC_REPRESENTATION_CONTEXT() REPRESENTATION_CONTEXT('2D SPACE',''
  ) );
#3260 = PCURVE('',#1494,#3261);
#3261 = DEFINITIONAL_REPRESENTATION('',(#3262),#3266);
#3262 = LINE('',#3263,#3264);
#3263 = CARTESIAN_POINT('',(4.71238972746,0.));
#3264 = VECTOR('',#3265,1.);
#3265 = DIRECTION('',(0.,-1.));
#3266 = ( GEOMETRIC_REPRESENTATION_CONTEXT(2) 
PARAMETRIC_REPRESENTATION_CONTEXT() REPRESENTATION_CONTEXT('2D SPACE',''
  ) );
#3267 = ORIENTED_EDGE('',*,*,#3268,.F.);
#3268 = EDGE_CURVE('',#3159,#3246,#3269,.T.);
#3269 = SURFACE_CURVE('',#3270,(#3274,#3281),.PCURVE_S1.);
#3270 = LINE('',#3271,#3272);
#3271 = CARTESIAN_POINT('',(-10.66211242471,0.129674623912,
    17.481900900586));
#3272 = VECTOR('',#3273,1.);
#3273 = DIRECTION('',(-1.,-0.,0.));
#3274 = PCURVE('',#1544,#3275);
#3275 = DEFINITIONAL_REPRESENTATION('',(#3276),#3280);
#3276 = LINE('',#3277,#3278);
#3277 = CARTESIAN_POINT('',(-1.1,0.));
#3278 = VECTOR('',#3279,1.);
#3279 = DIRECTION('',(0.,-1.));
#3280 = ( GEOMETRIC_REPRESENTATION_CONTEXT(2) 
PARAMETRIC_REPRESENTATION_CONTEXT() REPRESENTATION_CONTEXT('2D SPACE',''
  ) );
#3281 = PCURVE('',#2862,#3282);
#3282 = DEFINITIONAL_REPRESENTATION('',(#3283),#3287);
#3283 = LINE('',#3284,#3285);
#3284 = CARTESIAN_POINT('',(0.,2.15));
#3285 = VECTOR('',#3286,1.);
#3286 = DIRECTION('',(1.,0.));
#3287 = ( GEOMETRIC_REPRESENTATION_CONTEXT(2) 
PARAMETRIC_REPRESENTATION_CONTEXT() REPRESENTATION_CONTEXT('2D SPACE',''
  ) );
#3288 = ADVANCED_FACE('',(#3289),#1494,.F.);
#3289 = FACE_BOUND('',#3290,.F.);
#3290 = EDGE_LOOP('',(#3291,#3350,#3371,#3372));
#3291 = ORIENTED_EDGE('',*,*,#3292,.T.);
#3292 = EDGE_CURVE('',#3246,#3293,#3295,.T.);
#3293 = VERTEX_POINT('',#3294);
#3294 = CARTESIAN_POINT('',(-8.51211242471,0.129674623912,
    16.531900900586));
#3295 = SURFACE_CURVE('',#3296,(#3307,#3336),.PCURVE_S1.);
#3296 = B_SPLINE_CURVE_WITH_KNOTS('',3,(#3297,#3298,#3299,#3300,#3301,
    #3302,#3303,#3304,#3305,#3306),.UNSPECIFIED.,.F.,.F.,(4,2,2,2,4),(0.
    ,0.25,0.5,0.75,1.),.UNSPECIFIED.);
#3297 = CARTESIAN_POINT('',(-7.56211242471,0.129674623912,
    17.481900900586));
#3298 = CARTESIAN_POINT('',(-7.688273087172,0.129674623912,
    17.481900994838));
#3299 = CARTESIAN_POINT('',(-7.808981374919,0.129674623912,
    17.45799323608));
#3300 = CARTESIAN_POINT('',(-8.042342216544,0.129674623912,
    17.361180056511));
#3301 = CARTESIAN_POINT('',(-8.144587621201,0.129674623912,
    17.293024569391));
#3302 = CARTESIAN_POINT('',(-8.32314052822,0.129674623912,
    17.114280531782));
#3303 = CARTESIAN_POINT('',(-8.391588573582,0.129674623912,
    17.012021949808));
#3304 = CARTESIAN_POINT('',(-8.488007767258,0.129674623912,
    16.778878593406));
#3305 = CARTESIAN_POINT('',(-8.512112518689,0.129674623912,
    16.657695469732));
#3306 = CARTESIAN_POINT('',(-8.51211242471,0.129674623912,
    16.531900900586));
#3307 = PCURVE('',#1494,#3308);
#3308 = DEFINITIONAL_REPRESENTATION('',(#3309),#3335);
#3309 = B_SPLINE_CURVE_WITH_KNOTS('',3,(#3310,#3311,#3312,#3313,#3314,
    #3315,#3316,#3317,#3318,#3319,#3320,#3321,#3322,#3323,#3324,#3325,
    #3326,#3327,#3328,#3329,#3330,#3331,#3332,#3333,#3334),
  .UNSPECIFIED.,.F.,.F.,(4,1,1,1,1,1,1,1,1,1,1,1,1,1,1,1,1,1,1,1,1,1,4),
  (0.,4.545454545455E-02,9.090909090909E-02,0.136363636364,
    0.181818181818,0.227272727273,0.272727272727,0.318181818182,
    0.363636363636,0.409090909091,0.454545454545,0.5,0.545454545455,
    0.590909090909,0.636363636364,0.681818181818,0.727272727273,
    0.772727272727,0.818181818182,0.863636363636,0.909090909091,
    0.954545454545,1.),.QUASI_UNIFORM_KNOTS.);
#3310 = CARTESIAN_POINT('',(4.71238972746,1.1));
#3311 = CARTESIAN_POINT('',(4.68824207044,1.1));
#3312 = CARTESIAN_POINT('',(4.640334654469,1.1));
#3313 = CARTESIAN_POINT('',(4.569209542579,1.1));
#3314 = CARTESIAN_POINT('',(4.498406276564,1.1));
#3315 = CARTESIAN_POINT('',(4.427463384409,1.1));
#3316 = CARTESIAN_POINT('',(4.356016127286,1.1));
#3317 = CARTESIAN_POINT('',(4.283363909662,1.1));
#3318 = CARTESIAN_POINT('',(4.21193084547,1.1));
#3319 = CARTESIAN_POINT('',(4.141019490879,1.1));
#3320 = CARTESIAN_POINT('',(4.070221615515,1.1));
#3321 = CARTESIAN_POINT('',(3.999165740008,1.1));
#3322 = CARTESIAN_POINT('',(3.926995478808,1.1));
#3323 = CARTESIAN_POINT('',(3.854797246683,1.1));
#3324 = CARTESIAN_POINT('',(3.783694670164,1.1));
#3325 = CARTESIAN_POINT('',(3.712861484609,1.1));
#3326 = CARTESIAN_POINT('',(3.641950252429,1.1));
#3327 = CARTESIAN_POINT('',(3.570562581106,1.1));
#3328 = CARTESIAN_POINT('',(3.498022524572,1.1));
#3329 = CARTESIAN_POINT('',(3.426539434247,1.1));
#3330 = CARTESIAN_POINT('',(3.355510115607,1.1));
#3331 = CARTESIAN_POINT('',(3.284627525781,1.1));
#3332 = CARTESIAN_POINT('',(3.213495989492,1.1));
#3333 = CARTESIAN_POINT('',(3.165668788229,1.1));
#3334 = CARTESIAN_POINT('',(3.141591906514,1.1));
#3335 = ( GEOMETRIC_REPRESENTATION_CONTEXT(2) 
PARAMETRIC_REPRESENTATION_CONTEXT() REPRESENTATION_CONTEXT('2D SPACE',''
  ) );
#3336 = PCURVE('',#2862,#3337);
#3337 = DEFINITIONAL_REPRESENTATION('',(#3338),#3349);
#3338 = B_SPLINE_CURVE_WITH_KNOTS('',3,(#3339,#3340,#3341,#3342,#3343,
    #3344,#3345,#3346,#3347,#3348),.UNSPECIFIED.,.F.,.F.,(4,2,2,2,4),(0.
    ,0.25,0.5,0.75,1.),.UNSPECIFIED.);
#3339 = CARTESIAN_POINT('',(-3.1,2.15));
#3340 = CARTESIAN_POINT('',(-2.973839337538,2.149999905748));
#3341 = CARTESIAN_POINT('',(-2.853131049791,2.173907664506));
#3342 = CARTESIAN_POINT('',(-2.619770208166,2.270720844075));
#3343 = CARTESIAN_POINT('',(-2.51752480351,2.338876331195));
#3344 = CARTESIAN_POINT('',(-2.33897189649,2.517620368805));
#3345 = CARTESIAN_POINT('',(-2.270523851129,2.619878950778));
#3346 = CARTESIAN_POINT('',(-2.174104657452,2.85302230718));
#3347 = CARTESIAN_POINT('',(-2.149999906022,2.974205430854));
#3348 = CARTESIAN_POINT('',(-2.15,3.1));
#3349 = ( GEOMETRIC_REPRESENTATION_CONTEXT(2) 
PARAMETRIC_REPRESENTATION_CONTEXT() REPRESENTATION_CONTEXT('2D SPACE',''
  ) );
#3350 = ORIENTED_EDGE('',*,*,#3351,.T.);
#3351 = EDGE_CURVE('',#3293,#1437,#3352,.T.);
#3352 = SURFACE_CURVE('',#3353,(#3357,#3364),.PCURVE_S1.);
#3353 = LINE('',#3354,#3355);
#3354 = CARTESIAN_POINT('',(-8.51211242471,-0.970325376088,
    16.531900900586));
#3355 = VECTOR('',#3356,1.);
#3356 = DIRECTION('',(0.,-1.,-1.224646799147E-16));
#3357 = PCURVE('',#1494,#3358);
#3358 = DEFINITIONAL_REPRESENTATION('',(#3359),#3363);
#3359 = LINE('',#3360,#3361);
#3360 = CARTESIAN_POINT('',(3.141591906514,0.));
#3361 = VECTOR('',#3362,1.);
#3362 = DIRECTION('',(0.,-1.));
#3363 = ( GEOMETRIC_REPRESENTATION_CONTEXT(2) 
PARAMETRIC_REPRESENTATION_CONTEXT() REPRESENTATION_CONTEXT('2D SPACE',''
  ) );
#3364 = PCURVE('',#1452,#3365);
#3365 = DEFINITIONAL_REPRESENTATION('',(#3366),#3370);
#3366 = LINE('',#3367,#3368);
#3367 = CARTESIAN_POINT('',(0.,3.1));
#3368 = VECTOR('',#3369,1.);
#3369 = DIRECTION('',(-1.,0.));
#3370 = ( GEOMETRIC_REPRESENTATION_CONTEXT(2) 
PARAMETRIC_REPRESENTATION_CONTEXT() REPRESENTATION_CONTEXT('2D SPACE',''
  ) );
#3371 = ORIENTED_EDGE('',*,*,#1464,.T.);
#3372 = ORIENTED_EDGE('',*,*,#3245,.F.);
#3373 = ADVANCED_FACE('',(#3374),#1452,.F.);
#3374 = FACE_BOUND('',#3375,.T.);
#3375 = EDGE_LOOP('',(#3376,#3377,#3378,#3401));
#3376 = ORIENTED_EDGE('',*,*,#3351,.T.);
#3377 = ORIENTED_EDGE('',*,*,#1436,.F.);
#3378 = ORIENTED_EDGE('',*,*,#3379,.F.);
#3379 = EDGE_CURVE('',#3380,#1373,#3382,.T.);
#3380 = VERTEX_POINT('',#3381);
#3381 = CARTESIAN_POINT('',(-8.512112424711,0.129674623912,
    7.481900713817));
#3382 = SURFACE_CURVE('',#3383,(#3387,#3394),.PCURVE_S1.);
#3383 = LINE('',#3384,#3385);
#3384 = CARTESIAN_POINT('',(-8.51211242471,-0.970325376088,
    7.481900900586));
#3385 = VECTOR('',#3386,1.);
#3386 = DIRECTION('',(-0.,-1.,-1.224646799147E-16));
#3387 = PCURVE('',#1452,#3388);
#3388 = DEFINITIONAL_REPRESENTATION('',(#3389),#3393);
#3389 = LINE('',#3390,#3391);
#3390 = CARTESIAN_POINT('',(0.,12.15));
#3391 = VECTOR('',#3392,1.);
#3392 = DIRECTION('',(-1.,0.));
#3393 = ( GEOMETRIC_REPRESENTATION_CONTEXT(2) 
PARAMETRIC_REPRESENTATION_CONTEXT() REPRESENTATION_CONTEXT('2D SPACE',''
  ) );
#3394 = PCURVE('',#1402,#3395);
#3395 = DEFINITIONAL_REPRESENTATION('',(#3396),#3400);
#3396 = LINE('',#3397,#3398);
#3397 = CARTESIAN_POINT('',(3.141593400666,0.));
#3398 = VECTOR('',#3399,1.);
#3399 = DIRECTION('',(0.,-1.));
#3400 = ( GEOMETRIC_REPRESENTATION_CONTEXT(2) 
PARAMETRIC_REPRESENTATION_CONTEXT() REPRESENTATION_CONTEXT('2D SPACE',''
  ) );
#3401 = ORIENTED_EDGE('',*,*,#3402,.F.);
#3402 = EDGE_CURVE('',#3293,#3380,#3403,.T.);
#3403 = SURFACE_CURVE('',#3404,(#3408,#3415),.PCURVE_S1.);
#3404 = LINE('',#3405,#3406);
#3405 = CARTESIAN_POINT('',(-8.51211242471,0.129674623912,
    19.631900900586));
#3406 = VECTOR('',#3407,1.);
#3407 = DIRECTION('',(0.,1.224646799147E-16,-1.));
#3408 = PCURVE('',#1452,#3409);
#3409 = DEFINITIONAL_REPRESENTATION('',(#3410),#3414);
#3410 = LINE('',#3411,#3412);
#3411 = CARTESIAN_POINT('',(1.1,0.));
#3412 = VECTOR('',#3413,1.);
#3413 = DIRECTION('',(0.,1.));
#3414 = ( GEOMETRIC_REPRESENTATION_CONTEXT(2) 
PARAMETRIC_REPRESENTATION_CONTEXT() REPRESENTATION_CONTEXT('2D SPACE',''
  ) );
#3415 = PCURVE('',#2862,#3416);
#3416 = DEFINITIONAL_REPRESENTATION('',(#3417),#3421);
#3417 = LINE('',#3418,#3419);
#3418 = CARTESIAN_POINT('',(-2.15,0.));
#3419 = VECTOR('',#3420,1.);
#3420 = DIRECTION('',(0.,1.));
#3421 = ( GEOMETRIC_REPRESENTATION_CONTEXT(2) 
PARAMETRIC_REPRESENTATION_CONTEXT() REPRESENTATION_CONTEXT('2D SPACE',''
  ) );
#3422 = ADVANCED_FACE('',(#3423),#1402,.F.);
#3423 = FACE_BOUND('',#3424,.F.);
#3424 = EDGE_LOOP('',(#3425,#3484,#3505,#3506));
#3425 = ORIENTED_EDGE('',*,*,#3426,.T.);
#3426 = EDGE_CURVE('',#3380,#3427,#3429,.T.);
#3427 = VERTEX_POINT('',#3428);
#3428 = CARTESIAN_POINT('',(-7.51211242471,0.129674623912,6.481900900586
    ));
#3429 = SURFACE_CURVE('',#3430,(#3441,#3470),.PCURVE_S1.);
#3430 = B_SPLINE_CURVE_WITH_KNOTS('',3,(#3431,#3432,#3433,#3434,#3435,
    #3436,#3437,#3438,#3439,#3440),.UNSPECIFIED.,.F.,.F.,(4,2,2,2,4),(0.
    ,0.25,0.5,0.75,1.),.UNSPECIFIED.);
#3431 = CARTESIAN_POINT('',(-8.512112424711,0.129674623912,
    7.481900713817));
#3432 = CARTESIAN_POINT('',(-8.512112523915,0.129674623912,
    7.349109812106));
#3433 = CARTESIAN_POINT('',(-8.486936085191,0.129674623912,7.22202348121
    ));
#3434 = CARTESIAN_POINT('',(-8.385048228882,0.129674623912,
    6.976411223075));
#3435 = CARTESIAN_POINT('',(-8.313279848601,0.129674623912,
    6.868758772764));
#3436 = CARTESIAN_POINT('',(-8.12515900082,0.129674623912,6.680829028408
    ));
#3437 = CARTESIAN_POINT('',(-8.017493343554,0.129674623912,
    6.608768112308));
#3438 = CARTESIAN_POINT('',(-7.772098602754,0.129674623912,
    6.507274224213));
#3439 = CARTESIAN_POINT('',(-7.644537419939,0.129674623912,
    6.481900801655));
#3440 = CARTESIAN_POINT('',(-7.51211242471,0.129674623912,6.481900900586
    ));
#3441 = PCURVE('',#1402,#3442);
#3442 = DEFINITIONAL_REPRESENTATION('',(#3443),#3469);
#3443 = B_SPLINE_CURVE_WITH_KNOTS('',3,(#3444,#3445,#3446,#3447,#3448,
    #3449,#3450,#3451,#3452,#3453,#3454,#3455,#3456,#3457,#3458,#3459,
    #3460,#3461,#3462,#3463,#3464,#3465,#3466,#3467,#3468),
  .UNSPECIFIED.,.F.,.F.,(4,1,1,1,1,1,1,1,1,1,1,1,1,1,1,1,1,1,1,1,1,1,4),
  (0.,4.545454545455E-02,9.090909090909E-02,0.136363636364,
    0.181818181818,0.227272727273,0.272727272727,0.318181818182,
    0.363636363636,0.409090909091,0.454545454545,0.5,0.545454545455,
    0.590909090909,0.636363636364,0.681818181818,0.727272727273,
    0.772727272727,0.818181818182,0.863636363636,0.909090909091,
    0.954545454545,1.),.QUASI_UNIFORM_KNOTS.);
#3444 = CARTESIAN_POINT('',(3.141593213897,1.1));
#3445 = CARTESIAN_POINT('',(3.117447368437,1.1));
#3446 = CARTESIAN_POINT('',(3.069541154874,1.1));
#3447 = CARTESIAN_POINT('',(2.998413442138,1.1));
#3448 = CARTESIAN_POINT('',(2.927605861737,1.1));
#3449 = CARTESIAN_POINT('',(2.856660216238,1.1));
#3450 = CARTESIAN_POINT('',(2.785214351287,1.1));
#3451 = CARTESIAN_POINT('',(2.712573066361,1.1));
#3452 = CARTESIAN_POINT('',(2.641140631161,1.1));
#3453 = CARTESIAN_POINT('',(2.570225138652,1.1));
#3454 = CARTESIAN_POINT('',(2.499421875704,1.1));
#3455 = CARTESIAN_POINT('',(2.428362768647,1.1));
#3456 = CARTESIAN_POINT('',(2.356198918798,1.1));
#3457 = CARTESIAN_POINT('',(2.284008497316,1.1));
#3458 = CARTESIAN_POINT('',(2.212905023326,1.1));
#3459 = CARTESIAN_POINT('',(2.142068213656,1.1));
#3460 = CARTESIAN_POINT('',(2.071152836296,1.1));
#3461 = CARTESIAN_POINT('',(1.999763524599,1.1));
#3462 = CARTESIAN_POINT('',(1.927228799763,1.1));
#3463 = CARTESIAN_POINT('',(1.855748894341,1.1));
#3464 = CARTESIAN_POINT('',(1.784721131097,1.1));
#3465 = CARTESIAN_POINT('',(1.713838161176,1.1));
#3466 = CARTESIAN_POINT('',(1.642704289066,1.1));
#3467 = CARTESIAN_POINT('',(1.594874222674,1.1));
#3468 = CARTESIAN_POINT('',(1.570795579719,1.1));
#3469 = ( GEOMETRIC_REPRESENTATION_CONTEXT(2) 
PARAMETRIC_REPRESENTATION_CONTEXT() REPRESENTATION_CONTEXT('2D SPACE',''
  ) );
#3470 = PCURVE('',#2862,#3471);
#3471 = DEFINITIONAL_REPRESENTATION('',(#3472),#3483);
#3472 = B_SPLINE_CURVE_WITH_KNOTS('',3,(#3473,#3474,#3475,#3476,#3477,
    #3478,#3479,#3480,#3481,#3482),.UNSPECIFIED.,.F.,.F.,(4,2,2,2,4),(0.
    ,0.25,0.5,0.75,1.),.UNSPECIFIED.);
#3473 = CARTESIAN_POINT('',(-2.15,12.150000186769));
#3474 = CARTESIAN_POINT('',(-2.149999900795,12.28279108848));
#3475 = CARTESIAN_POINT('',(-2.17517633952,12.409877419376));
#3476 = CARTESIAN_POINT('',(-2.277064195828,12.655489677511));
#3477 = CARTESIAN_POINT('',(-2.34883257611,12.763142127822));
#3478 = CARTESIAN_POINT('',(-2.53695342389,12.951071872178));
#3479 = CARTESIAN_POINT('',(-2.644619081157,13.023132788278));
#3480 = CARTESIAN_POINT('',(-2.890013821957,13.124626676373));
#3481 = CARTESIAN_POINT('',(-3.017575004771,13.150000098932));
#3482 = CARTESIAN_POINT('',(-3.15,13.15));
#3483 = ( GEOMETRIC_REPRESENTATION_CONTEXT(2) 
PARAMETRIC_REPRESENTATION_CONTEXT() REPRESENTATION_CONTEXT('2D SPACE',''
  ) );
#3484 = ORIENTED_EDGE('',*,*,#3485,.T.);
#3485 = EDGE_CURVE('',#3427,#1345,#3486,.T.);
#3486 = SURFACE_CURVE('',#3487,(#3491,#3498),.PCURVE_S1.);
#3487 = LINE('',#3488,#3489);
#3488 = CARTESIAN_POINT('',(-7.51211242471,-0.970325376088,
    6.481900900586));
#3489 = VECTOR('',#3490,1.);
#3490 = DIRECTION('',(0.,-1.,-1.224646799147E-16));
#3491 = PCURVE('',#1402,#3492);
#3492 = DEFINITIONAL_REPRESENTATION('',(#3493),#3497);
#3493 = LINE('',#3494,#3495);
#3494 = CARTESIAN_POINT('',(1.570795579719,0.));
#3495 = VECTOR('',#3496,1.);
#3496 = DIRECTION('',(0.,-1.));
#3497 = ( GEOMETRIC_REPRESENTATION_CONTEXT(2) 
PARAMETRIC_REPRESENTATION_CONTEXT() REPRESENTATION_CONTEXT('2D SPACE',''
  ) );
#3498 = PCURVE('',#1360,#3499);
#3499 = DEFINITIONAL_REPRESENTATION('',(#3500),#3504);
#3500 = LINE('',#3501,#3502);
#3501 = CARTESIAN_POINT('',(0.,3.15));
#3502 = VECTOR('',#3503,1.);
#3503 = DIRECTION('',(-1.,0.));
#3504 = ( GEOMETRIC_REPRESENTATION_CONTEXT(2) 
PARAMETRIC_REPRESENTATION_CONTEXT() REPRESENTATION_CONTEXT('2D SPACE',''
  ) );
#3505 = ORIENTED_EDGE('',*,*,#1372,.T.);
#3506 = ORIENTED_EDGE('',*,*,#3379,.F.);
#3507 = ADVANCED_FACE('',(#3508),#1360,.F.);
#3508 = FACE_BOUND('',#3509,.T.);
#3509 = EDGE_LOOP('',(#3510,#3511,#3512,#3513));
#3510 = ORIENTED_EDGE('',*,*,#3485,.T.);
#3511 = ORIENTED_EDGE('',*,*,#1344,.F.);
#3512 = ORIENTED_EDGE('',*,*,#3085,.T.);
#3513 = ORIENTED_EDGE('',*,*,#3514,.F.);
#3514 = EDGE_CURVE('',#3427,#3003,#3515,.T.);
#3515 = SURFACE_CURVE('',#3516,(#3520,#3527),.PCURVE_S1.);
#3516 = LINE('',#3517,#3518);
#3517 = CARTESIAN_POINT('',(-10.66211242471,0.129674623912,
    6.481900900586));
#3518 = VECTOR('',#3519,1.);
#3519 = DIRECTION('',(1.,0.,0.));
#3520 = PCURVE('',#1360,#3521);
#3521 = DEFINITIONAL_REPRESENTATION('',(#3522),#3526);
#3522 = LINE('',#3523,#3524);
#3523 = CARTESIAN_POINT('',(1.1,0.));
#3524 = VECTOR('',#3525,1.);
#3525 = DIRECTION('',(0.,1.));
#3526 = ( GEOMETRIC_REPRESENTATION_CONTEXT(2) 
PARAMETRIC_REPRESENTATION_CONTEXT() REPRESENTATION_CONTEXT('2D SPACE',''
  ) );
#3527 = PCURVE('',#2862,#3528);
#3528 = DEFINITIONAL_REPRESENTATION('',(#3529),#3533);
#3529 = LINE('',#3530,#3531);
#3530 = CARTESIAN_POINT('',(0.,13.15));
#3531 = VECTOR('',#3532,1.);
#3532 = DIRECTION('',(-1.,0.));
#3533 = ( GEOMETRIC_REPRESENTATION_CONTEXT(2) 
PARAMETRIC_REPRESENTATION_CONTEXT() REPRESENTATION_CONTEXT('2D SPACE',''
  ) );
#3534 = ADVANCED_FACE('',(#3535),#1640,.F.);
#3535 = FACE_BOUND('',#3536,.T.);
#3536 = EDGE_LOOP('',(#3537,#3538,#3539,#3540));
#3537 = ORIENTED_EDGE('',*,*,#1679,.F.);
#3538 = ORIENTED_EDGE('',*,*,#1653,.F.);
#3539 = ORIENTED_EDGE('',*,*,#1620,.F.);
#3540 = ORIENTED_EDGE('',*,*,#1705,.F.);
#3541 = ADVANCED_FACE('',(#3542),#1751,.F.);
#3542 = FACE_BOUND('',#3543,.T.);
#3543 = EDGE_LOOP('',(#3544,#3545,#3546,#3547));
#3544 = ORIENTED_EDGE('',*,*,#1790,.F.);
#3545 = ORIENTED_EDGE('',*,*,#1764,.F.);
#3546 = ORIENTED_EDGE('',*,*,#1731,.F.);
#3547 = ORIENTED_EDGE('',*,*,#1816,.F.);
#3548 = ADVANCED_FACE('',(#3549),#1862,.F.);
#3549 = FACE_BOUND('',#3550,.T.);
#3550 = EDGE_LOOP('',(#3551,#3552,#3553,#3554));
#3551 = ORIENTED_EDGE('',*,*,#1901,.F.);
#3552 = ORIENTED_EDGE('',*,*,#1875,.F.);
#3553 = ORIENTED_EDGE('',*,*,#1842,.F.);
#3554 = ORIENTED_EDGE('',*,*,#1927,.F.);
#3555 = ADVANCED_FACE('',(#3556),#1973,.F.);
#3556 = FACE_BOUND('',#3557,.T.);
#3557 = EDGE_LOOP('',(#3558,#3559,#3560,#3561));
#3558 = ORIENTED_EDGE('',*,*,#2012,.F.);
#3559 = ORIENTED_EDGE('',*,*,#1986,.F.);
#3560 = ORIENTED_EDGE('',*,*,#1953,.F.);
#3561 = ORIENTED_EDGE('',*,*,#2038,.F.);
#3562 = ADVANCED_FACE('',(#3563),#2084,.F.);
#3563 = FACE_BOUND('',#3564,.T.);
#3564 = EDGE_LOOP('',(#3565,#3566,#3567,#3568));
#3565 = ORIENTED_EDGE('',*,*,#2123,.F.);
#3566 = ORIENTED_EDGE('',*,*,#2097,.F.);
#3567 = ORIENTED_EDGE('',*,*,#2064,.F.);
#3568 = ORIENTED_EDGE('',*,*,#2149,.F.);
#3569 = ADVANCED_FACE('',(#3570),#2195,.F.);
#3570 = FACE_BOUND('',#3571,.T.);
#3571 = EDGE_LOOP('',(#3572,#3573,#3574,#3575));
#3572 = ORIENTED_EDGE('',*,*,#2234,.F.);
#3573 = ORIENTED_EDGE('',*,*,#2208,.F.);
#3574 = ORIENTED_EDGE('',*,*,#2175,.F.);
#3575 = ORIENTED_EDGE('',*,*,#2260,.F.);
#3576 = ADVANCED_FACE('',(#3577),#2306,.F.);
#3577 = FACE_BOUND('',#3578,.T.);
#3578 = EDGE_LOOP('',(#3579,#3580,#3581,#3582));
#3579 = ORIENTED_EDGE('',*,*,#2345,.F.);
#3580 = ORIENTED_EDGE('',*,*,#2319,.F.);
#3581 = ORIENTED_EDGE('',*,*,#2286,.F.);
#3582 = ORIENTED_EDGE('',*,*,#2371,.F.);
#3583 = ADVANCED_FACE('',(#3584),#2417,.F.);
#3584 = FACE_BOUND('',#3585,.T.);
#3585 = EDGE_LOOP('',(#3586,#3587,#3588,#3589));
#3586 = ORIENTED_EDGE('',*,*,#2456,.F.);
#3587 = ORIENTED_EDGE('',*,*,#2430,.F.);
#3588 = ORIENTED_EDGE('',*,*,#2397,.F.);
#3589 = ORIENTED_EDGE('',*,*,#2482,.F.);
#3590 = ADVANCED_FACE('',(#3591),#2528,.F.);
#3591 = FACE_BOUND('',#3592,.T.);
#3592 = EDGE_LOOP('',(#3593,#3594,#3595,#3596));
#3593 = ORIENTED_EDGE('',*,*,#2567,.F.);
#3594 = ORIENTED_EDGE('',*,*,#2541,.F.);
#3595 = ORIENTED_EDGE('',*,*,#2508,.F.);
#3596 = ORIENTED_EDGE('',*,*,#2593,.F.);
#3597 = ADVANCED_FACE('',(#3598),#2639,.F.);
#3598 = FACE_BOUND('',#3599,.T.);
#3599 = EDGE_LOOP('',(#3600,#3601,#3602,#3603));
#3600 = ORIENTED_EDGE('',*,*,#2678,.F.);
#3601 = ORIENTED_EDGE('',*,*,#2652,.F.);
#3602 = ORIENTED_EDGE('',*,*,#2619,.F.);
#3603 = ORIENTED_EDGE('',*,*,#2704,.F.);
#3604 = ADVANCED_FACE('',(#3605,#3716,#3827,#3938,#4049,#4160,#4271,
    #4382,#4493,#4604,#4715,#4721,#4731,#4842,#4953,#5064,#5175,#5286,
    #5397,#5508,#5619,#5730),#2862,.F.);
#3605 = FACE_BOUND('',#3606,.F.);
#3606 = EDGE_LOOP('',(#3607,#3640,#3666,#3692));
#3607 = ORIENTED_EDGE('',*,*,#3608,.T.);
#3608 = EDGE_CURVE('',#3609,#3611,#3613,.T.);
#3609 = VERTEX_POINT('',#3610);
#3610 = CARTESIAN_POINT('',(-7.56211242471,0.129724623912,6.281900900586
    ));
#3611 = VERTEX_POINT('',#3612);
#3612 = CARTESIAN_POINT('',(-6.06211242471,0.129724623912,6.281900900586
    ));
#3613 = SURFACE_CURVE('',#3614,(#3619,#3627),.PCURVE_S1.);
#3614 = B_SPLINE_CURVE_WITH_KNOTS('',3,(#3615,#3616,#3617,#3618),
  .UNSPECIFIED.,.F.,.F.,(4,4),(0.,1.),.PIECEWISE_BEZIER_KNOTS.);
#3615 = CARTESIAN_POINT('',(-7.56211242471,0.129724623912,6.281900900586
    ));
#3616 = CARTESIAN_POINT('',(-7.06211242471,0.129774623912,6.281900900586
    ));
#3617 = CARTESIAN_POINT('',(-6.56211242471,0.129774623912,6.281900900586
    ));
#3618 = CARTESIAN_POINT('',(-6.06211242471,0.129724623912,6.281900900586
    ));
#3619 = PCURVE('',#2862,#3620);
#3620 = DEFINITIONAL_REPRESENTATION('',(#3621),#3626);
#3621 = B_SPLINE_CURVE_WITH_KNOTS('',3,(#3622,#3623,#3624,#3625),
  .UNSPECIFIED.,.F.,.F.,(4,4),(0.,1.),.PIECEWISE_BEZIER_KNOTS.);
#3622 = CARTESIAN_POINT('',(-3.1,13.35));
#3623 = CARTESIAN_POINT('',(-3.6,13.35));
#3624 = CARTESIAN_POINT('',(-4.1,13.35));
#3625 = CARTESIAN_POINT('',(-4.6,13.35));
#3626 = ( GEOMETRIC_REPRESENTATION_CONTEXT(2) 
PARAMETRIC_REPRESENTATION_CONTEXT() REPRESENTATION_CONTEXT('2D SPACE',''
  ) );
#3627 = PCURVE('',#3628,#3633);
#3628 = PLANE('',#3629);
#3629 = AXIS2_PLACEMENT_3D('',#3630,#3631,#3632);
#3630 = CARTESIAN_POINT('',(-10.66211242471,0.129774623912,
    19.631900900586));
#3631 = DIRECTION('',(0.,1.,1.224646799147E-16));
#3632 = DIRECTION('',(1.,0.,0.));
#3633 = DEFINITIONAL_REPRESENTATION('',(#3634),#3639);
#3634 = B_SPLINE_CURVE_WITH_KNOTS('',3,(#3635,#3636,#3637,#3638),
  .UNSPECIFIED.,.F.,.F.,(4,4),(0.,1.),.PIECEWISE_BEZIER_KNOTS.);
#3635 = CARTESIAN_POINT('',(3.1,13.35));
#3636 = CARTESIAN_POINT('',(3.6,13.35));
#3637 = CARTESIAN_POINT('',(4.1,13.35));
#3638 = CARTESIAN_POINT('',(4.6,13.35));
#3639 = ( GEOMETRIC_REPRESENTATION_CONTEXT(2) 
PARAMETRIC_REPRESENTATION_CONTEXT() REPRESENTATION_CONTEXT('2D SPACE',''
  ) );
#3640 = ORIENTED_EDGE('',*,*,#3641,.T.);
#3641 = EDGE_CURVE('',#3611,#3642,#3644,.T.);
#3642 = VERTEX_POINT('',#3643);
#3643 = CARTESIAN_POINT('',(-6.06211242471,0.129724623912,4.481900900586
    ));
#3644 = SURFACE_CURVE('',#3645,(#3650,#3658),.PCURVE_S1.);
#3645 = B_SPLINE_CURVE_WITH_KNOTS('',3,(#3646,#3647,#3648,#3649),
  .UNSPECIFIED.,.F.,.F.,(4,4),(0.,1.),.PIECEWISE_BEZIER_KNOTS.);
#3646 = CARTESIAN_POINT('',(-6.06211242471,0.129724623912,6.281900900586
    ));
#3647 = CARTESIAN_POINT('',(-6.06211242471,0.129774623912,5.681900900586
    ));
#3648 = CARTESIAN_POINT('',(-6.06211242471,0.129774623912,5.081900900586
    ));
#3649 = CARTESIAN_POINT('',(-6.06211242471,0.129724623912,4.481900900586
    ));
#3650 = PCURVE('',#2862,#3651);
#3651 = DEFINITIONAL_REPRESENTATION('',(#3652),#3657);
#3652 = B_SPLINE_CURVE_WITH_KNOTS('',3,(#3653,#3654,#3655,#3656),
  .UNSPECIFIED.,.F.,.F.,(4,4),(0.,1.),.PIECEWISE_BEZIER_KNOTS.);
#3653 = CARTESIAN_POINT('',(-4.6,13.35));
#3654 = CARTESIAN_POINT('',(-4.6,13.95));
#3655 = CARTESIAN_POINT('',(-4.6,14.55));
#3656 = CARTESIAN_POINT('',(-4.6,15.15));
#3657 = ( GEOMETRIC_REPRESENTATION_CONTEXT(2) 
PARAMETRIC_REPRESENTATION_CONTEXT() REPRESENTATION_CONTEXT('2D SPACE',''
  ) );
#3658 = PCURVE('',#3628,#3659);
#3659 = DEFINITIONAL_REPRESENTATION('',(#3660),#3665);
#3660 = B_SPLINE_CURVE_WITH_KNOTS('',3,(#3661,#3662,#3663,#3664),
  .UNSPECIFIED.,.F.,.F.,(4,4),(0.,1.),.PIECEWISE_BEZIER_KNOTS.);
#3661 = CARTESIAN_POINT('',(4.6,13.35));
#3662 = CARTESIAN_POINT('',(4.6,13.95));
#3663 = CARTESIAN_POINT('',(4.6,14.55));
#3664 = CARTESIAN_POINT('',(4.6,15.15));
#3665 = ( GEOMETRIC_REPRESENTATION_CONTEXT(2) 
PARAMETRIC_REPRESENTATION_CONTEXT() REPRESENTATION_CONTEXT('2D SPACE',''
  ) );
#3666 = ORIENTED_EDGE('',*,*,#3667,.T.);
#3667 = EDGE_CURVE('',#3642,#3668,#3670,.T.);
#3668 = VERTEX_POINT('',#3669);
#3669 = CARTESIAN_POINT('',(-7.56211242471,0.129724623912,4.481900900586
    ));
#3670 = SURFACE_CURVE('',#3671,(#3676,#3684),.PCURVE_S1.);
#3671 = B_SPLINE_CURVE_WITH_KNOTS('',3,(#3672,#3673,#3674,#3675),
  .UNSPECIFIED.,.F.,.F.,(4,4),(0.,1.),.PIECEWISE_BEZIER_KNOTS.);
#3672 = CARTESIAN_POINT('',(-6.06211242471,0.129724623912,4.481900900586
    ));
#3673 = CARTESIAN_POINT('',(-6.56211242471,0.129774623912,4.481900900586
    ));
#3674 = CARTESIAN_POINT('',(-7.06211242471,0.129774623912,4.481900900586
    ));
#3675 = CARTESIAN_POINT('',(-7.56211242471,0.129724623912,4.481900900586
    ));
#3676 = PCURVE('',#2862,#3677);
#3677 = DEFINITIONAL_REPRESENTATION('',(#3678),#3683);
#3678 = B_SPLINE_CURVE_WITH_KNOTS('',3,(#3679,#3680,#3681,#3682),
  .UNSPECIFIED.,.F.,.F.,(4,4),(0.,1.),.PIECEWISE_BEZIER_KNOTS.);
#3679 = CARTESIAN_POINT('',(-4.6,15.15));
#3680 = CARTESIAN_POINT('',(-4.1,15.15));
#3681 = CARTESIAN_POINT('',(-3.6,15.15));
#3682 = CARTESIAN_POINT('',(-3.1,15.15));
#3683 = ( GEOMETRIC_REPRESENTATION_CONTEXT(2) 
PARAMETRIC_REPRESENTATION_CONTEXT() REPRESENTATION_CONTEXT('2D SPACE',''
  ) );
#3684 = PCURVE('',#3628,#3685);
#3685 = DEFINITIONAL_REPRESENTATION('',(#3686),#3691);
#3686 = B_SPLINE_CURVE_WITH_KNOTS('',3,(#3687,#3688,#3689,#3690),
  .UNSPECIFIED.,.F.,.F.,(4,4),(0.,1.),.PIECEWISE_BEZIER_KNOTS.);
#3687 = CARTESIAN_POINT('',(4.6,15.15));
#3688 = CARTESIAN_POINT('',(4.1,15.15));
#3689 = CARTESIAN_POINT('',(3.6,15.15));
#3690 = CARTESIAN_POINT('',(3.1,15.15));
#3691 = ( GEOMETRIC_REPRESENTATION_CONTEXT(2) 
PARAMETRIC_REPRESENTATION_CONTEXT() REPRESENTATION_CONTEXT('2D SPACE',''
  ) );
#3692 = ORIENTED_EDGE('',*,*,#3693,.T.);
#3693 = EDGE_CURVE('',#3668,#3609,#3694,.T.);
#3694 = SURFACE_CURVE('',#3695,(#3700,#3708),.PCURVE_S1.);
#3695 = B_SPLINE_CURVE_WITH_KNOTS('',3,(#3696,#3697,#3698,#3699),
  .UNSPECIFIED.,.F.,.F.,(4,4),(0.,1.),.PIECEWISE_BEZIER_KNOTS.);
#3696 = CARTESIAN_POINT('',(-7.56211242471,0.129724623912,4.481900900586
    ));
#3697 = CARTESIAN_POINT('',(-7.56211242471,0.129774623912,5.081900900586
    ));
#3698 = CARTESIAN_POINT('',(-7.56211242471,0.129774623912,5.681900900586
    ));
#3699 = CARTESIAN_POINT('',(-7.56211242471,0.129724623912,6.281900900586
    ));
#3700 = PCURVE('',#2862,#3701);
#3701 = DEFINITIONAL_REPRESENTATION('',(#3702),#3707);
#3702 = B_SPLINE_CURVE_WITH_KNOTS('',3,(#3703,#3704,#3705,#3706),
  .UNSPECIFIED.,.F.,.F.,(4,4),(0.,1.),.PIECEWISE_BEZIER_KNOTS.);
#3703 = CARTESIAN_POINT('',(-3.1,15.15));
#3704 = CARTESIAN_POINT('',(-3.1,14.55));
#3705 = CARTESIAN_POINT('',(-3.1,13.95));
#3706 = CARTESIAN_POINT('',(-3.1,13.35));
#3707 = ( GEOMETRIC_REPRESENTATION_CONTEXT(2) 
PARAMETRIC_REPRESENTATION_CONTEXT() REPRESENTATION_CONTEXT('2D SPACE',''
  ) );
#3708 = PCURVE('',#3628,#3709);
#3709 = DEFINITIONAL_REPRESENTATION('',(#3710),#3715);
#3710 = B_SPLINE_CURVE_WITH_KNOTS('',3,(#3711,#3712,#3713,#3714),
  .UNSPECIFIED.,.F.,.F.,(4,4),(0.,1.),.PIECEWISE_BEZIER_KNOTS.);
#3711 = CARTESIAN_POINT('',(3.1,15.15));
#3712 = CARTESIAN_POINT('',(3.1,14.55));
#3713 = CARTESIAN_POINT('',(3.1,13.95));
#3714 = CARTESIAN_POINT('',(3.1,13.35));
#3715 = ( GEOMETRIC_REPRESENTATION_CONTEXT(2) 
PARAMETRIC_REPRESENTATION_CONTEXT() REPRESENTATION_CONTEXT('2D SPACE',''
  ) );
#3716 = FACE_BOUND('',#3717,.F.);
#3717 = EDGE_LOOP('',(#3718,#3751,#3777,#3803));
#3718 = ORIENTED_EDGE('',*,*,#3719,.T.);
#3719 = EDGE_CURVE('',#3720,#3722,#3724,.T.);
#3720 = VERTEX_POINT('',#3721);
#3721 = CARTESIAN_POINT('',(-3.76211242471,0.129724623912,6.281900900586
    ));
#3722 = VERTEX_POINT('',#3723);
#3723 = CARTESIAN_POINT('',(-2.26211242471,0.129724623912,6.281900900586
    ));
#3724 = SURFACE_CURVE('',#3725,(#3730,#3738),.PCURVE_S1.);
#3725 = B_SPLINE_CURVE_WITH_KNOTS('',3,(#3726,#3727,#3728,#3729),
  .UNSPECIFIED.,.F.,.F.,(4,4),(0.,1.),.PIECEWISE_BEZIER_KNOTS.);
#3726 = CARTESIAN_POINT('',(-3.76211242471,0.129724623912,6.281900900586
    ));
#3727 = CARTESIAN_POINT('',(-3.26211242471,0.129774623912,6.281900900586
    ));
#3728 = CARTESIAN_POINT('',(-2.76211242471,0.129774623912,6.281900900586
    ));
#3729 = CARTESIAN_POINT('',(-2.26211242471,0.129724623912,6.281900900586
    ));
#3730 = PCURVE('',#2862,#3731);
#3731 = DEFINITIONAL_REPRESENTATION('',(#3732),#3737);
#3732 = B_SPLINE_CURVE_WITH_KNOTS('',3,(#3733,#3734,#3735,#3736),
  .UNSPECIFIED.,.F.,.F.,(4,4),(0.,1.),.PIECEWISE_BEZIER_KNOTS.);
#3733 = CARTESIAN_POINT('',(-6.9,13.35));
#3734 = CARTESIAN_POINT('',(-7.4,13.35));
#3735 = CARTESIAN_POINT('',(-7.9,13.35));
#3736 = CARTESIAN_POINT('',(-8.4,13.35));
#3737 = ( GEOMETRIC_REPRESENTATION_CONTEXT(2) 
PARAMETRIC_REPRESENTATION_CONTEXT() REPRESENTATION_CONTEXT('2D SPACE',''
  ) );
#3738 = PCURVE('',#3739,#3744);
#3739 = PLANE('',#3740);
#3740 = AXIS2_PLACEMENT_3D('',#3741,#3742,#3743);
#3741 = CARTESIAN_POINT('',(-10.66211242471,0.129774623912,
    19.631900900586));
#3742 = DIRECTION('',(0.,1.,1.224646799147E-16));
#3743 = DIRECTION('',(1.,0.,0.));
#3744 = DEFINITIONAL_REPRESENTATION('',(#3745),#3750);
#3745 = B_SPLINE_CURVE_WITH_KNOTS('',3,(#3746,#3747,#3748,#3749),
  .UNSPECIFIED.,.F.,.F.,(4,4),(0.,1.),.PIECEWISE_BEZIER_KNOTS.);
#3746 = CARTESIAN_POINT('',(6.9,13.35));
#3747 = CARTESIAN_POINT('',(7.4,13.35));
#3748 = CARTESIAN_POINT('',(7.9,13.35));
#3749 = CARTESIAN_POINT('',(8.4,13.35));
#3750 = ( GEOMETRIC_REPRESENTATION_CONTEXT(2) 
PARAMETRIC_REPRESENTATION_CONTEXT() REPRESENTATION_CONTEXT('2D SPACE',''
  ) );
#3751 = ORIENTED_EDGE('',*,*,#3752,.T.);
#3752 = EDGE_CURVE('',#3722,#3753,#3755,.T.);
#3753 = VERTEX_POINT('',#3754);
#3754 = CARTESIAN_POINT('',(-2.26211242471,0.129724623912,4.481900900586
    ));
#3755 = SURFACE_CURVE('',#3756,(#3761,#3769),.PCURVE_S1.);
#3756 = B_SPLINE_CURVE_WITH_KNOTS('',3,(#3757,#3758,#3759,#3760),
  .UNSPECIFIED.,.F.,.F.,(4,4),(0.,1.),.PIECEWISE_BEZIER_KNOTS.);
#3757 = CARTESIAN_POINT('',(-2.26211242471,0.129724623912,6.281900900586
    ));
#3758 = CARTESIAN_POINT('',(-2.26211242471,0.129774623912,5.681900900586
    ));
#3759 = CARTESIAN_POINT('',(-2.26211242471,0.129774623912,5.081900900586
    ));
#3760 = CARTESIAN_POINT('',(-2.26211242471,0.129724623912,4.481900900586
    ));
#3761 = PCURVE('',#2862,#3762);
#3762 = DEFINITIONAL_REPRESENTATION('',(#3763),#3768);
#3763 = B_SPLINE_CURVE_WITH_KNOTS('',3,(#3764,#3765,#3766,#3767),
  .UNSPECIFIED.,.F.,.F.,(4,4),(0.,1.),.PIECEWISE_BEZIER_KNOTS.);
#3764 = CARTESIAN_POINT('',(-8.4,13.35));
#3765 = CARTESIAN_POINT('',(-8.4,13.95));
#3766 = CARTESIAN_POINT('',(-8.4,14.55));
#3767 = CARTESIAN_POINT('',(-8.4,15.15));
#3768 = ( GEOMETRIC_REPRESENTATION_CONTEXT(2) 
PARAMETRIC_REPRESENTATION_CONTEXT() REPRESENTATION_CONTEXT('2D SPACE',''
  ) );
#3769 = PCURVE('',#3739,#3770);
#3770 = DEFINITIONAL_REPRESENTATION('',(#3771),#3776);
#3771 = B_SPLINE_CURVE_WITH_KNOTS('',3,(#3772,#3773,#3774,#3775),
  .UNSPECIFIED.,.F.,.F.,(4,4),(0.,1.),.PIECEWISE_BEZIER_KNOTS.);
#3772 = CARTESIAN_POINT('',(8.4,13.35));
#3773 = CARTESIAN_POINT('',(8.4,13.95));
#3774 = CARTESIAN_POINT('',(8.4,14.55));
#3775 = CARTESIAN_POINT('',(8.4,15.15));
#3776 = ( GEOMETRIC_REPRESENTATION_CONTEXT(2) 
PARAMETRIC_REPRESENTATION_CONTEXT() REPRESENTATION_CONTEXT('2D SPACE',''
  ) );
#3777 = ORIENTED_EDGE('',*,*,#3778,.T.);
#3778 = EDGE_CURVE('',#3753,#3779,#3781,.T.);
#3779 = VERTEX_POINT('',#3780);
#3780 = CARTESIAN_POINT('',(-3.76211242471,0.129724623912,4.481900900586
    ));
#3781 = SURFACE_CURVE('',#3782,(#3787,#3795),.PCURVE_S1.);
#3782 = B_SPLINE_CURVE_WITH_KNOTS('',3,(#3783,#3784,#3785,#3786),
  .UNSPECIFIED.,.F.,.F.,(4,4),(0.,1.),.PIECEWISE_BEZIER_KNOTS.);
#3783 = CARTESIAN_POINT('',(-2.26211242471,0.129724623912,4.481900900586
    ));
#3784 = CARTESIAN_POINT('',(-2.76211242471,0.129774623912,4.481900900586
    ));
#3785 = CARTESIAN_POINT('',(-3.26211242471,0.129774623912,4.481900900586
    ));
#3786 = CARTESIAN_POINT('',(-3.76211242471,0.129724623912,4.481900900586
    ));
#3787 = PCURVE('',#2862,#3788);
#3788 = DEFINITIONAL_REPRESENTATION('',(#3789),#3794);
#3789 = B_SPLINE_CURVE_WITH_KNOTS('',3,(#3790,#3791,#3792,#3793),
  .UNSPECIFIED.,.F.,.F.,(4,4),(0.,1.),.PIECEWISE_BEZIER_KNOTS.);
#3790 = CARTESIAN_POINT('',(-8.4,15.15));
#3791 = CARTESIAN_POINT('',(-7.9,15.15));
#3792 = CARTESIAN_POINT('',(-7.4,15.15));
#3793 = CARTESIAN_POINT('',(-6.9,15.15));
#3794 = ( GEOMETRIC_REPRESENTATION_CONTEXT(2) 
PARAMETRIC_REPRESENTATION_CONTEXT() REPRESENTATION_CONTEXT('2D SPACE',''
  ) );
#3795 = PCURVE('',#3739,#3796);
#3796 = DEFINITIONAL_REPRESENTATION('',(#3797),#3802);
#3797 = B_SPLINE_CURVE_WITH_KNOTS('',3,(#3798,#3799,#3800,#3801),
  .UNSPECIFIED.,.F.,.F.,(4,4),(0.,1.),.PIECEWISE_BEZIER_KNOTS.);
#3798 = CARTESIAN_POINT('',(8.4,15.15));
#3799 = CARTESIAN_POINT('',(7.9,15.15));
#3800 = CARTESIAN_POINT('',(7.4,15.15));
#3801 = CARTESIAN_POINT('',(6.9,15.15));
#3802 = ( GEOMETRIC_REPRESENTATION_CONTEXT(2) 
PARAMETRIC_REPRESENTATION_CONTEXT() REPRESENTATION_CONTEXT('2D SPACE',''
  ) );
#3803 = ORIENTED_EDGE('',*,*,#3804,.T.);
#3804 = EDGE_CURVE('',#3779,#3720,#3805,.T.);
#3805 = SURFACE_CURVE('',#3806,(#3811,#3819),.PCURVE_S1.);
#3806 = B_SPLINE_CURVE_WITH_KNOTS('',3,(#3807,#3808,#3809,#3810),
  .UNSPECIFIED.,.F.,.F.,(4,4),(0.,1.),.PIECEWISE_BEZIER_KNOTS.);
#3807 = CARTESIAN_POINT('',(-3.76211242471,0.129724623912,4.481900900586
    ));
#3808 = CARTESIAN_POINT('',(-3.76211242471,0.129774623912,5.081900900586
    ));
#3809 = CARTESIAN_POINT('',(-3.76211242471,0.129774623912,5.681900900586
    ));
#3810 = CARTESIAN_POINT('',(-3.76211242471,0.129724623912,6.281900900586
    ));
#3811 = PCURVE('',#2862,#3812);
#3812 = DEFINITIONAL_REPRESENTATION('',(#3813),#3818);
#3813 = B_SPLINE_CURVE_WITH_KNOTS('',3,(#3814,#3815,#3816,#3817),
  .UNSPECIFIED.,.F.,.F.,(4,4),(0.,1.),.PIECEWISE_BEZIER_KNOTS.);
#3814 = CARTESIAN_POINT('',(-6.9,15.15));
#3815 = CARTESIAN_POINT('',(-6.9,14.55));
#3816 = CARTESIAN_POINT('',(-6.9,13.95));
#3817 = CARTESIAN_POINT('',(-6.9,13.35));
#3818 = ( GEOMETRIC_REPRESENTATION_CONTEXT(2) 
PARAMETRIC_REPRESENTATION_CONTEXT() REPRESENTATION_CONTEXT('2D SPACE',''
  ) );
#3819 = PCURVE('',#3739,#3820);
#3820 = DEFINITIONAL_REPRESENTATION('',(#3821),#3826);
#3821 = B_SPLINE_CURVE_WITH_KNOTS('',3,(#3822,#3823,#3824,#3825),
  .UNSPECIFIED.,.F.,.F.,(4,4),(0.,1.),.PIECEWISE_BEZIER_KNOTS.);
#3822 = CARTESIAN_POINT('',(6.9,15.15));
#3823 = CARTESIAN_POINT('',(6.9,14.55));
#3824 = CARTESIAN_POINT('',(6.9,13.95));
#3825 = CARTESIAN_POINT('',(6.9,13.35));
#3826 = ( GEOMETRIC_REPRESENTATION_CONTEXT(2) 
PARAMETRIC_REPRESENTATION_CONTEXT() REPRESENTATION_CONTEXT('2D SPACE',''
  ) );
#3827 = FACE_BOUND('',#3828,.F.);
#3828 = EDGE_LOOP('',(#3829,#3862,#3888,#3914));
#3829 = ORIENTED_EDGE('',*,*,#3830,.T.);
#3830 = EDGE_CURVE('',#3831,#3833,#3835,.T.);
#3831 = VERTEX_POINT('',#3832);
#3832 = CARTESIAN_POINT('',(3.788757528951E-02,0.129724623912,
    6.281900900586));
#3833 = VERTEX_POINT('',#3834);
#3834 = CARTESIAN_POINT('',(1.53788757529,0.129724623912,6.281900900586)
  );
#3835 = SURFACE_CURVE('',#3836,(#3841,#3849),.PCURVE_S1.);
#3836 = B_SPLINE_CURVE_WITH_KNOTS('',3,(#3837,#3838,#3839,#3840),
  .UNSPECIFIED.,.F.,.F.,(4,4),(0.,1.),.PIECEWISE_BEZIER_KNOTS.);
#3837 = CARTESIAN_POINT('',(3.788757528951E-02,0.129724623912,
    6.281900900586));
#3838 = CARTESIAN_POINT('',(0.53788757529,0.129774623912,6.281900900586)
  );
#3839 = CARTESIAN_POINT('',(1.03788757529,0.129774623912,6.281900900586)
  );
#3840 = CARTESIAN_POINT('',(1.53788757529,0.129724623912,6.281900900586)
  );
#3841 = PCURVE('',#2862,#3842);
#3842 = DEFINITIONAL_REPRESENTATION('',(#3843),#3848);
#3843 = B_SPLINE_CURVE_WITH_KNOTS('',3,(#3844,#3845,#3846,#3847),
  .UNSPECIFIED.,.F.,.F.,(4,4),(0.,1.),.PIECEWISE_BEZIER_KNOTS.);
#3844 = CARTESIAN_POINT('',(-10.7,13.35));
#3845 = CARTESIAN_POINT('',(-11.2,13.35));
#3846 = CARTESIAN_POINT('',(-11.7,13.35));
#3847 = CARTESIAN_POINT('',(-12.2,13.35));
#3848 = ( GEOMETRIC_REPRESENTATION_CONTEXT(2) 
PARAMETRIC_REPRESENTATION_CONTEXT() REPRESENTATION_CONTEXT('2D SPACE',''
  ) );
#3849 = PCURVE('',#3850,#3855);
#3850 = PLANE('',#3851);
#3851 = AXIS2_PLACEMENT_3D('',#3852,#3853,#3854);
#3852 = CARTESIAN_POINT('',(-10.66211242471,0.129774623912,
    19.631900900586));
#3853 = DIRECTION('',(0.,1.,1.224646799147E-16));
#3854 = DIRECTION('',(1.,0.,0.));
#3855 = DEFINITIONAL_REPRESENTATION('',(#3856),#3861);
#3856 = B_SPLINE_CURVE_WITH_KNOTS('',3,(#3857,#3858,#3859,#3860),
  .UNSPECIFIED.,.F.,.F.,(4,4),(0.,1.),.PIECEWISE_BEZIER_KNOTS.);
#3857 = CARTESIAN_POINT('',(10.7,13.35));
#3858 = CARTESIAN_POINT('',(11.2,13.35));
#3859 = CARTESIAN_POINT('',(11.7,13.35));
#3860 = CARTESIAN_POINT('',(12.2,13.35));
#3861 = ( GEOMETRIC_REPRESENTATION_CONTEXT(2) 
PARAMETRIC_REPRESENTATION_CONTEXT() REPRESENTATION_CONTEXT('2D SPACE',''
  ) );
#3862 = ORIENTED_EDGE('',*,*,#3863,.T.);
#3863 = EDGE_CURVE('',#3833,#3864,#3866,.T.);
#3864 = VERTEX_POINT('',#3865);
#3865 = CARTESIAN_POINT('',(1.53788757529,0.129724623912,4.481900900586)
  );
#3866 = SURFACE_CURVE('',#3867,(#3872,#3880),.PCURVE_S1.);
#3867 = B_SPLINE_CURVE_WITH_KNOTS('',3,(#3868,#3869,#3870,#3871),
  .UNSPECIFIED.,.F.,.F.,(4,4),(0.,1.),.PIECEWISE_BEZIER_KNOTS.);
#3868 = CARTESIAN_POINT('',(1.53788757529,0.129724623912,6.281900900586)
  );
#3869 = CARTESIAN_POINT('',(1.53788757529,0.129774623912,5.681900900586)
  );
#3870 = CARTESIAN_POINT('',(1.53788757529,0.129774623912,5.081900900586)
  );
#3871 = CARTESIAN_POINT('',(1.53788757529,0.129724623912,4.481900900586)
  );
#3872 = PCURVE('',#2862,#3873);
#3873 = DEFINITIONAL_REPRESENTATION('',(#3874),#3879);
#3874 = B_SPLINE_CURVE_WITH_KNOTS('',3,(#3875,#3876,#3877,#3878),
  .UNSPECIFIED.,.F.,.F.,(4,4),(0.,1.),.PIECEWISE_BEZIER_KNOTS.);
#3875 = CARTESIAN_POINT('',(-12.2,13.35));
#3876 = CARTESIAN_POINT('',(-12.2,13.95));
#3877 = CARTESIAN_POINT('',(-12.2,14.55));
#3878 = CARTESIAN_POINT('',(-12.2,15.15));
#3879 = ( GEOMETRIC_REPRESENTATION_CONTEXT(2) 
PARAMETRIC_REPRESENTATION_CONTEXT() REPRESENTATION_CONTEXT('2D SPACE',''
  ) );
#3880 = PCURVE('',#3850,#3881);
#3881 = DEFINITIONAL_REPRESENTATION('',(#3882),#3887);
#3882 = B_SPLINE_CURVE_WITH_KNOTS('',3,(#3883,#3884,#3885,#3886),
  .UNSPECIFIED.,.F.,.F.,(4,4),(0.,1.),.PIECEWISE_BEZIER_KNOTS.);
#3883 = CARTESIAN_POINT('',(12.2,13.35));
#3884 = CARTESIAN_POINT('',(12.2,13.95));
#3885 = CARTESIAN_POINT('',(12.2,14.55));
#3886 = CARTESIAN_POINT('',(12.2,15.15));
#3887 = ( GEOMETRIC_REPRESENTATION_CONTEXT(2) 
PARAMETRIC_REPRESENTATION_CONTEXT() REPRESENTATION_CONTEXT('2D SPACE',''
  ) );
#3888 = ORIENTED_EDGE('',*,*,#3889,.T.);
#3889 = EDGE_CURVE('',#3864,#3890,#3892,.T.);
#3890 = VERTEX_POINT('',#3891);
#3891 = CARTESIAN_POINT('',(3.788757528951E-02,0.129724623912,
    4.481900900586));
#3892 = SURFACE_CURVE('',#3893,(#3898,#3906),.PCURVE_S1.);
#3893 = B_SPLINE_CURVE_WITH_KNOTS('',3,(#3894,#3895,#3896,#3897),
  .UNSPECIFIED.,.F.,.F.,(4,4),(0.,1.),.PIECEWISE_BEZIER_KNOTS.);
#3894 = CARTESIAN_POINT('',(1.53788757529,0.129724623912,4.481900900586)
  );
#3895 = CARTESIAN_POINT('',(1.03788757529,0.129774623912,4.481900900586)
  );
#3896 = CARTESIAN_POINT('',(0.53788757529,0.129774623912,4.481900900586)
  );
#3897 = CARTESIAN_POINT('',(3.788757528951E-02,0.129724623912,
    4.481900900586));
#3898 = PCURVE('',#2862,#3899);
#3899 = DEFINITIONAL_REPRESENTATION('',(#3900),#3905);
#3900 = B_SPLINE_CURVE_WITH_KNOTS('',3,(#3901,#3902,#3903,#3904),
  .UNSPECIFIED.,.F.,.F.,(4,4),(0.,1.),.PIECEWISE_BEZIER_KNOTS.);
#3901 = CARTESIAN_POINT('',(-12.2,15.15));
#3902 = CARTESIAN_POINT('',(-11.7,15.15));
#3903 = CARTESIAN_POINT('',(-11.2,15.15));
#3904 = CARTESIAN_POINT('',(-10.7,15.15));
#3905 = ( GEOMETRIC_REPRESENTATION_CONTEXT(2) 
PARAMETRIC_REPRESENTATION_CONTEXT() REPRESENTATION_CONTEXT('2D SPACE',''
  ) );
#3906 = PCURVE('',#3850,#3907);
#3907 = DEFINITIONAL_REPRESENTATION('',(#3908),#3913);
#3908 = B_SPLINE_CURVE_WITH_KNOTS('',3,(#3909,#3910,#3911,#3912),
  .UNSPECIFIED.,.F.,.F.,(4,4),(0.,1.),.PIECEWISE_BEZIER_KNOTS.);
#3909 = CARTESIAN_POINT('',(12.2,15.15));
#3910 = CARTESIAN_POINT('',(11.7,15.15));
#3911 = CARTESIAN_POINT('',(11.2,15.15));
#3912 = CARTESIAN_POINT('',(10.7,15.15));
#3913 = ( GEOMETRIC_REPRESENTATION_CONTEXT(2) 
PARAMETRIC_REPRESENTATION_CONTEXT() REPRESENTATION_CONTEXT('2D SPACE',''
  ) );
#3914 = ORIENTED_EDGE('',*,*,#3915,.T.);
#3915 = EDGE_CURVE('',#3890,#3831,#3916,.T.);
#3916 = SURFACE_CURVE('',#3917,(#3922,#3930),.PCURVE_S1.);
#3917 = B_SPLINE_CURVE_WITH_KNOTS('',3,(#3918,#3919,#3920,#3921),
  .UNSPECIFIED.,.F.,.F.,(4,4),(0.,1.),.PIECEWISE_BEZIER_KNOTS.);
#3918 = CARTESIAN_POINT('',(3.788757528951E-02,0.129724623912,
    4.481900900586));
#3919 = CARTESIAN_POINT('',(3.788757528951E-02,0.129774623912,
    5.081900900586));
#3920 = CARTESIAN_POINT('',(3.788757528951E-02,0.129774623912,
    5.681900900586));
#3921 = CARTESIAN_POINT('',(3.788757528951E-02,0.129724623912,
    6.281900900586));
#3922 = PCURVE('',#2862,#3923);
#3923 = DEFINITIONAL_REPRESENTATION('',(#3924),#3929);
#3924 = B_SPLINE_CURVE_WITH_KNOTS('',3,(#3925,#3926,#3927,#3928),
  .UNSPECIFIED.,.F.,.F.,(4,4),(0.,1.),.PIECEWISE_BEZIER_KNOTS.);
#3925 = CARTESIAN_POINT('',(-10.7,15.15));
#3926 = CARTESIAN_POINT('',(-10.7,14.55));
#3927 = CARTESIAN_POINT('',(-10.7,13.95));
#3928 = CARTESIAN_POINT('',(-10.7,13.35));
#3929 = ( GEOMETRIC_REPRESENTATION_CONTEXT(2) 
PARAMETRIC_REPRESENTATION_CONTEXT() REPRESENTATION_CONTEXT('2D SPACE',''
  ) );
#3930 = PCURVE('',#3850,#3931);
#3931 = DEFINITIONAL_REPRESENTATION('',(#3932),#3937);
#3932 = B_SPLINE_CURVE_WITH_KNOTS('',3,(#3933,#3934,#3935,#3936),
  .UNSPECIFIED.,.F.,.F.,(4,4),(0.,1.),.PIECEWISE_BEZIER_KNOTS.);
#3933 = CARTESIAN_POINT('',(10.7,15.15));
#3934 = CARTESIAN_POINT('',(10.7,14.55));
#3935 = CARTESIAN_POINT('',(10.7,13.95));
#3936 = CARTESIAN_POINT('',(10.7,13.35));
#3937 = ( GEOMETRIC_REPRESENTATION_CONTEXT(2) 
PARAMETRIC_REPRESENTATION_CONTEXT() REPRESENTATION_CONTEXT('2D SPACE',''
  ) );
#3938 = FACE_BOUND('',#3939,.F.);
#3939 = EDGE_LOOP('',(#3940,#3973,#3999,#4025));
#3940 = ORIENTED_EDGE('',*,*,#3941,.T.);
#3941 = EDGE_CURVE('',#3942,#3944,#3946,.T.);
#3942 = VERTEX_POINT('',#3943);
#3943 = CARTESIAN_POINT('',(4.48788757529,0.129724623912,10.831900900586
    ));
#3944 = VERTEX_POINT('',#3945);
#3945 = CARTESIAN_POINT('',(4.48788757529,0.129724623912,9.331900900586)
  );
#3946 = SURFACE_CURVE('',#3947,(#3952,#3960),.PCURVE_S1.);
#3947 = B_SPLINE_CURVE_WITH_KNOTS('',3,(#3948,#3949,#3950,#3951),
  .UNSPECIFIED.,.F.,.F.,(4,4),(0.,1.),.PIECEWISE_BEZIER_KNOTS.);
#3948 = CARTESIAN_POINT('',(4.48788757529,0.129724623912,10.831900900586
    ));
#3949 = CARTESIAN_POINT('',(4.48788757529,0.129774623912,10.331900900586
    ));
#3950 = CARTESIAN_POINT('',(4.48788757529,0.129774623912,9.831900900586)
  );
#3951 = CARTESIAN_POINT('',(4.48788757529,0.129724623912,9.331900900586)
  );
#3952 = PCURVE('',#2862,#3953);
#3953 = DEFINITIONAL_REPRESENTATION('',(#3954),#3959);
#3954 = B_SPLINE_CURVE_WITH_KNOTS('',3,(#3955,#3956,#3957,#3958),
  .UNSPECIFIED.,.F.,.F.,(4,4),(0.,1.),.PIECEWISE_BEZIER_KNOTS.);
#3955 = CARTESIAN_POINT('',(-15.15,8.8));
#3956 = CARTESIAN_POINT('',(-15.15,9.3));
#3957 = CARTESIAN_POINT('',(-15.15,9.8));
#3958 = CARTESIAN_POINT('',(-15.15,10.3));
#3959 = ( GEOMETRIC_REPRESENTATION_CONTEXT(2) 
PARAMETRIC_REPRESENTATION_CONTEXT() REPRESENTATION_CONTEXT('2D SPACE',''
  ) );
#3960 = PCURVE('',#3961,#3966);
#3961 = PLANE('',#3962);
#3962 = AXIS2_PLACEMENT_3D('',#3963,#3964,#3965);
#3963 = CARTESIAN_POINT('',(-10.66211242471,0.129774623912,
    19.631900900586));
#3964 = DIRECTION('',(0.,1.,1.224646799147E-16));
#3965 = DIRECTION('',(1.,0.,0.));
#3966 = DEFINITIONAL_REPRESENTATION('',(#3967),#3972);
#3967 = B_SPLINE_CURVE_WITH_KNOTS('',3,(#3968,#3969,#3970,#3971),
  .UNSPECIFIED.,.F.,.F.,(4,4),(0.,1.),.PIECEWISE_BEZIER_KNOTS.);
#3968 = CARTESIAN_POINT('',(15.15,8.8));
#3969 = CARTESIAN_POINT('',(15.15,9.3));
#3970 = CARTESIAN_POINT('',(15.15,9.8));
#3971 = CARTESIAN_POINT('',(15.15,10.3));
#3972 = ( GEOMETRIC_REPRESENTATION_CONTEXT(2) 
PARAMETRIC_REPRESENTATION_CONTEXT() REPRESENTATION_CONTEXT('2D SPACE',''
  ) );
#3973 = ORIENTED_EDGE('',*,*,#3974,.T.);
#3974 = EDGE_CURVE('',#3944,#3975,#3977,.T.);
#3975 = VERTEX_POINT('',#3976);
#3976 = CARTESIAN_POINT('',(2.68788757529,0.129724623912,9.331900900586)
  );
#3977 = SURFACE_CURVE('',#3978,(#3983,#3991),.PCURVE_S1.);
#3978 = B_SPLINE_CURVE_WITH_KNOTS('',3,(#3979,#3980,#3981,#3982),
  .UNSPECIFIED.,.F.,.F.,(4,4),(0.,1.),.PIECEWISE_BEZIER_KNOTS.);
#3979 = CARTESIAN_POINT('',(4.48788757529,0.129724623912,9.331900900586)
  );
#3980 = CARTESIAN_POINT('',(3.88788757529,0.129774623912,9.331900900586)
  );
#3981 = CARTESIAN_POINT('',(3.28788757529,0.129774623912,9.331900900586)
  );
#3982 = CARTESIAN_POINT('',(2.68788757529,0.129724623912,9.331900900586)
  );
#3983 = PCURVE('',#2862,#3984);
#3984 = DEFINITIONAL_REPRESENTATION('',(#3985),#3990);
#3985 = B_SPLINE_CURVE_WITH_KNOTS('',3,(#3986,#3987,#3988,#3989),
  .UNSPECIFIED.,.F.,.F.,(4,4),(0.,1.),.PIECEWISE_BEZIER_KNOTS.);
#3986 = CARTESIAN_POINT('',(-15.15,10.3));
#3987 = CARTESIAN_POINT('',(-14.55,10.3));
#3988 = CARTESIAN_POINT('',(-13.95,10.3));
#3989 = CARTESIAN_POINT('',(-13.35,10.3));
#3990 = ( GEOMETRIC_REPRESENTATION_CONTEXT(2) 
PARAMETRIC_REPRESENTATION_CONTEXT() REPRESENTATION_CONTEXT('2D SPACE',''
  ) );
#3991 = PCURVE('',#3961,#3992);
#3992 = DEFINITIONAL_REPRESENTATION('',(#3993),#3998);
#3993 = B_SPLINE_CURVE_WITH_KNOTS('',3,(#3994,#3995,#3996,#3997),
  .UNSPECIFIED.,.F.,.F.,(4,4),(0.,1.),.PIECEWISE_BEZIER_KNOTS.);
#3994 = CARTESIAN_POINT('',(15.15,10.3));
#3995 = CARTESIAN_POINT('',(14.55,10.3));
#3996 = CARTESIAN_POINT('',(13.95,10.3));
#3997 = CARTESIAN_POINT('',(13.35,10.3));
#3998 = ( GEOMETRIC_REPRESENTATION_CONTEXT(2) 
PARAMETRIC_REPRESENTATION_CONTEXT() REPRESENTATION_CONTEXT('2D SPACE',''
  ) );
#3999 = ORIENTED_EDGE('',*,*,#4000,.T.);
#4000 = EDGE_CURVE('',#3975,#4001,#4003,.T.);
#4001 = VERTEX_POINT('',#4002);
#4002 = CARTESIAN_POINT('',(2.68788757529,0.129724623912,10.831900900586
    ));
#4003 = SURFACE_CURVE('',#4004,(#4009,#4017),.PCURVE_S1.);
#4004 = B_SPLINE_CURVE_WITH_KNOTS('',3,(#4005,#4006,#4007,#4008),
  .UNSPECIFIED.,.F.,.F.,(4,4),(0.,1.),.PIECEWISE_BEZIER_KNOTS.);
#4005 = CARTESIAN_POINT('',(2.68788757529,0.129724623912,9.331900900586)
  );
#4006 = CARTESIAN_POINT('',(2.68788757529,0.129774623912,9.831900900586)
  );
#4007 = CARTESIAN_POINT('',(2.68788757529,0.129774623912,10.331900900586
    ));
#4008 = CARTESIAN_POINT('',(2.68788757529,0.129724623912,10.831900900586
    ));
#4009 = PCURVE('',#2862,#4010);
#4010 = DEFINITIONAL_REPRESENTATION('',(#4011),#4016);
#4011 = B_SPLINE_CURVE_WITH_KNOTS('',3,(#4012,#4013,#4014,#4015),
  .UNSPECIFIED.,.F.,.F.,(4,4),(0.,1.),.PIECEWISE_BEZIER_KNOTS.);
#4012 = CARTESIAN_POINT('',(-13.35,10.3));
#4013 = CARTESIAN_POINT('',(-13.35,9.8));
#4014 = CARTESIAN_POINT('',(-13.35,9.3));
#4015 = CARTESIAN_POINT('',(-13.35,8.8));
#4016 = ( GEOMETRIC_REPRESENTATION_CONTEXT(2) 
PARAMETRIC_REPRESENTATION_CONTEXT() REPRESENTATION_CONTEXT('2D SPACE',''
  ) );
#4017 = PCURVE('',#3961,#4018);
#4018 = DEFINITIONAL_REPRESENTATION('',(#4019),#4024);
#4019 = B_SPLINE_CURVE_WITH_KNOTS('',3,(#4020,#4021,#4022,#4023),
  .UNSPECIFIED.,.F.,.F.,(4,4),(0.,1.),.PIECEWISE_BEZIER_KNOTS.);
#4020 = CARTESIAN_POINT('',(13.35,10.3));
#4021 = CARTESIAN_POINT('',(13.35,9.8));
#4022 = CARTESIAN_POINT('',(13.35,9.3));
#4023 = CARTESIAN_POINT('',(13.35,8.8));
#4024 = ( GEOMETRIC_REPRESENTATION_CONTEXT(2) 
PARAMETRIC_REPRESENTATION_CONTEXT() REPRESENTATION_CONTEXT('2D SPACE',''
  ) );
#4025 = ORIENTED_EDGE('',*,*,#4026,.T.);
#4026 = EDGE_CURVE('',#4001,#3942,#4027,.T.);
#4027 = SURFACE_CURVE('',#4028,(#4033,#4041),.PCURVE_S1.);
#4028 = B_SPLINE_CURVE_WITH_KNOTS('',3,(#4029,#4030,#4031,#4032),
  .UNSPECIFIED.,.F.,.F.,(4,4),(0.,1.),.PIECEWISE_BEZIER_KNOTS.);
#4029 = CARTESIAN_POINT('',(2.68788757529,0.129724623912,10.831900900586
    ));
#4030 = CARTESIAN_POINT('',(3.28788757529,0.129774623912,10.831900900586
    ));
#4031 = CARTESIAN_POINT('',(3.88788757529,0.129774623912,10.831900900586
    ));
#4032 = CARTESIAN_POINT('',(4.48788757529,0.129724623912,10.831900900586
    ));
#4033 = PCURVE('',#2862,#4034);
#4034 = DEFINITIONAL_REPRESENTATION('',(#4035),#4040);
#4035 = B_SPLINE_CURVE_WITH_KNOTS('',3,(#4036,#4037,#4038,#4039),
  .UNSPECIFIED.,.F.,.F.,(4,4),(0.,1.),.PIECEWISE_BEZIER_KNOTS.);
#4036 = CARTESIAN_POINT('',(-13.35,8.8));
#4037 = CARTESIAN_POINT('',(-13.95,8.8));
#4038 = CARTESIAN_POINT('',(-14.55,8.8));
#4039 = CARTESIAN_POINT('',(-15.15,8.8));
#4040 = ( GEOMETRIC_REPRESENTATION_CONTEXT(2) 
PARAMETRIC_REPRESENTATION_CONTEXT() REPRESENTATION_CONTEXT('2D SPACE',''
  ) );
#4041 = PCURVE('',#3961,#4042);
#4042 = DEFINITIONAL_REPRESENTATION('',(#4043),#4048);
#4043 = B_SPLINE_CURVE_WITH_KNOTS('',3,(#4044,#4045,#4046,#4047),
  .UNSPECIFIED.,.F.,.F.,(4,4),(0.,1.),.PIECEWISE_BEZIER_KNOTS.);
#4044 = CARTESIAN_POINT('',(13.35,8.8));
#4045 = CARTESIAN_POINT('',(13.95,8.8));
#4046 = CARTESIAN_POINT('',(14.55,8.8));
#4047 = CARTESIAN_POINT('',(15.15,8.8));
#4048 = ( GEOMETRIC_REPRESENTATION_CONTEXT(2) 
PARAMETRIC_REPRESENTATION_CONTEXT() REPRESENTATION_CONTEXT('2D SPACE',''
  ) );
#4049 = FACE_BOUND('',#4050,.F.);
#4050 = EDGE_LOOP('',(#4051,#4084,#4110,#4136));
#4051 = ORIENTED_EDGE('',*,*,#4052,.T.);
#4052 = EDGE_CURVE('',#4053,#4055,#4057,.T.);
#4053 = VERTEX_POINT('',#4054);
#4054 = CARTESIAN_POINT('',(4.48788757529,0.129724623912,14.631900900586
    ));
#4055 = VERTEX_POINT('',#4056);
#4056 = CARTESIAN_POINT('',(4.48788757529,0.129724623912,13.131900900586
    ));
#4057 = SURFACE_CURVE('',#4058,(#4063,#4071),.PCURVE_S1.);
#4058 = B_SPLINE_CURVE_WITH_KNOTS('',3,(#4059,#4060,#4061,#4062),
  .UNSPECIFIED.,.F.,.F.,(4,4),(0.,1.),.PIECEWISE_BEZIER_KNOTS.);
#4059 = CARTESIAN_POINT('',(4.48788757529,0.129724623912,14.631900900586
    ));
#4060 = CARTESIAN_POINT('',(4.48788757529,0.129774623912,14.131900900586
    ));
#4061 = CARTESIAN_POINT('',(4.48788757529,0.129774623912,13.631900900586
    ));
#4062 = CARTESIAN_POINT('',(4.48788757529,0.129724623912,13.131900900586
    ));
#4063 = PCURVE('',#2862,#4064);
#4064 = DEFINITIONAL_REPRESENTATION('',(#4065),#4070);
#4065 = B_SPLINE_CURVE_WITH_KNOTS('',3,(#4066,#4067,#4068,#4069),
  .UNSPECIFIED.,.F.,.F.,(4,4),(0.,1.),.PIECEWISE_BEZIER_KNOTS.);
#4066 = CARTESIAN_POINT('',(-15.15,5.));
#4067 = CARTESIAN_POINT('',(-15.15,5.5));
#4068 = CARTESIAN_POINT('',(-15.15,6.));
#4069 = CARTESIAN_POINT('',(-15.15,6.5));
#4070 = ( GEOMETRIC_REPRESENTATION_CONTEXT(2) 
PARAMETRIC_REPRESENTATION_CONTEXT() REPRESENTATION_CONTEXT('2D SPACE',''
  ) );
#4071 = PCURVE('',#4072,#4077);
#4072 = PLANE('',#4073);
#4073 = AXIS2_PLACEMENT_3D('',#4074,#4075,#4076);
#4074 = CARTESIAN_POINT('',(-10.66211242471,0.129774623912,
    19.631900900586));
#4075 = DIRECTION('',(0.,1.,1.224646799147E-16));
#4076 = DIRECTION('',(1.,0.,0.));
#4077 = DEFINITIONAL_REPRESENTATION('',(#4078),#4083);
#4078 = B_SPLINE_CURVE_WITH_KNOTS('',3,(#4079,#4080,#4081,#4082),
  .UNSPECIFIED.,.F.,.F.,(4,4),(0.,1.),.PIECEWISE_BEZIER_KNOTS.);
#4079 = CARTESIAN_POINT('',(15.15,5.));
#4080 = CARTESIAN_POINT('',(15.15,5.5));
#4081 = CARTESIAN_POINT('',(15.15,6.));
#4082 = CARTESIAN_POINT('',(15.15,6.5));
#4083 = ( GEOMETRIC_REPRESENTATION_CONTEXT(2) 
PARAMETRIC_REPRESENTATION_CONTEXT() REPRESENTATION_CONTEXT('2D SPACE',''
  ) );
#4084 = ORIENTED_EDGE('',*,*,#4085,.T.);
#4085 = EDGE_CURVE('',#4055,#4086,#4088,.T.);
#4086 = VERTEX_POINT('',#4087);
#4087 = CARTESIAN_POINT('',(2.68788757529,0.129724623912,13.131900900586
    ));
#4088 = SURFACE_CURVE('',#4089,(#4094,#4102),.PCURVE_S1.);
#4089 = B_SPLINE_CURVE_WITH_KNOTS('',3,(#4090,#4091,#4092,#4093),
  .UNSPECIFIED.,.F.,.F.,(4,4),(0.,1.),.PIECEWISE_BEZIER_KNOTS.);
#4090 = CARTESIAN_POINT('',(4.48788757529,0.129724623912,13.131900900586
    ));
#4091 = CARTESIAN_POINT('',(3.88788757529,0.129774623912,13.131900900586
    ));
#4092 = CARTESIAN_POINT('',(3.28788757529,0.129774623912,13.131900900586
    ));
#4093 = CARTESIAN_POINT('',(2.68788757529,0.129724623912,13.131900900586
    ));
#4094 = PCURVE('',#2862,#4095);
#4095 = DEFINITIONAL_REPRESENTATION('',(#4096),#4101);
#4096 = B_SPLINE_CURVE_WITH_KNOTS('',3,(#4097,#4098,#4099,#4100),
  .UNSPECIFIED.,.F.,.F.,(4,4),(0.,1.),.PIECEWISE_BEZIER_KNOTS.);
#4097 = CARTESIAN_POINT('',(-15.15,6.5));
#4098 = CARTESIAN_POINT('',(-14.55,6.5));
#4099 = CARTESIAN_POINT('',(-13.95,6.5));
#4100 = CARTESIAN_POINT('',(-13.35,6.5));
#4101 = ( GEOMETRIC_REPRESENTATION_CONTEXT(2) 
PARAMETRIC_REPRESENTATION_CONTEXT() REPRESENTATION_CONTEXT('2D SPACE',''
  ) );
#4102 = PCURVE('',#4072,#4103);
#4103 = DEFINITIONAL_REPRESENTATION('',(#4104),#4109);
#4104 = B_SPLINE_CURVE_WITH_KNOTS('',3,(#4105,#4106,#4107,#4108),
  .UNSPECIFIED.,.F.,.F.,(4,4),(0.,1.),.PIECEWISE_BEZIER_KNOTS.);
#4105 = CARTESIAN_POINT('',(15.15,6.5));
#4106 = CARTESIAN_POINT('',(14.55,6.5));
#4107 = CARTESIAN_POINT('',(13.95,6.5));
#4108 = CARTESIAN_POINT('',(13.35,6.5));
#4109 = ( GEOMETRIC_REPRESENTATION_CONTEXT(2) 
PARAMETRIC_REPRESENTATION_CONTEXT() REPRESENTATION_CONTEXT('2D SPACE',''
  ) );
#4110 = ORIENTED_EDGE('',*,*,#4111,.T.);
#4111 = EDGE_CURVE('',#4086,#4112,#4114,.T.);
#4112 = VERTEX_POINT('',#4113);
#4113 = CARTESIAN_POINT('',(2.68788757529,0.129724623912,14.631900900586
    ));
#4114 = SURFACE_CURVE('',#4115,(#4120,#4128),.PCURVE_S1.);
#4115 = B_SPLINE_CURVE_WITH_KNOTS('',3,(#4116,#4117,#4118,#4119),
  .UNSPECIFIED.,.F.,.F.,(4,4),(0.,1.),.PIECEWISE_BEZIER_KNOTS.);
#4116 = CARTESIAN_POINT('',(2.68788757529,0.129724623912,13.131900900586
    ));
#4117 = CARTESIAN_POINT('',(2.68788757529,0.129774623912,13.631900900586
    ));
#4118 = CARTESIAN_POINT('',(2.68788757529,0.129774623912,14.131900900586
    ));
#4119 = CARTESIAN_POINT('',(2.68788757529,0.129724623912,14.631900900586
    ));
#4120 = PCURVE('',#2862,#4121);
#4121 = DEFINITIONAL_REPRESENTATION('',(#4122),#4127);
#4122 = B_SPLINE_CURVE_WITH_KNOTS('',3,(#4123,#4124,#4125,#4126),
  .UNSPECIFIED.,.F.,.F.,(4,4),(0.,1.),.PIECEWISE_BEZIER_KNOTS.);
#4123 = CARTESIAN_POINT('',(-13.35,6.5));
#4124 = CARTESIAN_POINT('',(-13.35,6.));
#4125 = CARTESIAN_POINT('',(-13.35,5.5));
#4126 = CARTESIAN_POINT('',(-13.35,5.));
#4127 = ( GEOMETRIC_REPRESENTATION_CONTEXT(2) 
PARAMETRIC_REPRESENTATION_CONTEXT() REPRESENTATION_CONTEXT('2D SPACE',''
  ) );
#4128 = PCURVE('',#4072,#4129);
#4129 = DEFINITIONAL_REPRESENTATION('',(#4130),#4135);
#4130 = B_SPLINE_CURVE_WITH_KNOTS('',3,(#4131,#4132,#4133,#4134),
  .UNSPECIFIED.,.F.,.F.,(4,4),(0.,1.),.PIECEWISE_BEZIER_KNOTS.);
#4131 = CARTESIAN_POINT('',(13.35,6.5));
#4132 = CARTESIAN_POINT('',(13.35,6.));
#4133 = CARTESIAN_POINT('',(13.35,5.5));
#4134 = CARTESIAN_POINT('',(13.35,5.));
#4135 = ( GEOMETRIC_REPRESENTATION_CONTEXT(2) 
PARAMETRIC_REPRESENTATION_CONTEXT() REPRESENTATION_CONTEXT('2D SPACE',''
  ) );
#4136 = ORIENTED_EDGE('',*,*,#4137,.T.);
#4137 = EDGE_CURVE('',#4112,#4053,#4138,.T.);
#4138 = SURFACE_CURVE('',#4139,(#4144,#4152),.PCURVE_S1.);
#4139 = B_SPLINE_CURVE_WITH_KNOTS('',3,(#4140,#4141,#4142,#4143),
  .UNSPECIFIED.,.F.,.F.,(4,4),(0.,1.),.PIECEWISE_BEZIER_KNOTS.);
#4140 = CARTESIAN_POINT('',(2.68788757529,0.129724623912,14.631900900586
    ));
#4141 = CARTESIAN_POINT('',(3.28788757529,0.129774623912,14.631900900586
    ));
#4142 = CARTESIAN_POINT('',(3.88788757529,0.129774623912,14.631900900586
    ));
#4143 = CARTESIAN_POINT('',(4.48788757529,0.129724623912,14.631900900586
    ));
#4144 = PCURVE('',#2862,#4145);
#4145 = DEFINITIONAL_REPRESENTATION('',(#4146),#4151);
#4146 = B_SPLINE_CURVE_WITH_KNOTS('',3,(#4147,#4148,#4149,#4150),
  .UNSPECIFIED.,.F.,.F.,(4,4),(0.,1.),.PIECEWISE_BEZIER_KNOTS.);
#4147 = CARTESIAN_POINT('',(-13.35,5.));
#4148 = CARTESIAN_POINT('',(-13.95,5.));
#4149 = CARTESIAN_POINT('',(-14.55,5.));
#4150 = CARTESIAN_POINT('',(-15.15,5.));
#4151 = ( GEOMETRIC_REPRESENTATION_CONTEXT(2) 
PARAMETRIC_REPRESENTATION_CONTEXT() REPRESENTATION_CONTEXT('2D SPACE',''
  ) );
#4152 = PCURVE('',#4072,#4153);
#4153 = DEFINITIONAL_REPRESENTATION('',(#4154),#4159);
#4154 = B_SPLINE_CURVE_WITH_KNOTS('',3,(#4155,#4156,#4157,#4158),
  .UNSPECIFIED.,.F.,.F.,(4,4),(0.,1.),.PIECEWISE_BEZIER_KNOTS.);
#4155 = CARTESIAN_POINT('',(13.35,5.));
#4156 = CARTESIAN_POINT('',(13.95,5.));
#4157 = CARTESIAN_POINT('',(14.55,5.));
#4158 = CARTESIAN_POINT('',(15.15,5.));
#4159 = ( GEOMETRIC_REPRESENTATION_CONTEXT(2) 
PARAMETRIC_REPRESENTATION_CONTEXT() REPRESENTATION_CONTEXT('2D SPACE',''
  ) );
#4160 = FACE_BOUND('',#4161,.F.);
#4161 = EDGE_LOOP('',(#4162,#4195,#4221,#4247));
#4162 = ORIENTED_EDGE('',*,*,#4163,.T.);
#4163 = EDGE_CURVE('',#4164,#4166,#4168,.T.);
#4164 = VERTEX_POINT('',#4165);
#4165 = CARTESIAN_POINT('',(3.788757528951E-02,0.129724623912,
    19.481900900586));
#4166 = VERTEX_POINT('',#4167);
#4167 = CARTESIAN_POINT('',(1.53788757529,0.129724623912,19.481900900586
    ));
#4168 = SURFACE_CURVE('',#4169,(#4174,#4182),.PCURVE_S1.);
#4169 = B_SPLINE_CURVE_WITH_KNOTS('',3,(#4170,#4171,#4172,#4173),
  .UNSPECIFIED.,.F.,.F.,(4,4),(0.,1.),.PIECEWISE_BEZIER_KNOTS.);
#4170 = CARTESIAN_POINT('',(3.788757528951E-02,0.129724623912,
    19.481900900586));
#4171 = CARTESIAN_POINT('',(0.53788757529,0.129774623912,19.481900900586
    ));
#4172 = CARTESIAN_POINT('',(1.03788757529,0.129774623912,19.481900900586
    ));
#4173 = CARTESIAN_POINT('',(1.53788757529,0.129724623912,19.481900900586
    ));
#4174 = PCURVE('',#2862,#4175);
#4175 = DEFINITIONAL_REPRESENTATION('',(#4176),#4181);
#4176 = B_SPLINE_CURVE_WITH_KNOTS('',3,(#4177,#4178,#4179,#4180),
  .UNSPECIFIED.,.F.,.F.,(4,4),(0.,1.),.PIECEWISE_BEZIER_KNOTS.);
#4177 = CARTESIAN_POINT('',(-10.7,0.15));
#4178 = CARTESIAN_POINT('',(-11.2,0.15));
#4179 = CARTESIAN_POINT('',(-11.7,0.15));
#4180 = CARTESIAN_POINT('',(-12.2,0.15));
#4181 = ( GEOMETRIC_REPRESENTATION_CONTEXT(2) 
PARAMETRIC_REPRESENTATION_CONTEXT() REPRESENTATION_CONTEXT('2D SPACE',''
  ) );
#4182 = PCURVE('',#4183,#4188);
#4183 = PLANE('',#4184);
#4184 = AXIS2_PLACEMENT_3D('',#4185,#4186,#4187);
#4185 = CARTESIAN_POINT('',(-10.66211242471,0.129774623912,
    19.631900900586));
#4186 = DIRECTION('',(0.,1.,1.224646799147E-16));
#4187 = DIRECTION('',(1.,0.,0.));
#4188 = DEFINITIONAL_REPRESENTATION('',(#4189),#4194);
#4189 = B_SPLINE_CURVE_WITH_KNOTS('',3,(#4190,#4191,#4192,#4193),
  .UNSPECIFIED.,.F.,.F.,(4,4),(0.,1.),.PIECEWISE_BEZIER_KNOTS.);
#4190 = CARTESIAN_POINT('',(10.7,0.15));
#4191 = CARTESIAN_POINT('',(11.2,0.15));
#4192 = CARTESIAN_POINT('',(11.7,0.15));
#4193 = CARTESIAN_POINT('',(12.2,0.15));
#4194 = ( GEOMETRIC_REPRESENTATION_CONTEXT(2) 
PARAMETRIC_REPRESENTATION_CONTEXT() REPRESENTATION_CONTEXT('2D SPACE',''
  ) );
#4195 = ORIENTED_EDGE('',*,*,#4196,.T.);
#4196 = EDGE_CURVE('',#4166,#4197,#4199,.T.);
#4197 = VERTEX_POINT('',#4198);
#4198 = CARTESIAN_POINT('',(1.53788757529,0.129724623912,17.681900900586
    ));
#4199 = SURFACE_CURVE('',#4200,(#4205,#4213),.PCURVE_S1.);
#4200 = B_SPLINE_CURVE_WITH_KNOTS('',3,(#4201,#4202,#4203,#4204),
  .UNSPECIFIED.,.F.,.F.,(4,4),(0.,1.),.PIECEWISE_BEZIER_KNOTS.);
#4201 = CARTESIAN_POINT('',(1.53788757529,0.129724623912,19.481900900586
    ));
#4202 = CARTESIAN_POINT('',(1.53788757529,0.129774623912,18.881900900586
    ));
#4203 = CARTESIAN_POINT('',(1.53788757529,0.129774623912,18.281900900586
    ));
#4204 = CARTESIAN_POINT('',(1.53788757529,0.129724623912,17.681900900586
    ));
#4205 = PCURVE('',#2862,#4206);
#4206 = DEFINITIONAL_REPRESENTATION('',(#4207),#4212);
#4207 = B_SPLINE_CURVE_WITH_KNOTS('',3,(#4208,#4209,#4210,#4211),
  .UNSPECIFIED.,.F.,.F.,(4,4),(0.,1.),.PIECEWISE_BEZIER_KNOTS.);
#4208 = CARTESIAN_POINT('',(-12.2,0.15));
#4209 = CARTESIAN_POINT('',(-12.2,0.75));
#4210 = CARTESIAN_POINT('',(-12.2,1.35));
#4211 = CARTESIAN_POINT('',(-12.2,1.95));
#4212 = ( GEOMETRIC_REPRESENTATION_CONTEXT(2) 
PARAMETRIC_REPRESENTATION_CONTEXT() REPRESENTATION_CONTEXT('2D SPACE',''
  ) );
#4213 = PCURVE('',#4183,#4214);
#4214 = DEFINITIONAL_REPRESENTATION('',(#4215),#4220);
#4215 = B_SPLINE_CURVE_WITH_KNOTS('',3,(#4216,#4217,#4218,#4219),
  .UNSPECIFIED.,.F.,.F.,(4,4),(0.,1.),.PIECEWISE_BEZIER_KNOTS.);
#4216 = CARTESIAN_POINT('',(12.2,0.15));
#4217 = CARTESIAN_POINT('',(12.2,0.75));
#4218 = CARTESIAN_POINT('',(12.2,1.35));
#4219 = CARTESIAN_POINT('',(12.2,1.95));
#4220 = ( GEOMETRIC_REPRESENTATION_CONTEXT(2) 
PARAMETRIC_REPRESENTATION_CONTEXT() REPRESENTATION_CONTEXT('2D SPACE',''
  ) );
#4221 = ORIENTED_EDGE('',*,*,#4222,.T.);
#4222 = EDGE_CURVE('',#4197,#4223,#4225,.T.);
#4223 = VERTEX_POINT('',#4224);
#4224 = CARTESIAN_POINT('',(3.788757528951E-02,0.129724623912,
    17.681900900586));
#4225 = SURFACE_CURVE('',#4226,(#4231,#4239),.PCURVE_S1.);
#4226 = B_SPLINE_CURVE_WITH_KNOTS('',3,(#4227,#4228,#4229,#4230),
  .UNSPECIFIED.,.F.,.F.,(4,4),(0.,1.),.PIECEWISE_BEZIER_KNOTS.);
#4227 = CARTESIAN_POINT('',(1.53788757529,0.129724623912,17.681900900586
    ));
#4228 = CARTESIAN_POINT('',(1.03788757529,0.129774623912,17.681900900586
    ));
#4229 = CARTESIAN_POINT('',(0.53788757529,0.129774623912,17.681900900586
    ));
#4230 = CARTESIAN_POINT('',(3.788757528951E-02,0.129724623912,
    17.681900900586));
#4231 = PCURVE('',#2862,#4232);
#4232 = DEFINITIONAL_REPRESENTATION('',(#4233),#4238);
#4233 = B_SPLINE_CURVE_WITH_KNOTS('',3,(#4234,#4235,#4236,#4237),
  .UNSPECIFIED.,.F.,.F.,(4,4),(0.,1.),.PIECEWISE_BEZIER_KNOTS.);
#4234 = CARTESIAN_POINT('',(-12.2,1.95));
#4235 = CARTESIAN_POINT('',(-11.7,1.95));
#4236 = CARTESIAN_POINT('',(-11.2,1.95));
#4237 = CARTESIAN_POINT('',(-10.7,1.95));
#4238 = ( GEOMETRIC_REPRESENTATION_CONTEXT(2) 
PARAMETRIC_REPRESENTATION_CONTEXT() REPRESENTATION_CONTEXT('2D SPACE',''
  ) );
#4239 = PCURVE('',#4183,#4240);
#4240 = DEFINITIONAL_REPRESENTATION('',(#4241),#4246);
#4241 = B_SPLINE_CURVE_WITH_KNOTS('',3,(#4242,#4243,#4244,#4245),
  .UNSPECIFIED.,.F.,.F.,(4,4),(0.,1.),.PIECEWISE_BEZIER_KNOTS.);
#4242 = CARTESIAN_POINT('',(12.2,1.95));
#4243 = CARTESIAN_POINT('',(11.7,1.95));
#4244 = CARTESIAN_POINT('',(11.2,1.95));
#4245 = CARTESIAN_POINT('',(10.7,1.95));
#4246 = ( GEOMETRIC_REPRESENTATION_CONTEXT(2) 
PARAMETRIC_REPRESENTATION_CONTEXT() REPRESENTATION_CONTEXT('2D SPACE',''
  ) );
#4247 = ORIENTED_EDGE('',*,*,#4248,.T.);
#4248 = EDGE_CURVE('',#4223,#4164,#4249,.T.);
#4249 = SURFACE_CURVE('',#4250,(#4255,#4263),.PCURVE_S1.);
#4250 = B_SPLINE_CURVE_WITH_KNOTS('',3,(#4251,#4252,#4253,#4254),
  .UNSPECIFIED.,.F.,.F.,(4,4),(0.,1.),.PIECEWISE_BEZIER_KNOTS.);
#4251 = CARTESIAN_POINT('',(3.788757528951E-02,0.129724623912,
    17.681900900586));
#4252 = CARTESIAN_POINT('',(3.788757528951E-02,0.129774623912,
    18.281900900586));
#4253 = CARTESIAN_POINT('',(3.788757528951E-02,0.129774623912,
    18.881900900586));
#4254 = CARTESIAN_POINT('',(3.788757528951E-02,0.129724623912,
    19.481900900586));
#4255 = PCURVE('',#2862,#4256);
#4256 = DEFINITIONAL_REPRESENTATION('',(#4257),#4262);
#4257 = B_SPLINE_CURVE_WITH_KNOTS('',3,(#4258,#4259,#4260,#4261),
  .UNSPECIFIED.,.F.,.F.,(4,4),(0.,1.),.PIECEWISE_BEZIER_KNOTS.);
#4258 = CARTESIAN_POINT('',(-10.7,1.95));
#4259 = CARTESIAN_POINT('',(-10.7,1.35));
#4260 = CARTESIAN_POINT('',(-10.7,0.75));
#4261 = CARTESIAN_POINT('',(-10.7,0.15));
#4262 = ( GEOMETRIC_REPRESENTATION_CONTEXT(2) 
PARAMETRIC_REPRESENTATION_CONTEXT() REPRESENTATION_CONTEXT('2D SPACE',''
  ) );
#4263 = PCURVE('',#4183,#4264);
#4264 = DEFINITIONAL_REPRESENTATION('',(#4265),#4270);
#4265 = B_SPLINE_CURVE_WITH_KNOTS('',3,(#4266,#4267,#4268,#4269),
  .UNSPECIFIED.,.F.,.F.,(4,4),(0.,1.),.PIECEWISE_BEZIER_KNOTS.);
#4266 = CARTESIAN_POINT('',(10.7,1.95));
#4267 = CARTESIAN_POINT('',(10.7,1.35));
#4268 = CARTESIAN_POINT('',(10.7,0.75));
#4269 = CARTESIAN_POINT('',(10.7,0.15));
#4270 = ( GEOMETRIC_REPRESENTATION_CONTEXT(2) 
PARAMETRIC_REPRESENTATION_CONTEXT() REPRESENTATION_CONTEXT('2D SPACE',''
  ) );
#4271 = FACE_BOUND('',#4272,.F.);
#4272 = EDGE_LOOP('',(#4273,#4306,#4332,#4358));
#4273 = ORIENTED_EDGE('',*,*,#4274,.T.);
#4274 = EDGE_CURVE('',#4275,#4277,#4279,.T.);
#4275 = VERTEX_POINT('',#4276);
#4276 = CARTESIAN_POINT('',(-3.76211242471,0.129724623912,
    19.481900900586));
#4277 = VERTEX_POINT('',#4278);
#4278 = CARTESIAN_POINT('',(-2.26211242471,0.129724623912,
    19.481900900586));
#4279 = SURFACE_CURVE('',#4280,(#4285,#4293),.PCURVE_S1.);
#4280 = B_SPLINE_CURVE_WITH_KNOTS('',3,(#4281,#4282,#4283,#4284),
  .UNSPECIFIED.,.F.,.F.,(4,4),(0.,1.),.PIECEWISE_BEZIER_KNOTS.);
#4281 = CARTESIAN_POINT('',(-3.76211242471,0.129724623912,
    19.481900900586));
#4282 = CARTESIAN_POINT('',(-3.26211242471,0.129774623912,
    19.481900900586));
#4283 = CARTESIAN_POINT('',(-2.76211242471,0.129774623912,
    19.481900900586));
#4284 = CARTESIAN_POINT('',(-2.26211242471,0.129724623912,
    19.481900900586));
#4285 = PCURVE('',#2862,#4286);
#4286 = DEFINITIONAL_REPRESENTATION('',(#4287),#4292);
#4287 = B_SPLINE_CURVE_WITH_KNOTS('',3,(#4288,#4289,#4290,#4291),
  .UNSPECIFIED.,.F.,.F.,(4,4),(0.,1.),.PIECEWISE_BEZIER_KNOTS.);
#4288 = CARTESIAN_POINT('',(-6.9,0.15));
#4289 = CARTESIAN_POINT('',(-7.4,0.15));
#4290 = CARTESIAN_POINT('',(-7.9,0.15));
#4291 = CARTESIAN_POINT('',(-8.4,0.15));
#4292 = ( GEOMETRIC_REPRESENTATION_CONTEXT(2) 
PARAMETRIC_REPRESENTATION_CONTEXT() REPRESENTATION_CONTEXT('2D SPACE',''
  ) );
#4293 = PCURVE('',#4294,#4299);
#4294 = PLANE('',#4295);
#4295 = AXIS2_PLACEMENT_3D('',#4296,#4297,#4298);
#4296 = CARTESIAN_POINT('',(-10.66211242471,0.129774623912,
    19.631900900586));
#4297 = DIRECTION('',(0.,1.,1.224646799147E-16));
#4298 = DIRECTION('',(1.,0.,0.));
#4299 = DEFINITIONAL_REPRESENTATION('',(#4300),#4305);
#4300 = B_SPLINE_CURVE_WITH_KNOTS('',3,(#4301,#4302,#4303,#4304),
  .UNSPECIFIED.,.F.,.F.,(4,4),(0.,1.),.PIECEWISE_BEZIER_KNOTS.);
#4301 = CARTESIAN_POINT('',(6.9,0.15));
#4302 = CARTESIAN_POINT('',(7.4,0.15));
#4303 = CARTESIAN_POINT('',(7.9,0.15));
#4304 = CARTESIAN_POINT('',(8.4,0.15));
#4305 = ( GEOMETRIC_REPRESENTATION_CONTEXT(2) 
PARAMETRIC_REPRESENTATION_CONTEXT() REPRESENTATION_CONTEXT('2D SPACE',''
  ) );
#4306 = ORIENTED_EDGE('',*,*,#4307,.T.);
#4307 = EDGE_CURVE('',#4277,#4308,#4310,.T.);
#4308 = VERTEX_POINT('',#4309);
#4309 = CARTESIAN_POINT('',(-2.26211242471,0.129724623912,
    17.681900900586));
#4310 = SURFACE_CURVE('',#4311,(#4316,#4324),.PCURVE_S1.);
#4311 = B_SPLINE_CURVE_WITH_KNOTS('',3,(#4312,#4313,#4314,#4315),
  .UNSPECIFIED.,.F.,.F.,(4,4),(0.,1.),.PIECEWISE_BEZIER_KNOTS.);
#4312 = CARTESIAN_POINT('',(-2.26211242471,0.129724623912,
    19.481900900586));
#4313 = CARTESIAN_POINT('',(-2.26211242471,0.129774623912,
    18.881900900586));
#4314 = CARTESIAN_POINT('',(-2.26211242471,0.129774623912,
    18.281900900586));
#4315 = CARTESIAN_POINT('',(-2.26211242471,0.129724623912,
    17.681900900586));
#4316 = PCURVE('',#2862,#4317);
#4317 = DEFINITIONAL_REPRESENTATION('',(#4318),#4323);
#4318 = B_SPLINE_CURVE_WITH_KNOTS('',3,(#4319,#4320,#4321,#4322),
  .UNSPECIFIED.,.F.,.F.,(4,4),(0.,1.),.PIECEWISE_BEZIER_KNOTS.);
#4319 = CARTESIAN_POINT('',(-8.4,0.15));
#4320 = CARTESIAN_POINT('',(-8.4,0.75));
#4321 = CARTESIAN_POINT('',(-8.4,1.35));
#4322 = CARTESIAN_POINT('',(-8.4,1.95));
#4323 = ( GEOMETRIC_REPRESENTATION_CONTEXT(2) 
PARAMETRIC_REPRESENTATION_CONTEXT() REPRESENTATION_CONTEXT('2D SPACE',''
  ) );
#4324 = PCURVE('',#4294,#4325);
#4325 = DEFINITIONAL_REPRESENTATION('',(#4326),#4331);
#4326 = B_SPLINE_CURVE_WITH_KNOTS('',3,(#4327,#4328,#4329,#4330),
  .UNSPECIFIED.,.F.,.F.,(4,4),(0.,1.),.PIECEWISE_BEZIER_KNOTS.);
#4327 = CARTESIAN_POINT('',(8.4,0.15));
#4328 = CARTESIAN_POINT('',(8.4,0.75));
#4329 = CARTESIAN_POINT('',(8.4,1.35));
#4330 = CARTESIAN_POINT('',(8.4,1.95));
#4331 = ( GEOMETRIC_REPRESENTATION_CONTEXT(2) 
PARAMETRIC_REPRESENTATION_CONTEXT() REPRESENTATION_CONTEXT('2D SPACE',''
  ) );
#4332 = ORIENTED_EDGE('',*,*,#4333,.T.);
#4333 = EDGE_CURVE('',#4308,#4334,#4336,.T.);
#4334 = VERTEX_POINT('',#4335);
#4335 = CARTESIAN_POINT('',(-3.76211242471,0.129724623912,
    17.681900900586));
#4336 = SURFACE_CURVE('',#4337,(#4342,#4350),.PCURVE_S1.);
#4337 = B_SPLINE_CURVE_WITH_KNOTS('',3,(#4338,#4339,#4340,#4341),
  .UNSPECIFIED.,.F.,.F.,(4,4),(0.,1.),.PIECEWISE_BEZIER_KNOTS.);
#4338 = CARTESIAN_POINT('',(-2.26211242471,0.129724623912,
    17.681900900586));
#4339 = CARTESIAN_POINT('',(-2.76211242471,0.129774623912,
    17.681900900586));
#4340 = CARTESIAN_POINT('',(-3.26211242471,0.129774623912,
    17.681900900586));
#4341 = CARTESIAN_POINT('',(-3.76211242471,0.129724623912,
    17.681900900586));
#4342 = PCURVE('',#2862,#4343);
#4343 = DEFINITIONAL_REPRESENTATION('',(#4344),#4349);
#4344 = B_SPLINE_CURVE_WITH_KNOTS('',3,(#4345,#4346,#4347,#4348),
  .UNSPECIFIED.,.F.,.F.,(4,4),(0.,1.),.PIECEWISE_BEZIER_KNOTS.);
#4345 = CARTESIAN_POINT('',(-8.4,1.95));
#4346 = CARTESIAN_POINT('',(-7.9,1.95));
#4347 = CARTESIAN_POINT('',(-7.4,1.95));
#4348 = CARTESIAN_POINT('',(-6.9,1.95));
#4349 = ( GEOMETRIC_REPRESENTATION_CONTEXT(2) 
PARAMETRIC_REPRESENTATION_CONTEXT() REPRESENTATION_CONTEXT('2D SPACE',''
  ) );
#4350 = PCURVE('',#4294,#4351);
#4351 = DEFINITIONAL_REPRESENTATION('',(#4352),#4357);
#4352 = B_SPLINE_CURVE_WITH_KNOTS('',3,(#4353,#4354,#4355,#4356),
  .UNSPECIFIED.,.F.,.F.,(4,4),(0.,1.),.PIECEWISE_BEZIER_KNOTS.);
#4353 = CARTESIAN_POINT('',(8.4,1.95));
#4354 = CARTESIAN_POINT('',(7.9,1.95));
#4355 = CARTESIAN_POINT('',(7.4,1.95));
#4356 = CARTESIAN_POINT('',(6.9,1.95));
#4357 = ( GEOMETRIC_REPRESENTATION_CONTEXT(2) 
PARAMETRIC_REPRESENTATION_CONTEXT() REPRESENTATION_CONTEXT('2D SPACE',''
  ) );
#4358 = ORIENTED_EDGE('',*,*,#4359,.T.);
#4359 = EDGE_CURVE('',#4334,#4275,#4360,.T.);
#4360 = SURFACE_CURVE('',#4361,(#4366,#4374),.PCURVE_S1.);
#4361 = B_SPLINE_CURVE_WITH_KNOTS('',3,(#4362,#4363,#4364,#4365),
  .UNSPECIFIED.,.F.,.F.,(4,4),(0.,1.),.PIECEWISE_BEZIER_KNOTS.);
#4362 = CARTESIAN_POINT('',(-3.76211242471,0.129724623912,
    17.681900900586));
#4363 = CARTESIAN_POINT('',(-3.76211242471,0.129774623912,
    18.281900900586));
#4364 = CARTESIAN_POINT('',(-3.76211242471,0.129774623912,
    18.881900900586));
#4365 = CARTESIAN_POINT('',(-3.76211242471,0.129724623912,
    19.481900900586));
#4366 = PCURVE('',#2862,#4367);
#4367 = DEFINITIONAL_REPRESENTATION('',(#4368),#4373);
#4368 = B_SPLINE_CURVE_WITH_KNOTS('',3,(#4369,#4370,#4371,#4372),
  .UNSPECIFIED.,.F.,.F.,(4,4),(0.,1.),.PIECEWISE_BEZIER_KNOTS.);
#4369 = CARTESIAN_POINT('',(-6.9,1.95));
#4370 = CARTESIAN_POINT('',(-6.9,1.35));
#4371 = CARTESIAN_POINT('',(-6.9,0.75));
#4372 = CARTESIAN_POINT('',(-6.9,0.15));
#4373 = ( GEOMETRIC_REPRESENTATION_CONTEXT(2) 
PARAMETRIC_REPRESENTATION_CONTEXT() REPRESENTATION_CONTEXT('2D SPACE',''
  ) );
#4374 = PCURVE('',#4294,#4375);
#4375 = DEFINITIONAL_REPRESENTATION('',(#4376),#4381);
#4376 = B_SPLINE_CURVE_WITH_KNOTS('',3,(#4377,#4378,#4379,#4380),
  .UNSPECIFIED.,.F.,.F.,(4,4),(0.,1.),.PIECEWISE_BEZIER_KNOTS.);
#4377 = CARTESIAN_POINT('',(6.9,1.95));
#4378 = CARTESIAN_POINT('',(6.9,1.35));
#4379 = CARTESIAN_POINT('',(6.9,0.75));
#4380 = CARTESIAN_POINT('',(6.9,0.15));
#4381 = ( GEOMETRIC_REPRESENTATION_CONTEXT(2) 
PARAMETRIC_REPRESENTATION_CONTEXT() REPRESENTATION_CONTEXT('2D SPACE',''
  ) );
#4382 = FACE_BOUND('',#4383,.F.);
#4383 = EDGE_LOOP('',(#4384,#4417,#4443,#4469));
#4384 = ORIENTED_EDGE('',*,*,#4385,.T.);
#4385 = EDGE_CURVE('',#4386,#4388,#4390,.T.);
#4386 = VERTEX_POINT('',#4387);
#4387 = CARTESIAN_POINT('',(-7.56211242471,0.129724623912,
    19.481900900586));
#4388 = VERTEX_POINT('',#4389);
#4389 = CARTESIAN_POINT('',(-6.06211242471,0.129724623912,
    19.481900900586));
#4390 = SURFACE_CURVE('',#4391,(#4396,#4404),.PCURVE_S1.);
#4391 = B_SPLINE_CURVE_WITH_KNOTS('',3,(#4392,#4393,#4394,#4395),
  .UNSPECIFIED.,.F.,.F.,(4,4),(0.,1.),.PIECEWISE_BEZIER_KNOTS.);
#4392 = CARTESIAN_POINT('',(-7.56211242471,0.129724623912,
    19.481900900586));
#4393 = CARTESIAN_POINT('',(-7.06211242471,0.129774623912,
    19.481900900586));
#4394 = CARTESIAN_POINT('',(-6.56211242471,0.129774623912,
    19.481900900586));
#4395 = CARTESIAN_POINT('',(-6.06211242471,0.129724623912,
    19.481900900586));
#4396 = PCURVE('',#2862,#4397);
#4397 = DEFINITIONAL_REPRESENTATION('',(#4398),#4403);
#4398 = B_SPLINE_CURVE_WITH_KNOTS('',3,(#4399,#4400,#4401,#4402),
  .UNSPECIFIED.,.F.,.F.,(4,4),(0.,1.),.PIECEWISE_BEZIER_KNOTS.);
#4399 = CARTESIAN_POINT('',(-3.1,0.15));
#4400 = CARTESIAN_POINT('',(-3.6,0.15));
#4401 = CARTESIAN_POINT('',(-4.1,0.15));
#4402 = CARTESIAN_POINT('',(-4.6,0.15));
#4403 = ( GEOMETRIC_REPRESENTATION_CONTEXT(2) 
PARAMETRIC_REPRESENTATION_CONTEXT() REPRESENTATION_CONTEXT('2D SPACE',''
  ) );
#4404 = PCURVE('',#4405,#4410);
#4405 = PLANE('',#4406);
#4406 = AXIS2_PLACEMENT_3D('',#4407,#4408,#4409);
#4407 = CARTESIAN_POINT('',(-10.66211242471,0.129774623912,
    19.631900900586));
#4408 = DIRECTION('',(0.,1.,1.224646799147E-16));
#4409 = DIRECTION('',(1.,0.,0.));
#4410 = DEFINITIONAL_REPRESENTATION('',(#4411),#4416);
#4411 = B_SPLINE_CURVE_WITH_KNOTS('',3,(#4412,#4413,#4414,#4415),
  .UNSPECIFIED.,.F.,.F.,(4,4),(0.,1.),.PIECEWISE_BEZIER_KNOTS.);
#4412 = CARTESIAN_POINT('',(3.1,0.15));
#4413 = CARTESIAN_POINT('',(3.6,0.15));
#4414 = CARTESIAN_POINT('',(4.1,0.15));
#4415 = CARTESIAN_POINT('',(4.6,0.15));
#4416 = ( GEOMETRIC_REPRESENTATION_CONTEXT(2) 
PARAMETRIC_REPRESENTATION_CONTEXT() REPRESENTATION_CONTEXT('2D SPACE',''
  ) );
#4417 = ORIENTED_EDGE('',*,*,#4418,.T.);
#4418 = EDGE_CURVE('',#4388,#4419,#4421,.T.);
#4419 = VERTEX_POINT('',#4420);
#4420 = CARTESIAN_POINT('',(-6.06211242471,0.129724623912,
    17.681900900586));
#4421 = SURFACE_CURVE('',#4422,(#4427,#4435),.PCURVE_S1.);
#4422 = B_SPLINE_CURVE_WITH_KNOTS('',3,(#4423,#4424,#4425,#4426),
  .UNSPECIFIED.,.F.,.F.,(4,4),(0.,1.),.PIECEWISE_BEZIER_KNOTS.);
#4423 = CARTESIAN_POINT('',(-6.06211242471,0.129724623912,
    19.481900900586));
#4424 = CARTESIAN_POINT('',(-6.06211242471,0.129774623912,
    18.881900900586));
#4425 = CARTESIAN_POINT('',(-6.06211242471,0.129774623912,
    18.281900900586));
#4426 = CARTESIAN_POINT('',(-6.06211242471,0.129724623912,
    17.681900900586));
#4427 = PCURVE('',#2862,#4428);
#4428 = DEFINITIONAL_REPRESENTATION('',(#4429),#4434);
#4429 = B_SPLINE_CURVE_WITH_KNOTS('',3,(#4430,#4431,#4432,#4433),
  .UNSPECIFIED.,.F.,.F.,(4,4),(0.,1.),.PIECEWISE_BEZIER_KNOTS.);
#4430 = CARTESIAN_POINT('',(-4.6,0.15));
#4431 = CARTESIAN_POINT('',(-4.6,0.75));
#4432 = CARTESIAN_POINT('',(-4.6,1.35));
#4433 = CARTESIAN_POINT('',(-4.6,1.95));
#4434 = ( GEOMETRIC_REPRESENTATION_CONTEXT(2) 
PARAMETRIC_REPRESENTATION_CONTEXT() REPRESENTATION_CONTEXT('2D SPACE',''
  ) );
#4435 = PCURVE('',#4405,#4436);
#4436 = DEFINITIONAL_REPRESENTATION('',(#4437),#4442);
#4437 = B_SPLINE_CURVE_WITH_KNOTS('',3,(#4438,#4439,#4440,#4441),
  .UNSPECIFIED.,.F.,.F.,(4,4),(0.,1.),.PIECEWISE_BEZIER_KNOTS.);
#4438 = CARTESIAN_POINT('',(4.6,0.15));
#4439 = CARTESIAN_POINT('',(4.6,0.75));
#4440 = CARTESIAN_POINT('',(4.6,1.35));
#4441 = CARTESIAN_POINT('',(4.6,1.95));
#4442 = ( GEOMETRIC_REPRESENTATION_CONTEXT(2) 
PARAMETRIC_REPRESENTATION_CONTEXT() REPRESENTATION_CONTEXT('2D SPACE',''
  ) );
#4443 = ORIENTED_EDGE('',*,*,#4444,.T.);
#4444 = EDGE_CURVE('',#4419,#4445,#4447,.T.);
#4445 = VERTEX_POINT('',#4446);
#4446 = CARTESIAN_POINT('',(-7.56211242471,0.129724623912,
    17.681900900586));
#4447 = SURFACE_CURVE('',#4448,(#4453,#4461),.PCURVE_S1.);
#4448 = B_SPLINE_CURVE_WITH_KNOTS('',3,(#4449,#4450,#4451,#4452),
  .UNSPECIFIED.,.F.,.F.,(4,4),(0.,1.),.PIECEWISE_BEZIER_KNOTS.);
#4449 = CARTESIAN_POINT('',(-6.06211242471,0.129724623912,
    17.681900900586));
#4450 = CARTESIAN_POINT('',(-6.56211242471,0.129774623912,
    17.681900900586));
#4451 = CARTESIAN_POINT('',(-7.06211242471,0.129774623912,
    17.681900900586));
#4452 = CARTESIAN_POINT('',(-7.56211242471,0.129724623912,
    17.681900900586));
#4453 = PCURVE('',#2862,#4454);
#4454 = DEFINITIONAL_REPRESENTATION('',(#4455),#4460);
#4455 = B_SPLINE_CURVE_WITH_KNOTS('',3,(#4456,#4457,#4458,#4459),
  .UNSPECIFIED.,.F.,.F.,(4,4),(0.,1.),.PIECEWISE_BEZIER_KNOTS.);
#4456 = CARTESIAN_POINT('',(-4.6,1.95));
#4457 = CARTESIAN_POINT('',(-4.1,1.95));
#4458 = CARTESIAN_POINT('',(-3.6,1.95));
#4459 = CARTESIAN_POINT('',(-3.1,1.95));
#4460 = ( GEOMETRIC_REPRESENTATION_CONTEXT(2) 
PARAMETRIC_REPRESENTATION_CONTEXT() REPRESENTATION_CONTEXT('2D SPACE',''
  ) );
#4461 = PCURVE('',#4405,#4462);
#4462 = DEFINITIONAL_REPRESENTATION('',(#4463),#4468);
#4463 = B_SPLINE_CURVE_WITH_KNOTS('',3,(#4464,#4465,#4466,#4467),
  .UNSPECIFIED.,.F.,.F.,(4,4),(0.,1.),.PIECEWISE_BEZIER_KNOTS.);
#4464 = CARTESIAN_POINT('',(4.6,1.95));
#4465 = CARTESIAN_POINT('',(4.1,1.95));
#4466 = CARTESIAN_POINT('',(3.6,1.95));
#4467 = CARTESIAN_POINT('',(3.1,1.95));
#4468 = ( GEOMETRIC_REPRESENTATION_CONTEXT(2) 
PARAMETRIC_REPRESENTATION_CONTEXT() REPRESENTATION_CONTEXT('2D SPACE',''
  ) );
#4469 = ORIENTED_EDGE('',*,*,#4470,.T.);
#4470 = EDGE_CURVE('',#4445,#4386,#4471,.T.);
#4471 = SURFACE_CURVE('',#4472,(#4477,#4485),.PCURVE_S1.);
#4472 = B_SPLINE_CURVE_WITH_KNOTS('',3,(#4473,#4474,#4475,#4476),
  .UNSPECIFIED.,.F.,.F.,(4,4),(0.,1.),.PIECEWISE_BEZIER_KNOTS.);
#4473 = CARTESIAN_POINT('',(-7.56211242471,0.129724623912,
    17.681900900586));
#4474 = CARTESIAN_POINT('',(-7.56211242471,0.129774623912,
    18.281900900586));
#4475 = CARTESIAN_POINT('',(-7.56211242471,0.129774623912,
    18.881900900586));
#4476 = CARTESIAN_POINT('',(-7.56211242471,0.129724623912,
    19.481900900586));
#4477 = PCURVE('',#2862,#4478);
#4478 = DEFINITIONAL_REPRESENTATION('',(#4479),#4484);
#4479 = B_SPLINE_CURVE_WITH_KNOTS('',3,(#4480,#4481,#4482,#4483),
  .UNSPECIFIED.,.F.,.F.,(4,4),(0.,1.),.PIECEWISE_BEZIER_KNOTS.);
#4480 = CARTESIAN_POINT('',(-3.1,1.95));
#4481 = CARTESIAN_POINT('',(-3.1,1.35));
#4482 = CARTESIAN_POINT('',(-3.1,0.75));
#4483 = CARTESIAN_POINT('',(-3.1,0.15));
#4484 = ( GEOMETRIC_REPRESENTATION_CONTEXT(2) 
PARAMETRIC_REPRESENTATION_CONTEXT() REPRESENTATION_CONTEXT('2D SPACE',''
  ) );
#4485 = PCURVE('',#4405,#4486);
#4486 = DEFINITIONAL_REPRESENTATION('',(#4487),#4492);
#4487 = B_SPLINE_CURVE_WITH_KNOTS('',3,(#4488,#4489,#4490,#4491),
  .UNSPECIFIED.,.F.,.F.,(4,4),(0.,1.),.PIECEWISE_BEZIER_KNOTS.);
#4488 = CARTESIAN_POINT('',(3.1,1.95));
#4489 = CARTESIAN_POINT('',(3.1,1.35));
#4490 = CARTESIAN_POINT('',(3.1,0.75));
#4491 = CARTESIAN_POINT('',(3.1,0.15));
#4492 = ( GEOMETRIC_REPRESENTATION_CONTEXT(2) 
PARAMETRIC_REPRESENTATION_CONTEXT() REPRESENTATION_CONTEXT('2D SPACE',''
  ) );
#4493 = FACE_BOUND('',#4494,.F.);
#4494 = EDGE_LOOP('',(#4495,#4528,#4554,#4580));
#4495 = ORIENTED_EDGE('',*,*,#4496,.T.);
#4496 = EDGE_CURVE('',#4497,#4499,#4501,.T.);
#4497 = VERTEX_POINT('',#4498);
#4498 = CARTESIAN_POINT('',(-8.71211242471,0.129724623912,
    14.631900900586));
#4499 = VERTEX_POINT('',#4500);
#4500 = CARTESIAN_POINT('',(-8.71211242471,0.129724623912,
    13.131900900586));
#4501 = SURFACE_CURVE('',#4502,(#4507,#4515),.PCURVE_S1.);
#4502 = B_SPLINE_CURVE_WITH_KNOTS('',3,(#4503,#4504,#4505,#4506),
  .UNSPECIFIED.,.F.,.F.,(4,4),(0.,1.),.PIECEWISE_BEZIER_KNOTS.);
#4503 = CARTESIAN_POINT('',(-8.71211242471,0.129724623912,
    14.631900900586));
#4504 = CARTESIAN_POINT('',(-8.71211242471,0.129774623912,
    14.131900900586));
#4505 = CARTESIAN_POINT('',(-8.71211242471,0.129774623912,
    13.631900900586));
#4506 = CARTESIAN_POINT('',(-8.71211242471,0.129724623912,
    13.131900900586));
#4507 = PCURVE('',#2862,#4508);
#4508 = DEFINITIONAL_REPRESENTATION('',(#4509),#4514);
#4509 = B_SPLINE_CURVE_WITH_KNOTS('',3,(#4510,#4511,#4512,#4513),
  .UNSPECIFIED.,.F.,.F.,(4,4),(0.,1.),.PIECEWISE_BEZIER_KNOTS.);
#4510 = CARTESIAN_POINT('',(-1.95,5.));
#4511 = CARTESIAN_POINT('',(-1.95,5.5));
#4512 = CARTESIAN_POINT('',(-1.95,6.));
#4513 = CARTESIAN_POINT('',(-1.95,6.5));
#4514 = ( GEOMETRIC_REPRESENTATION_CONTEXT(2) 
PARAMETRIC_REPRESENTATION_CONTEXT() REPRESENTATION_CONTEXT('2D SPACE',''
  ) );
#4515 = PCURVE('',#4516,#4521);
#4516 = PLANE('',#4517);
#4517 = AXIS2_PLACEMENT_3D('',#4518,#4519,#4520);
#4518 = CARTESIAN_POINT('',(-10.66211242471,0.129774623912,
    19.631900900586));
#4519 = DIRECTION('',(0.,1.,1.224646799147E-16));
#4520 = DIRECTION('',(1.,0.,0.));
#4521 = DEFINITIONAL_REPRESENTATION('',(#4522),#4527);
#4522 = B_SPLINE_CURVE_WITH_KNOTS('',3,(#4523,#4524,#4525,#4526),
  .UNSPECIFIED.,.F.,.F.,(4,4),(0.,1.),.PIECEWISE_BEZIER_KNOTS.);
#4523 = CARTESIAN_POINT('',(1.95,5.));
#4524 = CARTESIAN_POINT('',(1.95,5.5));
#4525 = CARTESIAN_POINT('',(1.95,6.));
#4526 = CARTESIAN_POINT('',(1.95,6.5));
#4527 = ( GEOMETRIC_REPRESENTATION_CONTEXT(2) 
PARAMETRIC_REPRESENTATION_CONTEXT() REPRESENTATION_CONTEXT('2D SPACE',''
  ) );
#4528 = ORIENTED_EDGE('',*,*,#4529,.T.);
#4529 = EDGE_CURVE('',#4499,#4530,#4532,.T.);
#4530 = VERTEX_POINT('',#4531);
#4531 = CARTESIAN_POINT('',(-10.51211242471,0.129724623912,
    13.131900900586));
#4532 = SURFACE_CURVE('',#4533,(#4538,#4546),.PCURVE_S1.);
#4533 = B_SPLINE_CURVE_WITH_KNOTS('',3,(#4534,#4535,#4536,#4537),
  .UNSPECIFIED.,.F.,.F.,(4,4),(0.,1.),.PIECEWISE_BEZIER_KNOTS.);
#4534 = CARTESIAN_POINT('',(-8.71211242471,0.129724623912,
    13.131900900586));
#4535 = CARTESIAN_POINT('',(-9.31211242471,0.129774623912,
    13.131900900586));
#4536 = CARTESIAN_POINT('',(-9.91211242471,0.129774623912,
    13.131900900586));
#4537 = CARTESIAN_POINT('',(-10.51211242471,0.129724623912,
    13.131900900586));
#4538 = PCURVE('',#2862,#4539);
#4539 = DEFINITIONAL_REPRESENTATION('',(#4540),#4545);
#4540 = B_SPLINE_CURVE_WITH_KNOTS('',3,(#4541,#4542,#4543,#4544),
  .UNSPECIFIED.,.F.,.F.,(4,4),(0.,1.),.PIECEWISE_BEZIER_KNOTS.);
#4541 = CARTESIAN_POINT('',(-1.95,6.5));
#4542 = CARTESIAN_POINT('',(-1.35,6.5));
#4543 = CARTESIAN_POINT('',(-0.75,6.5));
#4544 = CARTESIAN_POINT('',(-0.15,6.5));
#4545 = ( GEOMETRIC_REPRESENTATION_CONTEXT(2) 
PARAMETRIC_REPRESENTATION_CONTEXT() REPRESENTATION_CONTEXT('2D SPACE',''
  ) );
#4546 = PCURVE('',#4516,#4547);
#4547 = DEFINITIONAL_REPRESENTATION('',(#4548),#4553);
#4548 = B_SPLINE_CURVE_WITH_KNOTS('',3,(#4549,#4550,#4551,#4552),
  .UNSPECIFIED.,.F.,.F.,(4,4),(0.,1.),.PIECEWISE_BEZIER_KNOTS.);
#4549 = CARTESIAN_POINT('',(1.95,6.5));
#4550 = CARTESIAN_POINT('',(1.35,6.5));
#4551 = CARTESIAN_POINT('',(0.75,6.5));
#4552 = CARTESIAN_POINT('',(0.15,6.5));
#4553 = ( GEOMETRIC_REPRESENTATION_CONTEXT(2) 
PARAMETRIC_REPRESENTATION_CONTEXT() REPRESENTATION_CONTEXT('2D SPACE',''
  ) );
#4554 = ORIENTED_EDGE('',*,*,#4555,.T.);
#4555 = EDGE_CURVE('',#4530,#4556,#4558,.T.);
#4556 = VERTEX_POINT('',#4557);
#4557 = CARTESIAN_POINT('',(-10.51211242471,0.129724623912,
    14.631900900586));
#4558 = SURFACE_CURVE('',#4559,(#4564,#4572),.PCURVE_S1.);
#4559 = B_SPLINE_CURVE_WITH_KNOTS('',3,(#4560,#4561,#4562,#4563),
  .UNSPECIFIED.,.F.,.F.,(4,4),(0.,1.),.PIECEWISE_BEZIER_KNOTS.);
#4560 = CARTESIAN_POINT('',(-10.51211242471,0.129724623912,
    13.131900900586));
#4561 = CARTESIAN_POINT('',(-10.51211242471,0.129774623912,
    13.631900900586));
#4562 = CARTESIAN_POINT('',(-10.51211242471,0.129774623912,
    14.131900900586));
#4563 = CARTESIAN_POINT('',(-10.51211242471,0.129724623912,
    14.631900900586));
#4564 = PCURVE('',#2862,#4565);
#4565 = DEFINITIONAL_REPRESENTATION('',(#4566),#4571);
#4566 = B_SPLINE_CURVE_WITH_KNOTS('',3,(#4567,#4568,#4569,#4570),
  .UNSPECIFIED.,.F.,.F.,(4,4),(0.,1.),.PIECEWISE_BEZIER_KNOTS.);
#4567 = CARTESIAN_POINT('',(-0.15,6.5));
#4568 = CARTESIAN_POINT('',(-0.15,6.));
#4569 = CARTESIAN_POINT('',(-0.15,5.5));
#4570 = CARTESIAN_POINT('',(-0.15,5.));
#4571 = ( GEOMETRIC_REPRESENTATION_CONTEXT(2) 
PARAMETRIC_REPRESENTATION_CONTEXT() REPRESENTATION_CONTEXT('2D SPACE',''
  ) );
#4572 = PCURVE('',#4516,#4573);
#4573 = DEFINITIONAL_REPRESENTATION('',(#4574),#4579);
#4574 = B_SPLINE_CURVE_WITH_KNOTS('',3,(#4575,#4576,#4577,#4578),
  .UNSPECIFIED.,.F.,.F.,(4,4),(0.,1.),.PIECEWISE_BEZIER_KNOTS.);
#4575 = CARTESIAN_POINT('',(0.15,6.5));
#4576 = CARTESIAN_POINT('',(0.15,6.));
#4577 = CARTESIAN_POINT('',(0.15,5.5));
#4578 = CARTESIAN_POINT('',(0.15,5.));
#4579 = ( GEOMETRIC_REPRESENTATION_CONTEXT(2) 
PARAMETRIC_REPRESENTATION_CONTEXT() REPRESENTATION_CONTEXT('2D SPACE',''
  ) );
#4580 = ORIENTED_EDGE('',*,*,#4581,.T.);
#4581 = EDGE_CURVE('',#4556,#4497,#4582,.T.);
#4582 = SURFACE_CURVE('',#4583,(#4588,#4596),.PCURVE_S1.);
#4583 = B_SPLINE_CURVE_WITH_KNOTS('',3,(#4584,#4585,#4586,#4587),
  .UNSPECIFIED.,.F.,.F.,(4,4),(0.,1.),.PIECEWISE_BEZIER_KNOTS.);
#4584 = CARTESIAN_POINT('',(-10.51211242471,0.129724623912,
    14.631900900586));
#4585 = CARTESIAN_POINT('',(-9.91211242471,0.129774623912,
    14.631900900586));
#4586 = CARTESIAN_POINT('',(-9.31211242471,0.129774623912,
    14.631900900586));
#4587 = CARTESIAN_POINT('',(-8.71211242471,0.129724623912,
    14.631900900586));
#4588 = PCURVE('',#2862,#4589);
#4589 = DEFINITIONAL_REPRESENTATION('',(#4590),#4595);
#4590 = B_SPLINE_CURVE_WITH_KNOTS('',3,(#4591,#4592,#4593,#4594),
  .UNSPECIFIED.,.F.,.F.,(4,4),(0.,1.),.PIECEWISE_BEZIER_KNOTS.);
#4591 = CARTESIAN_POINT('',(-0.15,5.));
#4592 = CARTESIAN_POINT('',(-0.75,5.));
#4593 = CARTESIAN_POINT('',(-1.35,5.));
#4594 = CARTESIAN_POINT('',(-1.95,5.));
#4595 = ( GEOMETRIC_REPRESENTATION_CONTEXT(2) 
PARAMETRIC_REPRESENTATION_CONTEXT() REPRESENTATION_CONTEXT('2D SPACE',''
  ) );
#4596 = PCURVE('',#4516,#4597);
#4597 = DEFINITIONAL_REPRESENTATION('',(#4598),#4603);
#4598 = B_SPLINE_CURVE_WITH_KNOTS('',3,(#4599,#4600,#4601,#4602),
  .UNSPECIFIED.,.F.,.F.,(4,4),(0.,1.),.PIECEWISE_BEZIER_KNOTS.);
#4599 = CARTESIAN_POINT('',(0.15,5.));
#4600 = CARTESIAN_POINT('',(0.75,5.));
#4601 = CARTESIAN_POINT('',(1.35,5.));
#4602 = CARTESIAN_POINT('',(1.95,5.));
#4603 = ( GEOMETRIC_REPRESENTATION_CONTEXT(2) 
PARAMETRIC_REPRESENTATION_CONTEXT() REPRESENTATION_CONTEXT('2D SPACE',''
  ) );
#4604 = FACE_BOUND('',#4605,.F.);
#4605 = EDGE_LOOP('',(#4606,#4639,#4665,#4691));
#4606 = ORIENTED_EDGE('',*,*,#4607,.T.);
#4607 = EDGE_CURVE('',#4608,#4610,#4612,.T.);
#4608 = VERTEX_POINT('',#4609);
#4609 = CARTESIAN_POINT('',(-8.71211242471,0.129724623912,
    10.831900900586));
#4610 = VERTEX_POINT('',#4611);
#4611 = CARTESIAN_POINT('',(-8.71211242471,0.129724623912,9.331900900586
    ));
#4612 = SURFACE_CURVE('',#4613,(#4618,#4626),.PCURVE_S1.);
#4613 = B_SPLINE_CURVE_WITH_KNOTS('',3,(#4614,#4615,#4616,#4617),
  .UNSPECIFIED.,.F.,.F.,(4,4),(0.,1.),.PIECEWISE_BEZIER_KNOTS.);
#4614 = CARTESIAN_POINT('',(-8.71211242471,0.129724623912,
    10.831900900586));
#4615 = CARTESIAN_POINT('',(-8.71211242471,0.129774623912,
    10.331900900586));
#4616 = CARTESIAN_POINT('',(-8.71211242471,0.129774623912,9.831900900586
    ));
#4617 = CARTESIAN_POINT('',(-8.71211242471,0.129724623912,9.331900900586
    ));
#4618 = PCURVE('',#2862,#4619);
#4619 = DEFINITIONAL_REPRESENTATION('',(#4620),#4625);
#4620 = B_SPLINE_CURVE_WITH_KNOTS('',3,(#4621,#4622,#4623,#4624),
  .UNSPECIFIED.,.F.,.F.,(4,4),(0.,1.),.PIECEWISE_BEZIER_KNOTS.);
#4621 = CARTESIAN_POINT('',(-1.95,8.8));
#4622 = CARTESIAN_POINT('',(-1.95,9.3));
#4623 = CARTESIAN_POINT('',(-1.95,9.8));
#4624 = CARTESIAN_POINT('',(-1.95,10.3));
#4625 = ( GEOMETRIC_REPRESENTATION_CONTEXT(2) 
PARAMETRIC_REPRESENTATION_CONTEXT() REPRESENTATION_CONTEXT('2D SPACE',''
  ) );
#4626 = PCURVE('',#4627,#4632);
#4627 = PLANE('',#4628);
#4628 = AXIS2_PLACEMENT_3D('',#4629,#4630,#4631);
#4629 = CARTESIAN_POINT('',(-10.66211242471,0.129774623912,
    19.631900900586));
#4630 = DIRECTION('',(0.,1.,1.224646799147E-16));
#4631 = DIRECTION('',(1.,0.,0.));
#4632 = DEFINITIONAL_REPRESENTATION('',(#4633),#4638);
#4633 = B_SPLINE_CURVE_WITH_KNOTS('',3,(#4634,#4635,#4636,#4637),
  .UNSPECIFIED.,.F.,.F.,(4,4),(0.,1.),.PIECEWISE_BEZIER_KNOTS.);
#4634 = CARTESIAN_POINT('',(1.95,8.8));
#4635 = CARTESIAN_POINT('',(1.95,9.3));
#4636 = CARTESIAN_POINT('',(1.95,9.8));
#4637 = CARTESIAN_POINT('',(1.95,10.3));
#4638 = ( GEOMETRIC_REPRESENTATION_CONTEXT(2) 
PARAMETRIC_REPRESENTATION_CONTEXT() REPRESENTATION_CONTEXT('2D SPACE',''
  ) );
#4639 = ORIENTED_EDGE('',*,*,#4640,.T.);
#4640 = EDGE_CURVE('',#4610,#4641,#4643,.T.);
#4641 = VERTEX_POINT('',#4642);
#4642 = CARTESIAN_POINT('',(-10.51211242471,0.129724623912,
    9.331900900586));
#4643 = SURFACE_CURVE('',#4644,(#4649,#4657),.PCURVE_S1.);
#4644 = B_SPLINE_CURVE_WITH_KNOTS('',3,(#4645,#4646,#4647,#4648),
  .UNSPECIFIED.,.F.,.F.,(4,4),(0.,1.),.PIECEWISE_BEZIER_KNOTS.);
#4645 = CARTESIAN_POINT('',(-8.71211242471,0.129724623912,9.331900900586
    ));
#4646 = CARTESIAN_POINT('',(-9.31211242471,0.129774623912,9.331900900586
    ));
#4647 = CARTESIAN_POINT('',(-9.91211242471,0.129774623912,9.331900900586
    ));
#4648 = CARTESIAN_POINT('',(-10.51211242471,0.129724623912,
    9.331900900586));
#4649 = PCURVE('',#2862,#4650);
#4650 = DEFINITIONAL_REPRESENTATION('',(#4651),#4656);
#4651 = B_SPLINE_CURVE_WITH_KNOTS('',3,(#4652,#4653,#4654,#4655),
  .UNSPECIFIED.,.F.,.F.,(4,4),(0.,1.),.PIECEWISE_BEZIER_KNOTS.);
#4652 = CARTESIAN_POINT('',(-1.95,10.3));
#4653 = CARTESIAN_POINT('',(-1.35,10.3));
#4654 = CARTESIAN_POINT('',(-0.75,10.3));
#4655 = CARTESIAN_POINT('',(-0.15,10.3));
#4656 = ( GEOMETRIC_REPRESENTATION_CONTEXT(2) 
PARAMETRIC_REPRESENTATION_CONTEXT() REPRESENTATION_CONTEXT('2D SPACE',''
  ) );
#4657 = PCURVE('',#4627,#4658);
#4658 = DEFINITIONAL_REPRESENTATION('',(#4659),#4664);
#4659 = B_SPLINE_CURVE_WITH_KNOTS('',3,(#4660,#4661,#4662,#4663),
  .UNSPECIFIED.,.F.,.F.,(4,4),(0.,1.),.PIECEWISE_BEZIER_KNOTS.);
#4660 = CARTESIAN_POINT('',(1.95,10.3));
#4661 = CARTESIAN_POINT('',(1.35,10.3));
#4662 = CARTESIAN_POINT('',(0.75,10.3));
#4663 = CARTESIAN_POINT('',(0.15,10.3));
#4664 = ( GEOMETRIC_REPRESENTATION_CONTEXT(2) 
PARAMETRIC_REPRESENTATION_CONTEXT() REPRESENTATION_CONTEXT('2D SPACE',''
  ) );
#4665 = ORIENTED_EDGE('',*,*,#4666,.T.);
#4666 = EDGE_CURVE('',#4641,#4667,#4669,.T.);
#4667 = VERTEX_POINT('',#4668);
#4668 = CARTESIAN_POINT('',(-10.51211242471,0.129724623912,
    10.831900900586));
#4669 = SURFACE_CURVE('',#4670,(#4675,#4683),.PCURVE_S1.);
#4670 = B_SPLINE_CURVE_WITH_KNOTS('',3,(#4671,#4672,#4673,#4674),
  .UNSPECIFIED.,.F.,.F.,(4,4),(0.,1.),.PIECEWISE_BEZIER_KNOTS.);
#4671 = CARTESIAN_POINT('',(-10.51211242471,0.129724623912,
    9.331900900586));
#4672 = CARTESIAN_POINT('',(-10.51211242471,0.129774623912,
    9.831900900586));
#4673 = CARTESIAN_POINT('',(-10.51211242471,0.129774623912,
    10.331900900586));
#4674 = CARTESIAN_POINT('',(-10.51211242471,0.129724623912,
    10.831900900586));
#4675 = PCURVE('',#2862,#4676);
#4676 = DEFINITIONAL_REPRESENTATION('',(#4677),#4682);
#4677 = B_SPLINE_CURVE_WITH_KNOTS('',3,(#4678,#4679,#4680,#4681),
  .UNSPECIFIED.,.F.,.F.,(4,4),(0.,1.),.PIECEWISE_BEZIER_KNOTS.);
#4678 = CARTESIAN_POINT('',(-0.15,10.3));
#4679 = CARTESIAN_POINT('',(-0.15,9.8));
#4680 = CARTESIAN_POINT('',(-0.15,9.3));
#4681 = CARTESIAN_POINT('',(-0.15,8.8));
#4682 = ( GEOMETRIC_REPRESENTATION_CONTEXT(2) 
PARAMETRIC_REPRESENTATION_CONTEXT() REPRESENTATION_CONTEXT('2D SPACE',''
  ) );
#4683 = PCURVE('',#4627,#4684);
#4684 = DEFINITIONAL_REPRESENTATION('',(#4685),#4690);
#4685 = B_SPLINE_CURVE_WITH_KNOTS('',3,(#4686,#4687,#4688,#4689),
  .UNSPECIFIED.,.F.,.F.,(4,4),(0.,1.),.PIECEWISE_BEZIER_KNOTS.);
#4686 = CARTESIAN_POINT('',(0.15,10.3));
#4687 = CARTESIAN_POINT('',(0.15,9.8));
#4688 = CARTESIAN_POINT('',(0.15,9.3));
#4689 = CARTESIAN_POINT('',(0.15,8.8));
#4690 = ( GEOMETRIC_REPRESENTATION_CONTEXT(2) 
PARAMETRIC_REPRESENTATION_CONTEXT() REPRESENTATION_CONTEXT('2D SPACE',''
  ) );
#4691 = ORIENTED_EDGE('',*,*,#4692,.T.);
#4692 = EDGE_CURVE('',#4667,#4608,#4693,.T.);
#4693 = SURFACE_CURVE('',#4694,(#4699,#4707),.PCURVE_S1.);
#4694 = B_SPLINE_CURVE_WITH_KNOTS('',3,(#4695,#4696,#4697,#4698),
  .UNSPECIFIED.,.F.,.F.,(4,4),(0.,1.),.PIECEWISE_BEZIER_KNOTS.);
#4695 = CARTESIAN_POINT('',(-10.51211242471,0.129724623912,
    10.831900900586));
#4696 = CARTESIAN_POINT('',(-9.91211242471,0.129774623912,
    10.831900900586));
#4697 = CARTESIAN_POINT('',(-9.31211242471,0.129774623912,
    10.831900900586));
#4698 = CARTESIAN_POINT('',(-8.71211242471,0.129724623912,
    10.831900900586));
#4699 = PCURVE('',#2862,#4700);
#4700 = DEFINITIONAL_REPRESENTATION('',(#4701),#4706);
#4701 = B_SPLINE_CURVE_WITH_KNOTS('',3,(#4702,#4703,#4704,#4705),
  .UNSPECIFIED.,.F.,.F.,(4,4),(0.,1.),.PIECEWISE_BEZIER_KNOTS.);
#4702 = CARTESIAN_POINT('',(-0.15,8.8));
#4703 = CARTESIAN_POINT('',(-0.75,8.8));
#4704 = CARTESIAN_POINT('',(-1.35,8.8));
#4705 = CARTESIAN_POINT('',(-1.95,8.8));
#4706 = ( GEOMETRIC_REPRESENTATION_CONTEXT(2) 
PARAMETRIC_REPRESENTATION_CONTEXT() REPRESENTATION_CONTEXT('2D SPACE',''
  ) );
#4707 = PCURVE('',#4627,#4708);
#4708 = DEFINITIONAL_REPRESENTATION('',(#4709),#4714);
#4709 = B_SPLINE_CURVE_WITH_KNOTS('',3,(#4710,#4711,#4712,#4713),
  .UNSPECIFIED.,.F.,.F.,(4,4),(0.,1.),.PIECEWISE_BEZIER_KNOTS.);
#4710 = CARTESIAN_POINT('',(0.15,8.8));
#4711 = CARTESIAN_POINT('',(0.75,8.8));
#4712 = CARTESIAN_POINT('',(1.35,8.8));
#4713 = CARTESIAN_POINT('',(1.95,8.8));
#4714 = ( GEOMETRIC_REPRESENTATION_CONTEXT(2) 
PARAMETRIC_REPRESENTATION_CONTEXT() REPRESENTATION_CONTEXT('2D SPACE',''
  ) );
#4715 = FACE_BOUND('',#4716,.T.);
#4716 = EDGE_LOOP('',(#4717,#4718,#4719,#4720));
#4717 = ORIENTED_EDGE('',*,*,#2848,.T.);
#4718 = ORIENTED_EDGE('',*,*,#2902,.T.);
#4719 = ORIENTED_EDGE('',*,*,#2951,.T.);
#4720 = ORIENTED_EDGE('',*,*,#2978,.T.);
#4721 = FACE_BOUND('',#4722,.T.);
#4722 = EDGE_LOOP('',(#4723,#4724,#4725,#4726,#4727,#4728,#4729,#4730));
#4723 = ORIENTED_EDGE('',*,*,#3514,.T.);
#4724 = ORIENTED_EDGE('',*,*,#3002,.T.);
#4725 = ORIENTED_EDGE('',*,*,#3134,.T.);
#4726 = ORIENTED_EDGE('',*,*,#3158,.T.);
#4727 = ORIENTED_EDGE('',*,*,#3268,.T.);
#4728 = ORIENTED_EDGE('',*,*,#3292,.T.);
#4729 = ORIENTED_EDGE('',*,*,#3402,.T.);
#4730 = ORIENTED_EDGE('',*,*,#3426,.T.);
#4731 = FACE_BOUND('',#4732,.F.);
#4732 = EDGE_LOOP('',(#4733,#4766,#4792,#4818));
#4733 = ORIENTED_EDGE('',*,*,#4734,.T.);
#4734 = EDGE_CURVE('',#4735,#4737,#4739,.T.);
#4735 = VERTEX_POINT('',#4736);
#4736 = CARTESIAN_POINT('',(-8.71211242471,0.129724623912,8.931900900586
    ));
#4737 = VERTEX_POINT('',#4738);
#4738 = CARTESIAN_POINT('',(-8.71211242471,0.129724623912,7.431900900586
    ));
#4739 = SURFACE_CURVE('',#4740,(#4745,#4753),.PCURVE_S1.);
#4740 = B_SPLINE_CURVE_WITH_KNOTS('',3,(#4741,#4742,#4743,#4744),
  .UNSPECIFIED.,.F.,.F.,(4,4),(0.,1.),.PIECEWISE_BEZIER_KNOTS.);
#4741 = CARTESIAN_POINT('',(-8.71211242471,0.129724623912,8.931900900586
    ));
#4742 = CARTESIAN_POINT('',(-8.71211242471,0.129774623912,8.431900900586
    ));
#4743 = CARTESIAN_POINT('',(-8.71211242471,0.129774623912,7.931900900586
    ));
#4744 = CARTESIAN_POINT('',(-8.71211242471,0.129724623912,7.431900900586
    ));
#4745 = PCURVE('',#2862,#4746);
#4746 = DEFINITIONAL_REPRESENTATION('',(#4747),#4752);
#4747 = B_SPLINE_CURVE_WITH_KNOTS('',3,(#4748,#4749,#4750,#4751),
  .UNSPECIFIED.,.F.,.F.,(4,4),(0.,1.),.PIECEWISE_BEZIER_KNOTS.);
#4748 = CARTESIAN_POINT('',(-1.95,10.7));
#4749 = CARTESIAN_POINT('',(-1.95,11.2));
#4750 = CARTESIAN_POINT('',(-1.95,11.7));
#4751 = CARTESIAN_POINT('',(-1.95,12.2));
#4752 = ( GEOMETRIC_REPRESENTATION_CONTEXT(2) 
PARAMETRIC_REPRESENTATION_CONTEXT() REPRESENTATION_CONTEXT('2D SPACE',''
  ) );
#4753 = PCURVE('',#4754,#4759);
#4754 = PLANE('',#4755);
#4755 = AXIS2_PLACEMENT_3D('',#4756,#4757,#4758);
#4756 = CARTESIAN_POINT('',(-10.66211242471,0.129774623912,
    19.631900900586));
#4757 = DIRECTION('',(0.,1.,1.224646799147E-16));
#4758 = DIRECTION('',(1.,0.,0.));
#4759 = DEFINITIONAL_REPRESENTATION('',(#4760),#4765);
#4760 = B_SPLINE_CURVE_WITH_KNOTS('',3,(#4761,#4762,#4763,#4764),
  .UNSPECIFIED.,.F.,.F.,(4,4),(0.,1.),.PIECEWISE_BEZIER_KNOTS.);
#4761 = CARTESIAN_POINT('',(1.95,10.7));
#4762 = CARTESIAN_POINT('',(1.95,11.2));
#4763 = CARTESIAN_POINT('',(1.95,11.7));
#4764 = CARTESIAN_POINT('',(1.95,12.2));
#4765 = ( GEOMETRIC_REPRESENTATION_CONTEXT(2) 
PARAMETRIC_REPRESENTATION_CONTEXT() REPRESENTATION_CONTEXT('2D SPACE',''
  ) );
#4766 = ORIENTED_EDGE('',*,*,#4767,.T.);
#4767 = EDGE_CURVE('',#4737,#4768,#4770,.T.);
#4768 = VERTEX_POINT('',#4769);
#4769 = CARTESIAN_POINT('',(-10.51211242471,0.129724623912,
    7.431900900586));
#4770 = SURFACE_CURVE('',#4771,(#4776,#4784),.PCURVE_S1.);
#4771 = B_SPLINE_CURVE_WITH_KNOTS('',3,(#4772,#4773,#4774,#4775),
  .UNSPECIFIED.,.F.,.F.,(4,4),(0.,1.),.PIECEWISE_BEZIER_KNOTS.);
#4772 = CARTESIAN_POINT('',(-8.71211242471,0.129724623912,7.431900900586
    ));
#4773 = CARTESIAN_POINT('',(-9.31211242471,0.129774623912,7.431900900586
    ));
#4774 = CARTESIAN_POINT('',(-9.91211242471,0.129774623912,7.431900900586
    ));
#4775 = CARTESIAN_POINT('',(-10.51211242471,0.129724623912,
    7.431900900586));
#4776 = PCURVE('',#2862,#4777);
#4777 = DEFINITIONAL_REPRESENTATION('',(#4778),#4783);
#4778 = B_SPLINE_CURVE_WITH_KNOTS('',3,(#4779,#4780,#4781,#4782),
  .UNSPECIFIED.,.F.,.F.,(4,4),(0.,1.),.PIECEWISE_BEZIER_KNOTS.);
#4779 = CARTESIAN_POINT('',(-1.95,12.2));
#4780 = CARTESIAN_POINT('',(-1.35,12.2));
#4781 = CARTESIAN_POINT('',(-0.75,12.2));
#4782 = CARTESIAN_POINT('',(-0.15,12.2));
#4783 = ( GEOMETRIC_REPRESENTATION_CONTEXT(2) 
PARAMETRIC_REPRESENTATION_CONTEXT() REPRESENTATION_CONTEXT('2D SPACE',''
  ) );
#4784 = PCURVE('',#4754,#4785);
#4785 = DEFINITIONAL_REPRESENTATION('',(#4786),#4791);
#4786 = B_SPLINE_CURVE_WITH_KNOTS('',3,(#4787,#4788,#4789,#4790),
  .UNSPECIFIED.,.F.,.F.,(4,4),(0.,1.),.PIECEWISE_BEZIER_KNOTS.);
#4787 = CARTESIAN_POINT('',(1.95,12.2));
#4788 = CARTESIAN_POINT('',(1.35,12.2));
#4789 = CARTESIAN_POINT('',(0.75,12.2));
#4790 = CARTESIAN_POINT('',(0.15,12.2));
#4791 = ( GEOMETRIC_REPRESENTATION_CONTEXT(2) 
PARAMETRIC_REPRESENTATION_CONTEXT() REPRESENTATION_CONTEXT('2D SPACE',''
  ) );
#4792 = ORIENTED_EDGE('',*,*,#4793,.T.);
#4793 = EDGE_CURVE('',#4768,#4794,#4796,.T.);
#4794 = VERTEX_POINT('',#4795);
#4795 = CARTESIAN_POINT('',(-10.51211242471,0.129724623912,
    8.931900900586));
#4796 = SURFACE_CURVE('',#4797,(#4802,#4810),.PCURVE_S1.);
#4797 = B_SPLINE_CURVE_WITH_KNOTS('',3,(#4798,#4799,#4800,#4801),
  .UNSPECIFIED.,.F.,.F.,(4,4),(0.,1.),.PIECEWISE_BEZIER_KNOTS.);
#4798 = CARTESIAN_POINT('',(-10.51211242471,0.129724623912,
    7.431900900586));
#4799 = CARTESIAN_POINT('',(-10.51211242471,0.129774623912,
    7.931900900586));
#4800 = CARTESIAN_POINT('',(-10.51211242471,0.129774623912,
    8.431900900586));
#4801 = CARTESIAN_POINT('',(-10.51211242471,0.129724623912,
    8.931900900586));
#4802 = PCURVE('',#2862,#4803);
#4803 = DEFINITIONAL_REPRESENTATION('',(#4804),#4809);
#4804 = B_SPLINE_CURVE_WITH_KNOTS('',3,(#4805,#4806,#4807,#4808),
  .UNSPECIFIED.,.F.,.F.,(4,4),(0.,1.),.PIECEWISE_BEZIER_KNOTS.);
#4805 = CARTESIAN_POINT('',(-0.15,12.2));
#4806 = CARTESIAN_POINT('',(-0.15,11.7));
#4807 = CARTESIAN_POINT('',(-0.15,11.2));
#4808 = CARTESIAN_POINT('',(-0.15,10.7));
#4809 = ( GEOMETRIC_REPRESENTATION_CONTEXT(2) 
PARAMETRIC_REPRESENTATION_CONTEXT() REPRESENTATION_CONTEXT('2D SPACE',''
  ) );
#4810 = PCURVE('',#4754,#4811);
#4811 = DEFINITIONAL_REPRESENTATION('',(#4812),#4817);
#4812 = B_SPLINE_CURVE_WITH_KNOTS('',3,(#4813,#4814,#4815,#4816),
  .UNSPECIFIED.,.F.,.F.,(4,4),(0.,1.),.PIECEWISE_BEZIER_KNOTS.);
#4813 = CARTESIAN_POINT('',(0.15,12.2));
#4814 = CARTESIAN_POINT('',(0.15,11.7));
#4815 = CARTESIAN_POINT('',(0.15,11.2));
#4816 = CARTESIAN_POINT('',(0.15,10.7));
#4817 = ( GEOMETRIC_REPRESENTATION_CONTEXT(2) 
PARAMETRIC_REPRESENTATION_CONTEXT() REPRESENTATION_CONTEXT('2D SPACE',''
  ) );
#4818 = ORIENTED_EDGE('',*,*,#4819,.T.);
#4819 = EDGE_CURVE('',#4794,#4735,#4820,.T.);
#4820 = SURFACE_CURVE('',#4821,(#4826,#4834),.PCURVE_S1.);
#4821 = B_SPLINE_CURVE_WITH_KNOTS('',3,(#4822,#4823,#4824,#4825),
  .UNSPECIFIED.,.F.,.F.,(4,4),(0.,1.),.PIECEWISE_BEZIER_KNOTS.);
#4822 = CARTESIAN_POINT('',(-10.51211242471,0.129724623912,
    8.931900900586));
#4823 = CARTESIAN_POINT('',(-9.91211242471,0.129774623912,8.931900900586
    ));
#4824 = CARTESIAN_POINT('',(-9.31211242471,0.129774623912,8.931900900586
    ));
#4825 = CARTESIAN_POINT('',(-8.71211242471,0.129724623912,8.931900900586
    ));
#4826 = PCURVE('',#2862,#4827);
#4827 = DEFINITIONAL_REPRESENTATION('',(#4828),#4833);
#4828 = B_SPLINE_CURVE_WITH_KNOTS('',3,(#4829,#4830,#4831,#4832),
  .UNSPECIFIED.,.F.,.F.,(4,4),(0.,1.),.PIECEWISE_BEZIER_KNOTS.);
#4829 = CARTESIAN_POINT('',(-0.15,10.7));
#4830 = CARTESIAN_POINT('',(-0.75,10.7));
#4831 = CARTESIAN_POINT('',(-1.35,10.7));
#4832 = CARTESIAN_POINT('',(-1.95,10.7));
#4833 = ( GEOMETRIC_REPRESENTATION_CONTEXT(2) 
PARAMETRIC_REPRESENTATION_CONTEXT() REPRESENTATION_CONTEXT('2D SPACE',''
  ) );
#4834 = PCURVE('',#4754,#4835);
#4835 = DEFINITIONAL_REPRESENTATION('',(#4836),#4841);
#4836 = B_SPLINE_CURVE_WITH_KNOTS('',3,(#4837,#4838,#4839,#4840),
  .UNSPECIFIED.,.F.,.F.,(4,4),(0.,1.),.PIECEWISE_BEZIER_KNOTS.);
#4837 = CARTESIAN_POINT('',(0.15,10.7));
#4838 = CARTESIAN_POINT('',(0.75,10.7));
#4839 = CARTESIAN_POINT('',(1.35,10.7));
#4840 = CARTESIAN_POINT('',(1.95,10.7));
#4841 = ( GEOMETRIC_REPRESENTATION_CONTEXT(2) 
PARAMETRIC_REPRESENTATION_CONTEXT() REPRESENTATION_CONTEXT('2D SPACE',''
  ) );
#4842 = FACE_BOUND('',#4843,.F.);
#4843 = EDGE_LOOP('',(#4844,#4877,#4903,#4929));
#4844 = ORIENTED_EDGE('',*,*,#4845,.T.);
#4845 = EDGE_CURVE('',#4846,#4848,#4850,.T.);
#4846 = VERTEX_POINT('',#4847);
#4847 = CARTESIAN_POINT('',(-8.71211242471,0.129724623912,
    12.731900900586));
#4848 = VERTEX_POINT('',#4849);
#4849 = CARTESIAN_POINT('',(-8.71211242471,0.129724623912,
    11.231900900586));
#4850 = SURFACE_CURVE('',#4851,(#4856,#4864),.PCURVE_S1.);
#4851 = B_SPLINE_CURVE_WITH_KNOTS('',3,(#4852,#4853,#4854,#4855),
  .UNSPECIFIED.,.F.,.F.,(4,4),(0.,1.),.PIECEWISE_BEZIER_KNOTS.);
#4852 = CARTESIAN_POINT('',(-8.71211242471,0.129724623912,
    12.731900900586));
#4853 = CARTESIAN_POINT('',(-8.71211242471,0.129774623912,
    12.231900900586));
#4854 = CARTESIAN_POINT('',(-8.71211242471,0.129774623912,
    11.731900900586));
#4855 = CARTESIAN_POINT('',(-8.71211242471,0.129724623912,
    11.231900900586));
#4856 = PCURVE('',#2862,#4857);
#4857 = DEFINITIONAL_REPRESENTATION('',(#4858),#4863);
#4858 = B_SPLINE_CURVE_WITH_KNOTS('',3,(#4859,#4860,#4861,#4862),
  .UNSPECIFIED.,.F.,.F.,(4,4),(0.,1.),.PIECEWISE_BEZIER_KNOTS.);
#4859 = CARTESIAN_POINT('',(-1.95,6.9));
#4860 = CARTESIAN_POINT('',(-1.95,7.4));
#4861 = CARTESIAN_POINT('',(-1.95,7.9));
#4862 = CARTESIAN_POINT('',(-1.95,8.4));
#4863 = ( GEOMETRIC_REPRESENTATION_CONTEXT(2) 
PARAMETRIC_REPRESENTATION_CONTEXT() REPRESENTATION_CONTEXT('2D SPACE',''
  ) );
#4864 = PCURVE('',#4865,#4870);
#4865 = PLANE('',#4866);
#4866 = AXIS2_PLACEMENT_3D('',#4867,#4868,#4869);
#4867 = CARTESIAN_POINT('',(-10.66211242471,0.129774623912,
    19.631900900586));
#4868 = DIRECTION('',(0.,1.,1.224646799147E-16));
#4869 = DIRECTION('',(1.,0.,0.));
#4870 = DEFINITIONAL_REPRESENTATION('',(#4871),#4876);
#4871 = B_SPLINE_CURVE_WITH_KNOTS('',3,(#4872,#4873,#4874,#4875),
  .UNSPECIFIED.,.F.,.F.,(4,4),(0.,1.),.PIECEWISE_BEZIER_KNOTS.);
#4872 = CARTESIAN_POINT('',(1.95,6.9));
#4873 = CARTESIAN_POINT('',(1.95,7.4));
#4874 = CARTESIAN_POINT('',(1.95,7.9));
#4875 = CARTESIAN_POINT('',(1.95,8.4));
#4876 = ( GEOMETRIC_REPRESENTATION_CONTEXT(2) 
PARAMETRIC_REPRESENTATION_CONTEXT() REPRESENTATION_CONTEXT('2D SPACE',''
  ) );
#4877 = ORIENTED_EDGE('',*,*,#4878,.T.);
#4878 = EDGE_CURVE('',#4848,#4879,#4881,.T.);
#4879 = VERTEX_POINT('',#4880);
#4880 = CARTESIAN_POINT('',(-10.51211242471,0.129724623912,
    11.231900900586));
#4881 = SURFACE_CURVE('',#4882,(#4887,#4895),.PCURVE_S1.);
#4882 = B_SPLINE_CURVE_WITH_KNOTS('',3,(#4883,#4884,#4885,#4886),
  .UNSPECIFIED.,.F.,.F.,(4,4),(0.,1.),.PIECEWISE_BEZIER_KNOTS.);
#4883 = CARTESIAN_POINT('',(-8.71211242471,0.129724623912,
    11.231900900586));
#4884 = CARTESIAN_POINT('',(-9.31211242471,0.129774623912,
    11.231900900586));
#4885 = CARTESIAN_POINT('',(-9.91211242471,0.129774623912,
    11.231900900586));
#4886 = CARTESIAN_POINT('',(-10.51211242471,0.129724623912,
    11.231900900586));
#4887 = PCURVE('',#2862,#4888);
#4888 = DEFINITIONAL_REPRESENTATION('',(#4889),#4894);
#4889 = B_SPLINE_CURVE_WITH_KNOTS('',3,(#4890,#4891,#4892,#4893),
  .UNSPECIFIED.,.F.,.F.,(4,4),(0.,1.),.PIECEWISE_BEZIER_KNOTS.);
#4890 = CARTESIAN_POINT('',(-1.95,8.4));
#4891 = CARTESIAN_POINT('',(-1.35,8.4));
#4892 = CARTESIAN_POINT('',(-0.75,8.4));
#4893 = CARTESIAN_POINT('',(-0.15,8.4));
#4894 = ( GEOMETRIC_REPRESENTATION_CONTEXT(2) 
PARAMETRIC_REPRESENTATION_CONTEXT() REPRESENTATION_CONTEXT('2D SPACE',''
  ) );
#4895 = PCURVE('',#4865,#4896);
#4896 = DEFINITIONAL_REPRESENTATION('',(#4897),#4902);
#4897 = B_SPLINE_CURVE_WITH_KNOTS('',3,(#4898,#4899,#4900,#4901),
  .UNSPECIFIED.,.F.,.F.,(4,4),(0.,1.),.PIECEWISE_BEZIER_KNOTS.);
#4898 = CARTESIAN_POINT('',(1.95,8.4));
#4899 = CARTESIAN_POINT('',(1.35,8.4));
#4900 = CARTESIAN_POINT('',(0.75,8.4));
#4901 = CARTESIAN_POINT('',(0.15,8.4));
#4902 = ( GEOMETRIC_REPRESENTATION_CONTEXT(2) 
PARAMETRIC_REPRESENTATION_CONTEXT() REPRESENTATION_CONTEXT('2D SPACE',''
  ) );
#4903 = ORIENTED_EDGE('',*,*,#4904,.T.);
#4904 = EDGE_CURVE('',#4879,#4905,#4907,.T.);
#4905 = VERTEX_POINT('',#4906);
#4906 = CARTESIAN_POINT('',(-10.51211242471,0.129724623912,
    12.731900900586));
#4907 = SURFACE_CURVE('',#4908,(#4913,#4921),.PCURVE_S1.);
#4908 = B_SPLINE_CURVE_WITH_KNOTS('',3,(#4909,#4910,#4911,#4912),
  .UNSPECIFIED.,.F.,.F.,(4,4),(0.,1.),.PIECEWISE_BEZIER_KNOTS.);
#4909 = CARTESIAN_POINT('',(-10.51211242471,0.129724623912,
    11.231900900586));
#4910 = CARTESIAN_POINT('',(-10.51211242471,0.129774623912,
    11.731900900586));
#4911 = CARTESIAN_POINT('',(-10.51211242471,0.129774623912,
    12.231900900586));
#4912 = CARTESIAN_POINT('',(-10.51211242471,0.129724623912,
    12.731900900586));
#4913 = PCURVE('',#2862,#4914);
#4914 = DEFINITIONAL_REPRESENTATION('',(#4915),#4920);
#4915 = B_SPLINE_CURVE_WITH_KNOTS('',3,(#4916,#4917,#4918,#4919),
  .UNSPECIFIED.,.F.,.F.,(4,4),(0.,1.),.PIECEWISE_BEZIER_KNOTS.);
#4916 = CARTESIAN_POINT('',(-0.15,8.4));
#4917 = CARTESIAN_POINT('',(-0.15,7.9));
#4918 = CARTESIAN_POINT('',(-0.15,7.4));
#4919 = CARTESIAN_POINT('',(-0.15,6.9));
#4920 = ( GEOMETRIC_REPRESENTATION_CONTEXT(2) 
PARAMETRIC_REPRESENTATION_CONTEXT() REPRESENTATION_CONTEXT('2D SPACE',''
  ) );
#4921 = PCURVE('',#4865,#4922);
#4922 = DEFINITIONAL_REPRESENTATION('',(#4923),#4928);
#4923 = B_SPLINE_CURVE_WITH_KNOTS('',3,(#4924,#4925,#4926,#4927),
  .UNSPECIFIED.,.F.,.F.,(4,4),(0.,1.),.PIECEWISE_BEZIER_KNOTS.);
#4924 = CARTESIAN_POINT('',(0.15,8.4));
#4925 = CARTESIAN_POINT('',(0.15,7.9));
#4926 = CARTESIAN_POINT('',(0.15,7.4));
#4927 = CARTESIAN_POINT('',(0.15,6.9));
#4928 = ( GEOMETRIC_REPRESENTATION_CONTEXT(2) 
PARAMETRIC_REPRESENTATION_CONTEXT() REPRESENTATION_CONTEXT('2D SPACE',''
  ) );
#4929 = ORIENTED_EDGE('',*,*,#4930,.T.);
#4930 = EDGE_CURVE('',#4905,#4846,#4931,.T.);
#4931 = SURFACE_CURVE('',#4932,(#4937,#4945),.PCURVE_S1.);
#4932 = B_SPLINE_CURVE_WITH_KNOTS('',3,(#4933,#4934,#4935,#4936),
  .UNSPECIFIED.,.F.,.F.,(4,4),(0.,1.),.PIECEWISE_BEZIER_KNOTS.);
#4933 = CARTESIAN_POINT('',(-10.51211242471,0.129724623912,
    12.731900900586));
#4934 = CARTESIAN_POINT('',(-9.91211242471,0.129774623912,
    12.731900900586));
#4935 = CARTESIAN_POINT('',(-9.31211242471,0.129774623912,
    12.731900900586));
#4936 = CARTESIAN_POINT('',(-8.71211242471,0.129724623912,
    12.731900900586));
#4937 = PCURVE('',#2862,#4938);
#4938 = DEFINITIONAL_REPRESENTATION('',(#4939),#4944);
#4939 = B_SPLINE_CURVE_WITH_KNOTS('',3,(#4940,#4941,#4942,#4943),
  .UNSPECIFIED.,.F.,.F.,(4,4),(0.,1.),.PIECEWISE_BEZIER_KNOTS.);
#4940 = CARTESIAN_POINT('',(-0.15,6.9));
#4941 = CARTESIAN_POINT('',(-0.75,6.9));
#4942 = CARTESIAN_POINT('',(-1.35,6.9));
#4943 = CARTESIAN_POINT('',(-1.95,6.9));
#4944 = ( GEOMETRIC_REPRESENTATION_CONTEXT(2) 
PARAMETRIC_REPRESENTATION_CONTEXT() REPRESENTATION_CONTEXT('2D SPACE',''
  ) );
#4945 = PCURVE('',#4865,#4946);
#4946 = DEFINITIONAL_REPRESENTATION('',(#4947),#4952);
#4947 = B_SPLINE_CURVE_WITH_KNOTS('',3,(#4948,#4949,#4950,#4951),
  .UNSPECIFIED.,.F.,.F.,(4,4),(0.,1.),.PIECEWISE_BEZIER_KNOTS.);
#4948 = CARTESIAN_POINT('',(0.15,6.9));
#4949 = CARTESIAN_POINT('',(0.75,6.9));
#4950 = CARTESIAN_POINT('',(1.35,6.9));
#4951 = CARTESIAN_POINT('',(1.95,6.9));
#4952 = ( GEOMETRIC_REPRESENTATION_CONTEXT(2) 
PARAMETRIC_REPRESENTATION_CONTEXT() REPRESENTATION_CONTEXT('2D SPACE',''
  ) );
#4953 = FACE_BOUND('',#4954,.F.);
#4954 = EDGE_LOOP('',(#4955,#4988,#5014,#5040));
#4955 = ORIENTED_EDGE('',*,*,#4956,.T.);
#4956 = EDGE_CURVE('',#4957,#4959,#4961,.T.);
#4957 = VERTEX_POINT('',#4958);
#4958 = CARTESIAN_POINT('',(-8.71211242471,0.129724623912,
    16.531900900586));
#4959 = VERTEX_POINT('',#4960);
#4960 = CARTESIAN_POINT('',(-8.71211242471,0.129724623912,
    15.031900900586));
#4961 = SURFACE_CURVE('',#4962,(#4967,#4975),.PCURVE_S1.);
#4962 = B_SPLINE_CURVE_WITH_KNOTS('',3,(#4963,#4964,#4965,#4966),
  .UNSPECIFIED.,.F.,.F.,(4,4),(0.,1.),.PIECEWISE_BEZIER_KNOTS.);
#4963 = CARTESIAN_POINT('',(-8.71211242471,0.129724623912,
    16.531900900586));
#4964 = CARTESIAN_POINT('',(-8.71211242471,0.129774623912,
    16.031900900586));
#4965 = CARTESIAN_POINT('',(-8.71211242471,0.129774623912,
    15.531900900586));
#4966 = CARTESIAN_POINT('',(-8.71211242471,0.129724623912,
    15.031900900586));
#4967 = PCURVE('',#2862,#4968);
#4968 = DEFINITIONAL_REPRESENTATION('',(#4969),#4974);
#4969 = B_SPLINE_CURVE_WITH_KNOTS('',3,(#4970,#4971,#4972,#4973),
  .UNSPECIFIED.,.F.,.F.,(4,4),(0.,1.),.PIECEWISE_BEZIER_KNOTS.);
#4970 = CARTESIAN_POINT('',(-1.95,3.1));
#4971 = CARTESIAN_POINT('',(-1.95,3.6));
#4972 = CARTESIAN_POINT('',(-1.95,4.1));
#4973 = CARTESIAN_POINT('',(-1.95,4.6));
#4974 = ( GEOMETRIC_REPRESENTATION_CONTEXT(2) 
PARAMETRIC_REPRESENTATION_CONTEXT() REPRESENTATION_CONTEXT('2D SPACE',''
  ) );
#4975 = PCURVE('',#4976,#4981);
#4976 = PLANE('',#4977);
#4977 = AXIS2_PLACEMENT_3D('',#4978,#4979,#4980);
#4978 = CARTESIAN_POINT('',(-10.66211242471,0.129774623912,
    19.631900900586));
#4979 = DIRECTION('',(0.,1.,1.224646799147E-16));
#4980 = DIRECTION('',(1.,0.,0.));
#4981 = DEFINITIONAL_REPRESENTATION('',(#4982),#4987);
#4982 = B_SPLINE_CURVE_WITH_KNOTS('',3,(#4983,#4984,#4985,#4986),
  .UNSPECIFIED.,.F.,.F.,(4,4),(0.,1.),.PIECEWISE_BEZIER_KNOTS.);
#4983 = CARTESIAN_POINT('',(1.95,3.1));
#4984 = CARTESIAN_POINT('',(1.95,3.6));
#4985 = CARTESIAN_POINT('',(1.95,4.1));
#4986 = CARTESIAN_POINT('',(1.95,4.6));
#4987 = ( GEOMETRIC_REPRESENTATION_CONTEXT(2) 
PARAMETRIC_REPRESENTATION_CONTEXT() REPRESENTATION_CONTEXT('2D SPACE',''
  ) );
#4988 = ORIENTED_EDGE('',*,*,#4989,.T.);
#4989 = EDGE_CURVE('',#4959,#4990,#4992,.T.);
#4990 = VERTEX_POINT('',#4991);
#4991 = CARTESIAN_POINT('',(-10.51211242471,0.129724623912,
    15.031900900586));
#4992 = SURFACE_CURVE('',#4993,(#4998,#5006),.PCURVE_S1.);
#4993 = B_SPLINE_CURVE_WITH_KNOTS('',3,(#4994,#4995,#4996,#4997),
  .UNSPECIFIED.,.F.,.F.,(4,4),(0.,1.),.PIECEWISE_BEZIER_KNOTS.);
#4994 = CARTESIAN_POINT('',(-8.71211242471,0.129724623912,
    15.031900900586));
#4995 = CARTESIAN_POINT('',(-9.31211242471,0.129774623912,
    15.031900900586));
#4996 = CARTESIAN_POINT('',(-9.91211242471,0.129774623912,
    15.031900900586));
#4997 = CARTESIAN_POINT('',(-10.51211242471,0.129724623912,
    15.031900900586));
#4998 = PCURVE('',#2862,#4999);
#4999 = DEFINITIONAL_REPRESENTATION('',(#5000),#5005);
#5000 = B_SPLINE_CURVE_WITH_KNOTS('',3,(#5001,#5002,#5003,#5004),
  .UNSPECIFIED.,.F.,.F.,(4,4),(0.,1.),.PIECEWISE_BEZIER_KNOTS.);
#5001 = CARTESIAN_POINT('',(-1.95,4.6));
#5002 = CARTESIAN_POINT('',(-1.35,4.6));
#5003 = CARTESIAN_POINT('',(-0.75,4.6));
#5004 = CARTESIAN_POINT('',(-0.15,4.6));
#5005 = ( GEOMETRIC_REPRESENTATION_CONTEXT(2) 
PARAMETRIC_REPRESENTATION_CONTEXT() REPRESENTATION_CONTEXT('2D SPACE',''
  ) );
#5006 = PCURVE('',#4976,#5007);
#5007 = DEFINITIONAL_REPRESENTATION('',(#5008),#5013);
#5008 = B_SPLINE_CURVE_WITH_KNOTS('',3,(#5009,#5010,#5011,#5012),
  .UNSPECIFIED.,.F.,.F.,(4,4),(0.,1.),.PIECEWISE_BEZIER_KNOTS.);
#5009 = CARTESIAN_POINT('',(1.95,4.6));
#5010 = CARTESIAN_POINT('',(1.35,4.6));
#5011 = CARTESIAN_POINT('',(0.75,4.6));
#5012 = CARTESIAN_POINT('',(0.15,4.6));
#5013 = ( GEOMETRIC_REPRESENTATION_CONTEXT(2) 
PARAMETRIC_REPRESENTATION_CONTEXT() REPRESENTATION_CONTEXT('2D SPACE',''
  ) );
#5014 = ORIENTED_EDGE('',*,*,#5015,.T.);
#5015 = EDGE_CURVE('',#4990,#5016,#5018,.T.);
#5016 = VERTEX_POINT('',#5017);
#5017 = CARTESIAN_POINT('',(-10.51211242471,0.129724623912,
    16.531900900586));
#5018 = SURFACE_CURVE('',#5019,(#5024,#5032),.PCURVE_S1.);
#5019 = B_SPLINE_CURVE_WITH_KNOTS('',3,(#5020,#5021,#5022,#5023),
  .UNSPECIFIED.,.F.,.F.,(4,4),(0.,1.),.PIECEWISE_BEZIER_KNOTS.);
#5020 = CARTESIAN_POINT('',(-10.51211242471,0.129724623912,
    15.031900900586));
#5021 = CARTESIAN_POINT('',(-10.51211242471,0.129774623912,
    15.531900900586));
#5022 = CARTESIAN_POINT('',(-10.51211242471,0.129774623912,
    16.031900900586));
#5023 = CARTESIAN_POINT('',(-10.51211242471,0.129724623912,
    16.531900900586));
#5024 = PCURVE('',#2862,#5025);
#5025 = DEFINITIONAL_REPRESENTATION('',(#5026),#5031);
#5026 = B_SPLINE_CURVE_WITH_KNOTS('',3,(#5027,#5028,#5029,#5030),
  .UNSPECIFIED.,.F.,.F.,(4,4),(0.,1.),.PIECEWISE_BEZIER_KNOTS.);
#5027 = CARTESIAN_POINT('',(-0.15,4.6));
#5028 = CARTESIAN_POINT('',(-0.15,4.1));
#5029 = CARTESIAN_POINT('',(-0.15,3.6));
#5030 = CARTESIAN_POINT('',(-0.15,3.1));
#5031 = ( GEOMETRIC_REPRESENTATION_CONTEXT(2) 
PARAMETRIC_REPRESENTATION_CONTEXT() REPRESENTATION_CONTEXT('2D SPACE',''
  ) );
#5032 = PCURVE('',#4976,#5033);
#5033 = DEFINITIONAL_REPRESENTATION('',(#5034),#5039);
#5034 = B_SPLINE_CURVE_WITH_KNOTS('',3,(#5035,#5036,#5037,#5038),
  .UNSPECIFIED.,.F.,.F.,(4,4),(0.,1.),.PIECEWISE_BEZIER_KNOTS.);
#5035 = CARTESIAN_POINT('',(0.15,4.6));
#5036 = CARTESIAN_POINT('',(0.15,4.1));
#5037 = CARTESIAN_POINT('',(0.15,3.6));
#5038 = CARTESIAN_POINT('',(0.15,3.1));
#5039 = ( GEOMETRIC_REPRESENTATION_CONTEXT(2) 
PARAMETRIC_REPRESENTATION_CONTEXT() REPRESENTATION_CONTEXT('2D SPACE',''
  ) );
#5040 = ORIENTED_EDGE('',*,*,#5041,.T.);
#5041 = EDGE_CURVE('',#5016,#4957,#5042,.T.);
#5042 = SURFACE_CURVE('',#5043,(#5048,#5056),.PCURVE_S1.);
#5043 = B_SPLINE_CURVE_WITH_KNOTS('',3,(#5044,#5045,#5046,#5047),
  .UNSPECIFIED.,.F.,.F.,(4,4),(0.,1.),.PIECEWISE_BEZIER_KNOTS.);
#5044 = CARTESIAN_POINT('',(-10.51211242471,0.129724623912,
    16.531900900586));
#5045 = CARTESIAN_POINT('',(-9.91211242471,0.129774623912,
    16.531900900586));
#5046 = CARTESIAN_POINT('',(-9.31211242471,0.129774623912,
    16.531900900586));
#5047 = CARTESIAN_POINT('',(-8.71211242471,0.129724623912,
    16.531900900586));
#5048 = PCURVE('',#2862,#5049);
#5049 = DEFINITIONAL_REPRESENTATION('',(#5050),#5055);
#5050 = B_SPLINE_CURVE_WITH_KNOTS('',3,(#5051,#5052,#5053,#5054),
  .UNSPECIFIED.,.F.,.F.,(4,4),(0.,1.),.PIECEWISE_BEZIER_KNOTS.);
#5051 = CARTESIAN_POINT('',(-0.15,3.1));
#5052 = CARTESIAN_POINT('',(-0.75,3.1));
#5053 = CARTESIAN_POINT('',(-1.35,3.1));
#5054 = CARTESIAN_POINT('',(-1.95,3.1));
#5055 = ( GEOMETRIC_REPRESENTATION_CONTEXT(2) 
PARAMETRIC_REPRESENTATION_CONTEXT() REPRESENTATION_CONTEXT('2D SPACE',''
  ) );
#5056 = PCURVE('',#4976,#5057);
#5057 = DEFINITIONAL_REPRESENTATION('',(#5058),#5063);
#5058 = B_SPLINE_CURVE_WITH_KNOTS('',3,(#5059,#5060,#5061,#5062),
  .UNSPECIFIED.,.F.,.F.,(4,4),(0.,1.),.PIECEWISE_BEZIER_KNOTS.);
#5059 = CARTESIAN_POINT('',(0.15,3.1));
#5060 = CARTESIAN_POINT('',(0.75,3.1));
#5061 = CARTESIAN_POINT('',(1.35,3.1));
#5062 = CARTESIAN_POINT('',(1.95,3.1));
#5063 = ( GEOMETRIC_REPRESENTATION_CONTEXT(2) 
PARAMETRIC_REPRESENTATION_CONTEXT() REPRESENTATION_CONTEXT('2D SPACE',''
  ) );
#5064 = FACE_BOUND('',#5065,.F.);
#5065 = EDGE_LOOP('',(#5066,#5099,#5125,#5151));
#5066 = ORIENTED_EDGE('',*,*,#5067,.T.);
#5067 = EDGE_CURVE('',#5068,#5070,#5072,.T.);
#5068 = VERTEX_POINT('',#5069);
#5069 = CARTESIAN_POINT('',(-5.66211242471,0.129724623912,
    19.481900900586));
#5070 = VERTEX_POINT('',#5071);
#5071 = CARTESIAN_POINT('',(-4.16211242471,0.129724623912,
    19.481900900586));
#5072 = SURFACE_CURVE('',#5073,(#5078,#5086),.PCURVE_S1.);
#5073 = B_SPLINE_CURVE_WITH_KNOTS('',3,(#5074,#5075,#5076,#5077),
  .UNSPECIFIED.,.F.,.F.,(4,4),(0.,1.),.PIECEWISE_BEZIER_KNOTS.);
#5074 = CARTESIAN_POINT('',(-5.66211242471,0.129724623912,
    19.481900900586));
#5075 = CARTESIAN_POINT('',(-5.16211242471,0.129774623912,
    19.481900900586));
#5076 = CARTESIAN_POINT('',(-4.66211242471,0.129774623912,
    19.481900900586));
#5077 = CARTESIAN_POINT('',(-4.16211242471,0.129724623912,
    19.481900900586));
#5078 = PCURVE('',#2862,#5079);
#5079 = DEFINITIONAL_REPRESENTATION('',(#5080),#5085);
#5080 = B_SPLINE_CURVE_WITH_KNOTS('',3,(#5081,#5082,#5083,#5084),
  .UNSPECIFIED.,.F.,.F.,(4,4),(0.,1.),.PIECEWISE_BEZIER_KNOTS.);
#5081 = CARTESIAN_POINT('',(-5.,0.15));
#5082 = CARTESIAN_POINT('',(-5.5,0.15));
#5083 = CARTESIAN_POINT('',(-6.,0.15));
#5084 = CARTESIAN_POINT('',(-6.5,0.15));
#5085 = ( GEOMETRIC_REPRESENTATION_CONTEXT(2) 
PARAMETRIC_REPRESENTATION_CONTEXT() REPRESENTATION_CONTEXT('2D SPACE',''
  ) );
#5086 = PCURVE('',#5087,#5092);
#5087 = PLANE('',#5088);
#5088 = AXIS2_PLACEMENT_3D('',#5089,#5090,#5091);
#5089 = CARTESIAN_POINT('',(-10.66211242471,0.129774623912,
    19.631900900586));
#5090 = DIRECTION('',(0.,1.,1.224646799147E-16));
#5091 = DIRECTION('',(1.,0.,0.));
#5092 = DEFINITIONAL_REPRESENTATION('',(#5093),#5098);
#5093 = B_SPLINE_CURVE_WITH_KNOTS('',3,(#5094,#5095,#5096,#5097),
  .UNSPECIFIED.,.F.,.F.,(4,4),(0.,1.),.PIECEWISE_BEZIER_KNOTS.);
#5094 = CARTESIAN_POINT('',(5.,0.15));
#5095 = CARTESIAN_POINT('',(5.5,0.15));
#5096 = CARTESIAN_POINT('',(6.,0.15));
#5097 = CARTESIAN_POINT('',(6.5,0.15));
#5098 = ( GEOMETRIC_REPRESENTATION_CONTEXT(2) 
PARAMETRIC_REPRESENTATION_CONTEXT() REPRESENTATION_CONTEXT('2D SPACE',''
  ) );
#5099 = ORIENTED_EDGE('',*,*,#5100,.T.);
#5100 = EDGE_CURVE('',#5070,#5101,#5103,.T.);
#5101 = VERTEX_POINT('',#5102);
#5102 = CARTESIAN_POINT('',(-4.16211242471,0.129724623912,
    17.681900900586));
#5103 = SURFACE_CURVE('',#5104,(#5109,#5117),.PCURVE_S1.);
#5104 = B_SPLINE_CURVE_WITH_KNOTS('',3,(#5105,#5106,#5107,#5108),
  .UNSPECIFIED.,.F.,.F.,(4,4),(0.,1.),.PIECEWISE_BEZIER_KNOTS.);
#5105 = CARTESIAN_POINT('',(-4.16211242471,0.129724623912,
    19.481900900586));
#5106 = CARTESIAN_POINT('',(-4.16211242471,0.129774623912,
    18.881900900586));
#5107 = CARTESIAN_POINT('',(-4.16211242471,0.129774623912,
    18.281900900586));
#5108 = CARTESIAN_POINT('',(-4.16211242471,0.129724623912,
    17.681900900586));
#5109 = PCURVE('',#2862,#5110);
#5110 = DEFINITIONAL_REPRESENTATION('',(#5111),#5116);
#5111 = B_SPLINE_CURVE_WITH_KNOTS('',3,(#5112,#5113,#5114,#5115),
  .UNSPECIFIED.,.F.,.F.,(4,4),(0.,1.),.PIECEWISE_BEZIER_KNOTS.);
#5112 = CARTESIAN_POINT('',(-6.5,0.15));
#5113 = CARTESIAN_POINT('',(-6.5,0.75));
#5114 = CARTESIAN_POINT('',(-6.5,1.35));
#5115 = CARTESIAN_POINT('',(-6.5,1.95));
#5116 = ( GEOMETRIC_REPRESENTATION_CONTEXT(2) 
PARAMETRIC_REPRESENTATION_CONTEXT() REPRESENTATION_CONTEXT('2D SPACE',''
  ) );
#5117 = PCURVE('',#5087,#5118);
#5118 = DEFINITIONAL_REPRESENTATION('',(#5119),#5124);
#5119 = B_SPLINE_CURVE_WITH_KNOTS('',3,(#5120,#5121,#5122,#5123),
  .UNSPECIFIED.,.F.,.F.,(4,4),(0.,1.),.PIECEWISE_BEZIER_KNOTS.);
#5120 = CARTESIAN_POINT('',(6.5,0.15));
#5121 = CARTESIAN_POINT('',(6.5,0.75));
#5122 = CARTESIAN_POINT('',(6.5,1.35));
#5123 = CARTESIAN_POINT('',(6.5,1.95));
#5124 = ( GEOMETRIC_REPRESENTATION_CONTEXT(2) 
PARAMETRIC_REPRESENTATION_CONTEXT() REPRESENTATION_CONTEXT('2D SPACE',''
  ) );
#5125 = ORIENTED_EDGE('',*,*,#5126,.T.);
#5126 = EDGE_CURVE('',#5101,#5127,#5129,.T.);
#5127 = VERTEX_POINT('',#5128);
#5128 = CARTESIAN_POINT('',(-5.66211242471,0.129724623912,
    17.681900900586));
#5129 = SURFACE_CURVE('',#5130,(#5135,#5143),.PCURVE_S1.);
#5130 = B_SPLINE_CURVE_WITH_KNOTS('',3,(#5131,#5132,#5133,#5134),
  .UNSPECIFIED.,.F.,.F.,(4,4),(0.,1.),.PIECEWISE_BEZIER_KNOTS.);
#5131 = CARTESIAN_POINT('',(-4.16211242471,0.129724623912,
    17.681900900586));
#5132 = CARTESIAN_POINT('',(-4.66211242471,0.129774623912,
    17.681900900586));
#5133 = CARTESIAN_POINT('',(-5.16211242471,0.129774623912,
    17.681900900586));
#5134 = CARTESIAN_POINT('',(-5.66211242471,0.129724623912,
    17.681900900586));
#5135 = PCURVE('',#2862,#5136);
#5136 = DEFINITIONAL_REPRESENTATION('',(#5137),#5142);
#5137 = B_SPLINE_CURVE_WITH_KNOTS('',3,(#5138,#5139,#5140,#5141),
  .UNSPECIFIED.,.F.,.F.,(4,4),(0.,1.),.PIECEWISE_BEZIER_KNOTS.);
#5138 = CARTESIAN_POINT('',(-6.5,1.95));
#5139 = CARTESIAN_POINT('',(-6.,1.95));
#5140 = CARTESIAN_POINT('',(-5.5,1.95));
#5141 = CARTESIAN_POINT('',(-5.,1.95));
#5142 = ( GEOMETRIC_REPRESENTATION_CONTEXT(2) 
PARAMETRIC_REPRESENTATION_CONTEXT() REPRESENTATION_CONTEXT('2D SPACE',''
  ) );
#5143 = PCURVE('',#5087,#5144);
#5144 = DEFINITIONAL_REPRESENTATION('',(#5145),#5150);
#5145 = B_SPLINE_CURVE_WITH_KNOTS('',3,(#5146,#5147,#5148,#5149),
  .UNSPECIFIED.,.F.,.F.,(4,4),(0.,1.),.PIECEWISE_BEZIER_KNOTS.);
#5146 = CARTESIAN_POINT('',(6.5,1.95));
#5147 = CARTESIAN_POINT('',(6.,1.95));
#5148 = CARTESIAN_POINT('',(5.5,1.95));
#5149 = CARTESIAN_POINT('',(5.,1.95));
#5150 = ( GEOMETRIC_REPRESENTATION_CONTEXT(2) 
PARAMETRIC_REPRESENTATION_CONTEXT() REPRESENTATION_CONTEXT('2D SPACE',''
  ) );
#5151 = ORIENTED_EDGE('',*,*,#5152,.T.);
#5152 = EDGE_CURVE('',#5127,#5068,#5153,.T.);
#5153 = SURFACE_CURVE('',#5154,(#5159,#5167),.PCURVE_S1.);
#5154 = B_SPLINE_CURVE_WITH_KNOTS('',3,(#5155,#5156,#5157,#5158),
  .UNSPECIFIED.,.F.,.F.,(4,4),(0.,1.),.PIECEWISE_BEZIER_KNOTS.);
#5155 = CARTESIAN_POINT('',(-5.66211242471,0.129724623912,
    17.681900900586));
#5156 = CARTESIAN_POINT('',(-5.66211242471,0.129774623912,
    18.281900900586));
#5157 = CARTESIAN_POINT('',(-5.66211242471,0.129774623912,
    18.881900900586));
#5158 = CARTESIAN_POINT('',(-5.66211242471,0.129724623912,
    19.481900900586));
#5159 = PCURVE('',#2862,#5160);
#5160 = DEFINITIONAL_REPRESENTATION('',(#5161),#5166);
#5161 = B_SPLINE_CURVE_WITH_KNOTS('',3,(#5162,#5163,#5164,#5165),
  .UNSPECIFIED.,.F.,.F.,(4,4),(0.,1.),.PIECEWISE_BEZIER_KNOTS.);
#5162 = CARTESIAN_POINT('',(-5.,1.95));
#5163 = CARTESIAN_POINT('',(-5.,1.35));
#5164 = CARTESIAN_POINT('',(-5.,0.75));
#5165 = CARTESIAN_POINT('',(-5.,0.15));
#5166 = ( GEOMETRIC_REPRESENTATION_CONTEXT(2) 
PARAMETRIC_REPRESENTATION_CONTEXT() REPRESENTATION_CONTEXT('2D SPACE',''
  ) );
#5167 = PCURVE('',#5087,#5168);
#5168 = DEFINITIONAL_REPRESENTATION('',(#5169),#5174);
#5169 = B_SPLINE_CURVE_WITH_KNOTS('',3,(#5170,#5171,#5172,#5173),
  .UNSPECIFIED.,.F.,.F.,(4,4),(0.,1.),.PIECEWISE_BEZIER_KNOTS.);
#5170 = CARTESIAN_POINT('',(5.,1.95));
#5171 = CARTESIAN_POINT('',(5.,1.35));
#5172 = CARTESIAN_POINT('',(5.,0.75));
#5173 = CARTESIAN_POINT('',(5.,0.15));
#5174 = ( GEOMETRIC_REPRESENTATION_CONTEXT(2) 
PARAMETRIC_REPRESENTATION_CONTEXT() REPRESENTATION_CONTEXT('2D SPACE',''
  ) );
#5175 = FACE_BOUND('',#5176,.F.);
#5176 = EDGE_LOOP('',(#5177,#5210,#5236,#5262));
#5177 = ORIENTED_EDGE('',*,*,#5178,.T.);
#5178 = EDGE_CURVE('',#5179,#5181,#5183,.T.);
#5179 = VERTEX_POINT('',#5180);
#5180 = CARTESIAN_POINT('',(-1.86211242471,0.129724623912,
    19.481900900586));
#5181 = VERTEX_POINT('',#5182);
#5182 = CARTESIAN_POINT('',(-0.36211242471,0.129724623912,
    19.481900900586));
#5183 = SURFACE_CURVE('',#5184,(#5189,#5197),.PCURVE_S1.);
#5184 = B_SPLINE_CURVE_WITH_KNOTS('',3,(#5185,#5186,#5187,#5188),
  .UNSPECIFIED.,.F.,.F.,(4,4),(0.,1.),.PIECEWISE_BEZIER_KNOTS.);
#5185 = CARTESIAN_POINT('',(-1.86211242471,0.129724623912,
    19.481900900586));
#5186 = CARTESIAN_POINT('',(-1.36211242471,0.129774623912,
    19.481900900586));
#5187 = CARTESIAN_POINT('',(-0.86211242471,0.129774623912,
    19.481900900586));
#5188 = CARTESIAN_POINT('',(-0.36211242471,0.129724623912,
    19.481900900586));
#5189 = PCURVE('',#2862,#5190);
#5190 = DEFINITIONAL_REPRESENTATION('',(#5191),#5196);
#5191 = B_SPLINE_CURVE_WITH_KNOTS('',3,(#5192,#5193,#5194,#5195),
  .UNSPECIFIED.,.F.,.F.,(4,4),(0.,1.),.PIECEWISE_BEZIER_KNOTS.);
#5192 = CARTESIAN_POINT('',(-8.8,0.15));
#5193 = CARTESIAN_POINT('',(-9.3,0.15));
#5194 = CARTESIAN_POINT('',(-9.8,0.15));
#5195 = CARTESIAN_POINT('',(-10.3,0.15));
#5196 = ( GEOMETRIC_REPRESENTATION_CONTEXT(2) 
PARAMETRIC_REPRESENTATION_CONTEXT() REPRESENTATION_CONTEXT('2D SPACE',''
  ) );
#5197 = PCURVE('',#5198,#5203);
#5198 = PLANE('',#5199);
#5199 = AXIS2_PLACEMENT_3D('',#5200,#5201,#5202);
#5200 = CARTESIAN_POINT('',(-10.66211242471,0.129774623912,
    19.631900900586));
#5201 = DIRECTION('',(0.,1.,1.224646799147E-16));
#5202 = DIRECTION('',(1.,0.,0.));
#5203 = DEFINITIONAL_REPRESENTATION('',(#5204),#5209);
#5204 = B_SPLINE_CURVE_WITH_KNOTS('',3,(#5205,#5206,#5207,#5208),
  .UNSPECIFIED.,.F.,.F.,(4,4),(0.,1.),.PIECEWISE_BEZIER_KNOTS.);
#5205 = CARTESIAN_POINT('',(8.8,0.15));
#5206 = CARTESIAN_POINT('',(9.3,0.15));
#5207 = CARTESIAN_POINT('',(9.8,0.15));
#5208 = CARTESIAN_POINT('',(10.3,0.15));
#5209 = ( GEOMETRIC_REPRESENTATION_CONTEXT(2) 
PARAMETRIC_REPRESENTATION_CONTEXT() REPRESENTATION_CONTEXT('2D SPACE',''
  ) );
#5210 = ORIENTED_EDGE('',*,*,#5211,.T.);
#5211 = EDGE_CURVE('',#5181,#5212,#5214,.T.);
#5212 = VERTEX_POINT('',#5213);
#5213 = CARTESIAN_POINT('',(-0.36211242471,0.129724623912,
    17.681900900586));
#5214 = SURFACE_CURVE('',#5215,(#5220,#5228),.PCURVE_S1.);
#5215 = B_SPLINE_CURVE_WITH_KNOTS('',3,(#5216,#5217,#5218,#5219),
  .UNSPECIFIED.,.F.,.F.,(4,4),(0.,1.),.PIECEWISE_BEZIER_KNOTS.);
#5216 = CARTESIAN_POINT('',(-0.36211242471,0.129724623912,
    19.481900900586));
#5217 = CARTESIAN_POINT('',(-0.36211242471,0.129774623912,
    18.881900900586));
#5218 = CARTESIAN_POINT('',(-0.36211242471,0.129774623912,
    18.281900900586));
#5219 = CARTESIAN_POINT('',(-0.36211242471,0.129724623912,
    17.681900900586));
#5220 = PCURVE('',#2862,#5221);
#5221 = DEFINITIONAL_REPRESENTATION('',(#5222),#5227);
#5222 = B_SPLINE_CURVE_WITH_KNOTS('',3,(#5223,#5224,#5225,#5226),
  .UNSPECIFIED.,.F.,.F.,(4,4),(0.,1.),.PIECEWISE_BEZIER_KNOTS.);
#5223 = CARTESIAN_POINT('',(-10.3,0.15));
#5224 = CARTESIAN_POINT('',(-10.3,0.75));
#5225 = CARTESIAN_POINT('',(-10.3,1.35));
#5226 = CARTESIAN_POINT('',(-10.3,1.95));
#5227 = ( GEOMETRIC_REPRESENTATION_CONTEXT(2) 
PARAMETRIC_REPRESENTATION_CONTEXT() REPRESENTATION_CONTEXT('2D SPACE',''
  ) );
#5228 = PCURVE('',#5198,#5229);
#5229 = DEFINITIONAL_REPRESENTATION('',(#5230),#5235);
#5230 = B_SPLINE_CURVE_WITH_KNOTS('',3,(#5231,#5232,#5233,#5234),
  .UNSPECIFIED.,.F.,.F.,(4,4),(0.,1.),.PIECEWISE_BEZIER_KNOTS.);
#5231 = CARTESIAN_POINT('',(10.3,0.15));
#5232 = CARTESIAN_POINT('',(10.3,0.75));
#5233 = CARTESIAN_POINT('',(10.3,1.35));
#5234 = CARTESIAN_POINT('',(10.3,1.95));
#5235 = ( GEOMETRIC_REPRESENTATION_CONTEXT(2) 
PARAMETRIC_REPRESENTATION_CONTEXT() REPRESENTATION_CONTEXT('2D SPACE',''
  ) );
#5236 = ORIENTED_EDGE('',*,*,#5237,.T.);
#5237 = EDGE_CURVE('',#5212,#5238,#5240,.T.);
#5238 = VERTEX_POINT('',#5239);
#5239 = CARTESIAN_POINT('',(-1.86211242471,0.129724623912,
    17.681900900586));
#5240 = SURFACE_CURVE('',#5241,(#5246,#5254),.PCURVE_S1.);
#5241 = B_SPLINE_CURVE_WITH_KNOTS('',3,(#5242,#5243,#5244,#5245),
  .UNSPECIFIED.,.F.,.F.,(4,4),(0.,1.),.PIECEWISE_BEZIER_KNOTS.);
#5242 = CARTESIAN_POINT('',(-0.36211242471,0.129724623912,
    17.681900900586));
#5243 = CARTESIAN_POINT('',(-0.86211242471,0.129774623912,
    17.681900900586));
#5244 = CARTESIAN_POINT('',(-1.36211242471,0.129774623912,
    17.681900900586));
#5245 = CARTESIAN_POINT('',(-1.86211242471,0.129724623912,
    17.681900900586));
#5246 = PCURVE('',#2862,#5247);
#5247 = DEFINITIONAL_REPRESENTATION('',(#5248),#5253);
#5248 = B_SPLINE_CURVE_WITH_KNOTS('',3,(#5249,#5250,#5251,#5252),
  .UNSPECIFIED.,.F.,.F.,(4,4),(0.,1.),.PIECEWISE_BEZIER_KNOTS.);
#5249 = CARTESIAN_POINT('',(-10.3,1.95));
#5250 = CARTESIAN_POINT('',(-9.8,1.95));
#5251 = CARTESIAN_POINT('',(-9.3,1.95));
#5252 = CARTESIAN_POINT('',(-8.8,1.95));
#5253 = ( GEOMETRIC_REPRESENTATION_CONTEXT(2) 
PARAMETRIC_REPRESENTATION_CONTEXT() REPRESENTATION_CONTEXT('2D SPACE',''
  ) );
#5254 = PCURVE('',#5198,#5255);
#5255 = DEFINITIONAL_REPRESENTATION('',(#5256),#5261);
#5256 = B_SPLINE_CURVE_WITH_KNOTS('',3,(#5257,#5258,#5259,#5260),
  .UNSPECIFIED.,.F.,.F.,(4,4),(0.,1.),.PIECEWISE_BEZIER_KNOTS.);
#5257 = CARTESIAN_POINT('',(10.3,1.95));
#5258 = CARTESIAN_POINT('',(9.8,1.95));
#5259 = CARTESIAN_POINT('',(9.3,1.95));
#5260 = CARTESIAN_POINT('',(8.8,1.95));
#5261 = ( GEOMETRIC_REPRESENTATION_CONTEXT(2) 
PARAMETRIC_REPRESENTATION_CONTEXT() REPRESENTATION_CONTEXT('2D SPACE',''
  ) );
#5262 = ORIENTED_EDGE('',*,*,#5263,.T.);
#5263 = EDGE_CURVE('',#5238,#5179,#5264,.T.);
#5264 = SURFACE_CURVE('',#5265,(#5270,#5278),.PCURVE_S1.);
#5265 = B_SPLINE_CURVE_WITH_KNOTS('',3,(#5266,#5267,#5268,#5269),
  .UNSPECIFIED.,.F.,.F.,(4,4),(0.,1.),.PIECEWISE_BEZIER_KNOTS.);
#5266 = CARTESIAN_POINT('',(-1.86211242471,0.129724623912,
    17.681900900586));
#5267 = CARTESIAN_POINT('',(-1.86211242471,0.129774623912,
    18.281900900586));
#5268 = CARTESIAN_POINT('',(-1.86211242471,0.129774623912,
    18.881900900586));
#5269 = CARTESIAN_POINT('',(-1.86211242471,0.129724623912,
    19.481900900586));
#5270 = PCURVE('',#2862,#5271);
#5271 = DEFINITIONAL_REPRESENTATION('',(#5272),#5277);
#5272 = B_SPLINE_CURVE_WITH_KNOTS('',3,(#5273,#5274,#5275,#5276),
  .UNSPECIFIED.,.F.,.F.,(4,4),(0.,1.),.PIECEWISE_BEZIER_KNOTS.);
#5273 = CARTESIAN_POINT('',(-8.8,1.95));
#5274 = CARTESIAN_POINT('',(-8.8,1.35));
#5275 = CARTESIAN_POINT('',(-8.8,0.75));
#5276 = CARTESIAN_POINT('',(-8.8,0.15));
#5277 = ( GEOMETRIC_REPRESENTATION_CONTEXT(2) 
PARAMETRIC_REPRESENTATION_CONTEXT() REPRESENTATION_CONTEXT('2D SPACE',''
  ) );
#5278 = PCURVE('',#5198,#5279);
#5279 = DEFINITIONAL_REPRESENTATION('',(#5280),#5285);
#5280 = B_SPLINE_CURVE_WITH_KNOTS('',3,(#5281,#5282,#5283,#5284),
  .UNSPECIFIED.,.F.,.F.,(4,4),(0.,1.),.PIECEWISE_BEZIER_KNOTS.);
#5281 = CARTESIAN_POINT('',(8.8,1.95));
#5282 = CARTESIAN_POINT('',(8.8,1.35));
#5283 = CARTESIAN_POINT('',(8.8,0.75));
#5284 = CARTESIAN_POINT('',(8.8,0.15));
#5285 = ( GEOMETRIC_REPRESENTATION_CONTEXT(2) 
PARAMETRIC_REPRESENTATION_CONTEXT() REPRESENTATION_CONTEXT('2D SPACE',''
  ) );
#5286 = FACE_BOUND('',#5287,.F.);
#5287 = EDGE_LOOP('',(#5288,#5321,#5347,#5373));
#5288 = ORIENTED_EDGE('',*,*,#5289,.T.);
#5289 = EDGE_CURVE('',#5290,#5292,#5294,.T.);
#5290 = VERTEX_POINT('',#5291);
#5291 = CARTESIAN_POINT('',(4.48788757529,0.129724623912,16.531900900586
    ));
#5292 = VERTEX_POINT('',#5293);
#5293 = CARTESIAN_POINT('',(4.48788757529,0.129724623912,15.031900900586
    ));
#5294 = SURFACE_CURVE('',#5295,(#5300,#5308),.PCURVE_S1.);
#5295 = B_SPLINE_CURVE_WITH_KNOTS('',3,(#5296,#5297,#5298,#5299),
  .UNSPECIFIED.,.F.,.F.,(4,4),(0.,1.),.PIECEWISE_BEZIER_KNOTS.);
#5296 = CARTESIAN_POINT('',(4.48788757529,0.129724623912,16.531900900586
    ));
#5297 = CARTESIAN_POINT('',(4.48788757529,0.129774623912,16.031900900586
    ));
#5298 = CARTESIAN_POINT('',(4.48788757529,0.129774623912,15.531900900586
    ));
#5299 = CARTESIAN_POINT('',(4.48788757529,0.129724623912,15.031900900586
    ));
#5300 = PCURVE('',#2862,#5301);
#5301 = DEFINITIONAL_REPRESENTATION('',(#5302),#5307);
#5302 = B_SPLINE_CURVE_WITH_KNOTS('',3,(#5303,#5304,#5305,#5306),
  .UNSPECIFIED.,.F.,.F.,(4,4),(0.,1.),.PIECEWISE_BEZIER_KNOTS.);
#5303 = CARTESIAN_POINT('',(-15.15,3.1));
#5304 = CARTESIAN_POINT('',(-15.15,3.6));
#5305 = CARTESIAN_POINT('',(-15.15,4.1));
#5306 = CARTESIAN_POINT('',(-15.15,4.6));
#5307 = ( GEOMETRIC_REPRESENTATION_CONTEXT(2) 
PARAMETRIC_REPRESENTATION_CONTEXT() REPRESENTATION_CONTEXT('2D SPACE',''
  ) );
#5308 = PCURVE('',#5309,#5314);
#5309 = PLANE('',#5310);
#5310 = AXIS2_PLACEMENT_3D('',#5311,#5312,#5313);
#5311 = CARTESIAN_POINT('',(-10.66211242471,0.129774623912,
    19.631900900586));
#5312 = DIRECTION('',(0.,1.,1.224646799147E-16));
#5313 = DIRECTION('',(1.,0.,0.));
#5314 = DEFINITIONAL_REPRESENTATION('',(#5315),#5320);
#5315 = B_SPLINE_CURVE_WITH_KNOTS('',3,(#5316,#5317,#5318,#5319),
  .UNSPECIFIED.,.F.,.F.,(4,4),(0.,1.),.PIECEWISE_BEZIER_KNOTS.);
#5316 = CARTESIAN_POINT('',(15.15,3.1));
#5317 = CARTESIAN_POINT('',(15.15,3.6));
#5318 = CARTESIAN_POINT('',(15.15,4.1));
#5319 = CARTESIAN_POINT('',(15.15,4.6));
#5320 = ( GEOMETRIC_REPRESENTATION_CONTEXT(2) 
PARAMETRIC_REPRESENTATION_CONTEXT() REPRESENTATION_CONTEXT('2D SPACE',''
  ) );
#5321 = ORIENTED_EDGE('',*,*,#5322,.T.);
#5322 = EDGE_CURVE('',#5292,#5323,#5325,.T.);
#5323 = VERTEX_POINT('',#5324);
#5324 = CARTESIAN_POINT('',(2.68788757529,0.129724623912,15.031900900586
    ));
#5325 = SURFACE_CURVE('',#5326,(#5331,#5339),.PCURVE_S1.);
#5326 = B_SPLINE_CURVE_WITH_KNOTS('',3,(#5327,#5328,#5329,#5330),
  .UNSPECIFIED.,.F.,.F.,(4,4),(0.,1.),.PIECEWISE_BEZIER_KNOTS.);
#5327 = CARTESIAN_POINT('',(4.48788757529,0.129724623912,15.031900900586
    ));
#5328 = CARTESIAN_POINT('',(3.88788757529,0.129774623912,15.031900900586
    ));
#5329 = CARTESIAN_POINT('',(3.28788757529,0.129774623912,15.031900900586
    ));
#5330 = CARTESIAN_POINT('',(2.68788757529,0.129724623912,15.031900900586
    ));
#5331 = PCURVE('',#2862,#5332);
#5332 = DEFINITIONAL_REPRESENTATION('',(#5333),#5338);
#5333 = B_SPLINE_CURVE_WITH_KNOTS('',3,(#5334,#5335,#5336,#5337),
  .UNSPECIFIED.,.F.,.F.,(4,4),(0.,1.),.PIECEWISE_BEZIER_KNOTS.);
#5334 = CARTESIAN_POINT('',(-15.15,4.6));
#5335 = CARTESIAN_POINT('',(-14.55,4.6));
#5336 = CARTESIAN_POINT('',(-13.95,4.6));
#5337 = CARTESIAN_POINT('',(-13.35,4.6));
#5338 = ( GEOMETRIC_REPRESENTATION_CONTEXT(2) 
PARAMETRIC_REPRESENTATION_CONTEXT() REPRESENTATION_CONTEXT('2D SPACE',''
  ) );
#5339 = PCURVE('',#5309,#5340);
#5340 = DEFINITIONAL_REPRESENTATION('',(#5341),#5346);
#5341 = B_SPLINE_CURVE_WITH_KNOTS('',3,(#5342,#5343,#5344,#5345),
  .UNSPECIFIED.,.F.,.F.,(4,4),(0.,1.),.PIECEWISE_BEZIER_KNOTS.);
#5342 = CARTESIAN_POINT('',(15.15,4.6));
#5343 = CARTESIAN_POINT('',(14.55,4.6));
#5344 = CARTESIAN_POINT('',(13.95,4.6));
#5345 = CARTESIAN_POINT('',(13.35,4.6));
#5346 = ( GEOMETRIC_REPRESENTATION_CONTEXT(2) 
PARAMETRIC_REPRESENTATION_CONTEXT() REPRESENTATION_CONTEXT('2D SPACE',''
  ) );
#5347 = ORIENTED_EDGE('',*,*,#5348,.T.);
#5348 = EDGE_CURVE('',#5323,#5349,#5351,.T.);
#5349 = VERTEX_POINT('',#5350);
#5350 = CARTESIAN_POINT('',(2.68788757529,0.129724623912,16.531900900586
    ));
#5351 = SURFACE_CURVE('',#5352,(#5357,#5365),.PCURVE_S1.);
#5352 = B_SPLINE_CURVE_WITH_KNOTS('',3,(#5353,#5354,#5355,#5356),
  .UNSPECIFIED.,.F.,.F.,(4,4),(0.,1.),.PIECEWISE_BEZIER_KNOTS.);
#5353 = CARTESIAN_POINT('',(2.68788757529,0.129724623912,15.031900900586
    ));
#5354 = CARTESIAN_POINT('',(2.68788757529,0.129774623912,15.531900900586
    ));
#5355 = CARTESIAN_POINT('',(2.68788757529,0.129774623912,16.031900900586
    ));
#5356 = CARTESIAN_POINT('',(2.68788757529,0.129724623912,16.531900900586
    ));
#5357 = PCURVE('',#2862,#5358);
#5358 = DEFINITIONAL_REPRESENTATION('',(#5359),#5364);
#5359 = B_SPLINE_CURVE_WITH_KNOTS('',3,(#5360,#5361,#5362,#5363),
  .UNSPECIFIED.,.F.,.F.,(4,4),(0.,1.),.PIECEWISE_BEZIER_KNOTS.);
#5360 = CARTESIAN_POINT('',(-13.35,4.6));
#5361 = CARTESIAN_POINT('',(-13.35,4.1));
#5362 = CARTESIAN_POINT('',(-13.35,3.6));
#5363 = CARTESIAN_POINT('',(-13.35,3.1));
#5364 = ( GEOMETRIC_REPRESENTATION_CONTEXT(2) 
PARAMETRIC_REPRESENTATION_CONTEXT() REPRESENTATION_CONTEXT('2D SPACE',''
  ) );
#5365 = PCURVE('',#5309,#5366);
#5366 = DEFINITIONAL_REPRESENTATION('',(#5367),#5372);
#5367 = B_SPLINE_CURVE_WITH_KNOTS('',3,(#5368,#5369,#5370,#5371),
  .UNSPECIFIED.,.F.,.F.,(4,4),(0.,1.),.PIECEWISE_BEZIER_KNOTS.);
#5368 = CARTESIAN_POINT('',(13.35,4.6));
#5369 = CARTESIAN_POINT('',(13.35,4.1));
#5370 = CARTESIAN_POINT('',(13.35,3.6));
#5371 = CARTESIAN_POINT('',(13.35,3.1));
#5372 = ( GEOMETRIC_REPRESENTATION_CONTEXT(2) 
PARAMETRIC_REPRESENTATION_CONTEXT() REPRESENTATION_CONTEXT('2D SPACE',''
  ) );
#5373 = ORIENTED_EDGE('',*,*,#5374,.T.);
#5374 = EDGE_CURVE('',#5349,#5290,#5375,.T.);
#5375 = SURFACE_CURVE('',#5376,(#5381,#5389),.PCURVE_S1.);
#5376 = B_SPLINE_CURVE_WITH_KNOTS('',3,(#5377,#5378,#5379,#5380),
  .UNSPECIFIED.,.F.,.F.,(4,4),(0.,1.),.PIECEWISE_BEZIER_KNOTS.);
#5377 = CARTESIAN_POINT('',(2.68788757529,0.129724623912,16.531900900586
    ));
#5378 = CARTESIAN_POINT('',(3.28788757529,0.129774623912,16.531900900586
    ));
#5379 = CARTESIAN_POINT('',(3.88788757529,0.129774623912,16.531900900586
    ));
#5380 = CARTESIAN_POINT('',(4.48788757529,0.129724623912,16.531900900586
    ));
#5381 = PCURVE('',#2862,#5382);
#5382 = DEFINITIONAL_REPRESENTATION('',(#5383),#5388);
#5383 = B_SPLINE_CURVE_WITH_KNOTS('',3,(#5384,#5385,#5386,#5387),
  .UNSPECIFIED.,.F.,.F.,(4,4),(0.,1.),.PIECEWISE_BEZIER_KNOTS.);
#5384 = CARTESIAN_POINT('',(-13.35,3.1));
#5385 = CARTESIAN_POINT('',(-13.95,3.1));
#5386 = CARTESIAN_POINT('',(-14.55,3.1));
#5387 = CARTESIAN_POINT('',(-15.15,3.1));
#5388 = ( GEOMETRIC_REPRESENTATION_CONTEXT(2) 
PARAMETRIC_REPRESENTATION_CONTEXT() REPRESENTATION_CONTEXT('2D SPACE',''
  ) );
#5389 = PCURVE('',#5309,#5390);
#5390 = DEFINITIONAL_REPRESENTATION('',(#5391),#5396);
#5391 = B_SPLINE_CURVE_WITH_KNOTS('',3,(#5392,#5393,#5394,#5395),
  .UNSPECIFIED.,.F.,.F.,(4,4),(0.,1.),.PIECEWISE_BEZIER_KNOTS.);
#5392 = CARTESIAN_POINT('',(13.35,3.1));
#5393 = CARTESIAN_POINT('',(13.95,3.1));
#5394 = CARTESIAN_POINT('',(14.55,3.1));
#5395 = CARTESIAN_POINT('',(15.15,3.1));
#5396 = ( GEOMETRIC_REPRESENTATION_CONTEXT(2) 
PARAMETRIC_REPRESENTATION_CONTEXT() REPRESENTATION_CONTEXT('2D SPACE',''
  ) );
#5397 = FACE_BOUND('',#5398,.F.);
#5398 = EDGE_LOOP('',(#5399,#5432,#5458,#5484));
#5399 = ORIENTED_EDGE('',*,*,#5400,.T.);
#5400 = EDGE_CURVE('',#5401,#5403,#5405,.T.);
#5401 = VERTEX_POINT('',#5402);
#5402 = CARTESIAN_POINT('',(4.48788757529,0.129724623912,12.731900900586
    ));
#5403 = VERTEX_POINT('',#5404);
#5404 = CARTESIAN_POINT('',(4.48788757529,0.129724623912,11.231900900586
    ));
#5405 = SURFACE_CURVE('',#5406,(#5411,#5419),.PCURVE_S1.);
#5406 = B_SPLINE_CURVE_WITH_KNOTS('',3,(#5407,#5408,#5409,#5410),
  .UNSPECIFIED.,.F.,.F.,(4,4),(0.,1.),.PIECEWISE_BEZIER_KNOTS.);
#5407 = CARTESIAN_POINT('',(4.48788757529,0.129724623912,12.731900900586
    ));
#5408 = CARTESIAN_POINT('',(4.48788757529,0.129774623912,12.231900900586
    ));
#5409 = CARTESIAN_POINT('',(4.48788757529,0.129774623912,11.731900900586
    ));
#5410 = CARTESIAN_POINT('',(4.48788757529,0.129724623912,11.231900900586
    ));
#5411 = PCURVE('',#2862,#5412);
#5412 = DEFINITIONAL_REPRESENTATION('',(#5413),#5418);
#5413 = B_SPLINE_CURVE_WITH_KNOTS('',3,(#5414,#5415,#5416,#5417),
  .UNSPECIFIED.,.F.,.F.,(4,4),(0.,1.),.PIECEWISE_BEZIER_KNOTS.);
#5414 = CARTESIAN_POINT('',(-15.15,6.9));
#5415 = CARTESIAN_POINT('',(-15.15,7.4));
#5416 = CARTESIAN_POINT('',(-15.15,7.9));
#5417 = CARTESIAN_POINT('',(-15.15,8.4));
#5418 = ( GEOMETRIC_REPRESENTATION_CONTEXT(2) 
PARAMETRIC_REPRESENTATION_CONTEXT() REPRESENTATION_CONTEXT('2D SPACE',''
  ) );
#5419 = PCURVE('',#5420,#5425);
#5420 = PLANE('',#5421);
#5421 = AXIS2_PLACEMENT_3D('',#5422,#5423,#5424);
#5422 = CARTESIAN_POINT('',(-10.66211242471,0.129774623912,
    19.631900900586));
#5423 = DIRECTION('',(0.,1.,1.224646799147E-16));
#5424 = DIRECTION('',(1.,0.,0.));
#5425 = DEFINITIONAL_REPRESENTATION('',(#5426),#5431);
#5426 = B_SPLINE_CURVE_WITH_KNOTS('',3,(#5427,#5428,#5429,#5430),
  .UNSPECIFIED.,.F.,.F.,(4,4),(0.,1.),.PIECEWISE_BEZIER_KNOTS.);
#5427 = CARTESIAN_POINT('',(15.15,6.9));
#5428 = CARTESIAN_POINT('',(15.15,7.4));
#5429 = CARTESIAN_POINT('',(15.15,7.9));
#5430 = CARTESIAN_POINT('',(15.15,8.4));
#5431 = ( GEOMETRIC_REPRESENTATION_CONTEXT(2) 
PARAMETRIC_REPRESENTATION_CONTEXT() REPRESENTATION_CONTEXT('2D SPACE',''
  ) );
#5432 = ORIENTED_EDGE('',*,*,#5433,.T.);
#5433 = EDGE_CURVE('',#5403,#5434,#5436,.T.);
#5434 = VERTEX_POINT('',#5435);
#5435 = CARTESIAN_POINT('',(2.68788757529,0.129724623912,11.231900900586
    ));
#5436 = SURFACE_CURVE('',#5437,(#5442,#5450),.PCURVE_S1.);
#5437 = B_SPLINE_CURVE_WITH_KNOTS('',3,(#5438,#5439,#5440,#5441),
  .UNSPECIFIED.,.F.,.F.,(4,4),(0.,1.),.PIECEWISE_BEZIER_KNOTS.);
#5438 = CARTESIAN_POINT('',(4.48788757529,0.129724623912,11.231900900586
    ));
#5439 = CARTESIAN_POINT('',(3.88788757529,0.129774623912,11.231900900586
    ));
#5440 = CARTESIAN_POINT('',(3.28788757529,0.129774623912,11.231900900586
    ));
#5441 = CARTESIAN_POINT('',(2.68788757529,0.129724623912,11.231900900586
    ));
#5442 = PCURVE('',#2862,#5443);
#5443 = DEFINITIONAL_REPRESENTATION('',(#5444),#5449);
#5444 = B_SPLINE_CURVE_WITH_KNOTS('',3,(#5445,#5446,#5447,#5448),
  .UNSPECIFIED.,.F.,.F.,(4,4),(0.,1.),.PIECEWISE_BEZIER_KNOTS.);
#5445 = CARTESIAN_POINT('',(-15.15,8.4));
#5446 = CARTESIAN_POINT('',(-14.55,8.4));
#5447 = CARTESIAN_POINT('',(-13.95,8.4));
#5448 = CARTESIAN_POINT('',(-13.35,8.4));
#5449 = ( GEOMETRIC_REPRESENTATION_CONTEXT(2) 
PARAMETRIC_REPRESENTATION_CONTEXT() REPRESENTATION_CONTEXT('2D SPACE',''
  ) );
#5450 = PCURVE('',#5420,#5451);
#5451 = DEFINITIONAL_REPRESENTATION('',(#5452),#5457);
#5452 = B_SPLINE_CURVE_WITH_KNOTS('',3,(#5453,#5454,#5455,#5456),
  .UNSPECIFIED.,.F.,.F.,(4,4),(0.,1.),.PIECEWISE_BEZIER_KNOTS.);
#5453 = CARTESIAN_POINT('',(15.15,8.4));
#5454 = CARTESIAN_POINT('',(14.55,8.4));
#5455 = CARTESIAN_POINT('',(13.95,8.4));
#5456 = CARTESIAN_POINT('',(13.35,8.4));
#5457 = ( GEOMETRIC_REPRESENTATION_CONTEXT(2) 
PARAMETRIC_REPRESENTATION_CONTEXT() REPRESENTATION_CONTEXT('2D SPACE',''
  ) );
#5458 = ORIENTED_EDGE('',*,*,#5459,.T.);
#5459 = EDGE_CURVE('',#5434,#5460,#5462,.T.);
#5460 = VERTEX_POINT('',#5461);
#5461 = CARTESIAN_POINT('',(2.68788757529,0.129724623912,12.731900900586
    ));
#5462 = SURFACE_CURVE('',#5463,(#5468,#5476),.PCURVE_S1.);
#5463 = B_SPLINE_CURVE_WITH_KNOTS('',3,(#5464,#5465,#5466,#5467),
  .UNSPECIFIED.,.F.,.F.,(4,4),(0.,1.),.PIECEWISE_BEZIER_KNOTS.);
#5464 = CARTESIAN_POINT('',(2.68788757529,0.129724623912,11.231900900586
    ));
#5465 = CARTESIAN_POINT('',(2.68788757529,0.129774623912,11.731900900586
    ));
#5466 = CARTESIAN_POINT('',(2.68788757529,0.129774623912,12.231900900586
    ));
#5467 = CARTESIAN_POINT('',(2.68788757529,0.129724623912,12.731900900586
    ));
#5468 = PCURVE('',#2862,#5469);
#5469 = DEFINITIONAL_REPRESENTATION('',(#5470),#5475);
#5470 = B_SPLINE_CURVE_WITH_KNOTS('',3,(#5471,#5472,#5473,#5474),
  .UNSPECIFIED.,.F.,.F.,(4,4),(0.,1.),.PIECEWISE_BEZIER_KNOTS.);
#5471 = CARTESIAN_POINT('',(-13.35,8.4));
#5472 = CARTESIAN_POINT('',(-13.35,7.9));
#5473 = CARTESIAN_POINT('',(-13.35,7.4));
#5474 = CARTESIAN_POINT('',(-13.35,6.9));
#5475 = ( GEOMETRIC_REPRESENTATION_CONTEXT(2) 
PARAMETRIC_REPRESENTATION_CONTEXT() REPRESENTATION_CONTEXT('2D SPACE',''
  ) );
#5476 = PCURVE('',#5420,#5477);
#5477 = DEFINITIONAL_REPRESENTATION('',(#5478),#5483);
#5478 = B_SPLINE_CURVE_WITH_KNOTS('',3,(#5479,#5480,#5481,#5482),
  .UNSPECIFIED.,.F.,.F.,(4,4),(0.,1.),.PIECEWISE_BEZIER_KNOTS.);
#5479 = CARTESIAN_POINT('',(13.35,8.4));
#5480 = CARTESIAN_POINT('',(13.35,7.9));
#5481 = CARTESIAN_POINT('',(13.35,7.4));
#5482 = CARTESIAN_POINT('',(13.35,6.9));
#5483 = ( GEOMETRIC_REPRESENTATION_CONTEXT(2) 
PARAMETRIC_REPRESENTATION_CONTEXT() REPRESENTATION_CONTEXT('2D SPACE',''
  ) );
#5484 = ORIENTED_EDGE('',*,*,#5485,.T.);
#5485 = EDGE_CURVE('',#5460,#5401,#5486,.T.);
#5486 = SURFACE_CURVE('',#5487,(#5492,#5500),.PCURVE_S1.);
#5487 = B_SPLINE_CURVE_WITH_KNOTS('',3,(#5488,#5489,#5490,#5491),
  .UNSPECIFIED.,.F.,.F.,(4,4),(0.,1.),.PIECEWISE_BEZIER_KNOTS.);
#5488 = CARTESIAN_POINT('',(2.68788757529,0.129724623912,12.731900900586
    ));
#5489 = CARTESIAN_POINT('',(3.28788757529,0.129774623912,12.731900900586
    ));
#5490 = CARTESIAN_POINT('',(3.88788757529,0.129774623912,12.731900900586
    ));
#5491 = CARTESIAN_POINT('',(4.48788757529,0.129724623912,12.731900900586
    ));
#5492 = PCURVE('',#2862,#5493);
#5493 = DEFINITIONAL_REPRESENTATION('',(#5494),#5499);
#5494 = B_SPLINE_CURVE_WITH_KNOTS('',3,(#5495,#5496,#5497,#5498),
  .UNSPECIFIED.,.F.,.F.,(4,4),(0.,1.),.PIECEWISE_BEZIER_KNOTS.);
#5495 = CARTESIAN_POINT('',(-13.35,6.9));
#5496 = CARTESIAN_POINT('',(-13.95,6.9));
#5497 = CARTESIAN_POINT('',(-14.55,6.9));
#5498 = CARTESIAN_POINT('',(-15.15,6.9));
#5499 = ( GEOMETRIC_REPRESENTATION_CONTEXT(2) 
PARAMETRIC_REPRESENTATION_CONTEXT() REPRESENTATION_CONTEXT('2D SPACE',''
  ) );
#5500 = PCURVE('',#5420,#5501);
#5501 = DEFINITIONAL_REPRESENTATION('',(#5502),#5507);
#5502 = B_SPLINE_CURVE_WITH_KNOTS('',3,(#5503,#5504,#5505,#5506),
  .UNSPECIFIED.,.F.,.F.,(4,4),(0.,1.),.PIECEWISE_BEZIER_KNOTS.);
#5503 = CARTESIAN_POINT('',(13.35,6.9));
#5504 = CARTESIAN_POINT('',(13.95,6.9));
#5505 = CARTESIAN_POINT('',(14.55,6.9));
#5506 = CARTESIAN_POINT('',(15.15,6.9));
#5507 = ( GEOMETRIC_REPRESENTATION_CONTEXT(2) 
PARAMETRIC_REPRESENTATION_CONTEXT() REPRESENTATION_CONTEXT('2D SPACE',''
  ) );
#5508 = FACE_BOUND('',#5509,.F.);
#5509 = EDGE_LOOP('',(#5510,#5543,#5569,#5595));
#5510 = ORIENTED_EDGE('',*,*,#5511,.T.);
#5511 = EDGE_CURVE('',#5512,#5514,#5516,.T.);
#5512 = VERTEX_POINT('',#5513);
#5513 = CARTESIAN_POINT('',(4.48788757529,0.129724623912,8.931900900586)
  );
#5514 = VERTEX_POINT('',#5515);
#5515 = CARTESIAN_POINT('',(4.48788757529,0.129724623912,7.431900900586)
  );
#5516 = SURFACE_CURVE('',#5517,(#5522,#5530),.PCURVE_S1.);
#5517 = B_SPLINE_CURVE_WITH_KNOTS('',3,(#5518,#5519,#5520,#5521),
  .UNSPECIFIED.,.F.,.F.,(4,4),(0.,1.),.PIECEWISE_BEZIER_KNOTS.);
#5518 = CARTESIAN_POINT('',(4.48788757529,0.129724623912,8.931900900586)
  );
#5519 = CARTESIAN_POINT('',(4.48788757529,0.129774623912,8.431900900586)
  );
#5520 = CARTESIAN_POINT('',(4.48788757529,0.129774623912,7.931900900586)
  );
#5521 = CARTESIAN_POINT('',(4.48788757529,0.129724623912,7.431900900586)
  );
#5522 = PCURVE('',#2862,#5523);
#5523 = DEFINITIONAL_REPRESENTATION('',(#5524),#5529);
#5524 = B_SPLINE_CURVE_WITH_KNOTS('',3,(#5525,#5526,#5527,#5528),
  .UNSPECIFIED.,.F.,.F.,(4,4),(0.,1.),.PIECEWISE_BEZIER_KNOTS.);
#5525 = CARTESIAN_POINT('',(-15.15,10.7));
#5526 = CARTESIAN_POINT('',(-15.15,11.2));
#5527 = CARTESIAN_POINT('',(-15.15,11.7));
#5528 = CARTESIAN_POINT('',(-15.15,12.2));
#5529 = ( GEOMETRIC_REPRESENTATION_CONTEXT(2) 
PARAMETRIC_REPRESENTATION_CONTEXT() REPRESENTATION_CONTEXT('2D SPACE',''
  ) );
#5530 = PCURVE('',#5531,#5536);
#5531 = PLANE('',#5532);
#5532 = AXIS2_PLACEMENT_3D('',#5533,#5534,#5535);
#5533 = CARTESIAN_POINT('',(-10.66211242471,0.129774623912,
    19.631900900586));
#5534 = DIRECTION('',(0.,1.,1.224646799147E-16));
#5535 = DIRECTION('',(1.,0.,0.));
#5536 = DEFINITIONAL_REPRESENTATION('',(#5537),#5542);
#5537 = B_SPLINE_CURVE_WITH_KNOTS('',3,(#5538,#5539,#5540,#5541),
  .UNSPECIFIED.,.F.,.F.,(4,4),(0.,1.),.PIECEWISE_BEZIER_KNOTS.);
#5538 = CARTESIAN_POINT('',(15.15,10.7));
#5539 = CARTESIAN_POINT('',(15.15,11.2));
#5540 = CARTESIAN_POINT('',(15.15,11.7));
#5541 = CARTESIAN_POINT('',(15.15,12.2));
#5542 = ( GEOMETRIC_REPRESENTATION_CONTEXT(2) 
PARAMETRIC_REPRESENTATION_CONTEXT() REPRESENTATION_CONTEXT('2D SPACE',''
  ) );
#5543 = ORIENTED_EDGE('',*,*,#5544,.T.);
#5544 = EDGE_CURVE('',#5514,#5545,#5547,.T.);
#5545 = VERTEX_POINT('',#5546);
#5546 = CARTESIAN_POINT('',(2.68788757529,0.129724623912,7.431900900586)
  );
#5547 = SURFACE_CURVE('',#5548,(#5553,#5561),.PCURVE_S1.);
#5548 = B_SPLINE_CURVE_WITH_KNOTS('',3,(#5549,#5550,#5551,#5552),
  .UNSPECIFIED.,.F.,.F.,(4,4),(0.,1.),.PIECEWISE_BEZIER_KNOTS.);
#5549 = CARTESIAN_POINT('',(4.48788757529,0.129724623912,7.431900900586)
  );
#5550 = CARTESIAN_POINT('',(3.88788757529,0.129774623912,7.431900900586)
  );
#5551 = CARTESIAN_POINT('',(3.28788757529,0.129774623912,7.431900900586)
  );
#5552 = CARTESIAN_POINT('',(2.68788757529,0.129724623912,7.431900900586)
  );
#5553 = PCURVE('',#2862,#5554);
#5554 = DEFINITIONAL_REPRESENTATION('',(#5555),#5560);
#5555 = B_SPLINE_CURVE_WITH_KNOTS('',3,(#5556,#5557,#5558,#5559),
  .UNSPECIFIED.,.F.,.F.,(4,4),(0.,1.),.PIECEWISE_BEZIER_KNOTS.);
#5556 = CARTESIAN_POINT('',(-15.15,12.2));
#5557 = CARTESIAN_POINT('',(-14.55,12.2));
#5558 = CARTESIAN_POINT('',(-13.95,12.2));
#5559 = CARTESIAN_POINT('',(-13.35,12.2));
#5560 = ( GEOMETRIC_REPRESENTATION_CONTEXT(2) 
PARAMETRIC_REPRESENTATION_CONTEXT() REPRESENTATION_CONTEXT('2D SPACE',''
  ) );
#5561 = PCURVE('',#5531,#5562);
#5562 = DEFINITIONAL_REPRESENTATION('',(#5563),#5568);
#5563 = B_SPLINE_CURVE_WITH_KNOTS('',3,(#5564,#5565,#5566,#5567),
  .UNSPECIFIED.,.F.,.F.,(4,4),(0.,1.),.PIECEWISE_BEZIER_KNOTS.);
#5564 = CARTESIAN_POINT('',(15.15,12.2));
#5565 = CARTESIAN_POINT('',(14.55,12.2));
#5566 = CARTESIAN_POINT('',(13.95,12.2));
#5567 = CARTESIAN_POINT('',(13.35,12.2));
#5568 = ( GEOMETRIC_REPRESENTATION_CONTEXT(2) 
PARAMETRIC_REPRESENTATION_CONTEXT() REPRESENTATION_CONTEXT('2D SPACE',''
  ) );
#5569 = ORIENTED_EDGE('',*,*,#5570,.T.);
#5570 = EDGE_CURVE('',#5545,#5571,#5573,.T.);
#5571 = VERTEX_POINT('',#5572);
#5572 = CARTESIAN_POINT('',(2.68788757529,0.129724623912,8.931900900586)
  );
#5573 = SURFACE_CURVE('',#5574,(#5579,#5587),.PCURVE_S1.);
#5574 = B_SPLINE_CURVE_WITH_KNOTS('',3,(#5575,#5576,#5577,#5578),
  .UNSPECIFIED.,.F.,.F.,(4,4),(0.,1.),.PIECEWISE_BEZIER_KNOTS.);
#5575 = CARTESIAN_POINT('',(2.68788757529,0.129724623912,7.431900900586)
  );
#5576 = CARTESIAN_POINT('',(2.68788757529,0.129774623912,7.931900900586)
  );
#5577 = CARTESIAN_POINT('',(2.68788757529,0.129774623912,8.431900900586)
  );
#5578 = CARTESIAN_POINT('',(2.68788757529,0.129724623912,8.931900900586)
  );
#5579 = PCURVE('',#2862,#5580);
#5580 = DEFINITIONAL_REPRESENTATION('',(#5581),#5586);
#5581 = B_SPLINE_CURVE_WITH_KNOTS('',3,(#5582,#5583,#5584,#5585),
  .UNSPECIFIED.,.F.,.F.,(4,4),(0.,1.),.PIECEWISE_BEZIER_KNOTS.);
#5582 = CARTESIAN_POINT('',(-13.35,12.2));
#5583 = CARTESIAN_POINT('',(-13.35,11.7));
#5584 = CARTESIAN_POINT('',(-13.35,11.2));
#5585 = CARTESIAN_POINT('',(-13.35,10.7));
#5586 = ( GEOMETRIC_REPRESENTATION_CONTEXT(2) 
PARAMETRIC_REPRESENTATION_CONTEXT() REPRESENTATION_CONTEXT('2D SPACE',''
  ) );
#5587 = PCURVE('',#5531,#5588);
#5588 = DEFINITIONAL_REPRESENTATION('',(#5589),#5594);
#5589 = B_SPLINE_CURVE_WITH_KNOTS('',3,(#5590,#5591,#5592,#5593),
  .UNSPECIFIED.,.F.,.F.,(4,4),(0.,1.),.PIECEWISE_BEZIER_KNOTS.);
#5590 = CARTESIAN_POINT('',(13.35,12.2));
#5591 = CARTESIAN_POINT('',(13.35,11.7));
#5592 = CARTESIAN_POINT('',(13.35,11.2));
#5593 = CARTESIAN_POINT('',(13.35,10.7));
#5594 = ( GEOMETRIC_REPRESENTATION_CONTEXT(2) 
PARAMETRIC_REPRESENTATION_CONTEXT() REPRESENTATION_CONTEXT('2D SPACE',''
  ) );
#5595 = ORIENTED_EDGE('',*,*,#5596,.T.);
#5596 = EDGE_CURVE('',#5571,#5512,#5597,.T.);
#5597 = SURFACE_CURVE('',#5598,(#5603,#5611),.PCURVE_S1.);
#5598 = B_SPLINE_CURVE_WITH_KNOTS('',3,(#5599,#5600,#5601,#5602),
  .UNSPECIFIED.,.F.,.F.,(4,4),(0.,1.),.PIECEWISE_BEZIER_KNOTS.);
#5599 = CARTESIAN_POINT('',(2.68788757529,0.129724623912,8.931900900586)
  );
#5600 = CARTESIAN_POINT('',(3.28788757529,0.129774623912,8.931900900586)
  );
#5601 = CARTESIAN_POINT('',(3.88788757529,0.129774623912,8.931900900586)
  );
#5602 = CARTESIAN_POINT('',(4.48788757529,0.129724623912,8.931900900586)
  );
#5603 = PCURVE('',#2862,#5604);
#5604 = DEFINITIONAL_REPRESENTATION('',(#5605),#5610);
#5605 = B_SPLINE_CURVE_WITH_KNOTS('',3,(#5606,#5607,#5608,#5609),
  .UNSPECIFIED.,.F.,.F.,(4,4),(0.,1.),.PIECEWISE_BEZIER_KNOTS.);
#5606 = CARTESIAN_POINT('',(-13.35,10.7));
#5607 = CARTESIAN_POINT('',(-13.95,10.7));
#5608 = CARTESIAN_POINT('',(-14.55,10.7));
#5609 = CARTESIAN_POINT('',(-15.15,10.7));
#5610 = ( GEOMETRIC_REPRESENTATION_CONTEXT(2) 
PARAMETRIC_REPRESENTATION_CONTEXT() REPRESENTATION_CONTEXT('2D SPACE',''
  ) );
#5611 = PCURVE('',#5531,#5612);
#5612 = DEFINITIONAL_REPRESENTATION('',(#5613),#5618);
#5613 = B_SPLINE_CURVE_WITH_KNOTS('',3,(#5614,#5615,#5616,#5617),
  .UNSPECIFIED.,.F.,.F.,(4,4),(0.,1.),.PIECEWISE_BEZIER_KNOTS.);
#5614 = CARTESIAN_POINT('',(13.35,10.7));
#5615 = CARTESIAN_POINT('',(13.95,10.7));
#5616 = CARTESIAN_POINT('',(14.55,10.7));
#5617 = CARTESIAN_POINT('',(15.15,10.7));
#5618 = ( GEOMETRIC_REPRESENTATION_CONTEXT(2) 
PARAMETRIC_REPRESENTATION_CONTEXT() REPRESENTATION_CONTEXT('2D SPACE',''
  ) );
#5619 = FACE_BOUND('',#5620,.F.);
#5620 = EDGE_LOOP('',(#5621,#5654,#5680,#5706));
#5621 = ORIENTED_EDGE('',*,*,#5622,.T.);
#5622 = EDGE_CURVE('',#5623,#5625,#5627,.T.);
#5623 = VERTEX_POINT('',#5624);
#5624 = CARTESIAN_POINT('',(-1.86211242471,0.129724623912,6.281900900586
    ));
#5625 = VERTEX_POINT('',#5626);
#5626 = CARTESIAN_POINT('',(-0.36211242471,0.129724623912,6.281900900586
    ));
#5627 = SURFACE_CURVE('',#5628,(#5633,#5641),.PCURVE_S1.);
#5628 = B_SPLINE_CURVE_WITH_KNOTS('',3,(#5629,#5630,#5631,#5632),
  .UNSPECIFIED.,.F.,.F.,(4,4),(0.,1.),.PIECEWISE_BEZIER_KNOTS.);
#5629 = CARTESIAN_POINT('',(-1.86211242471,0.129724623912,6.281900900586
    ));
#5630 = CARTESIAN_POINT('',(-1.36211242471,0.129774623912,6.281900900586
    ));
#5631 = CARTESIAN_POINT('',(-0.86211242471,0.129774623912,6.281900900586
    ));
#5632 = CARTESIAN_POINT('',(-0.36211242471,0.129724623912,6.281900900586
    ));
#5633 = PCURVE('',#2862,#5634);
#5634 = DEFINITIONAL_REPRESENTATION('',(#5635),#5640);
#5635 = B_SPLINE_CURVE_WITH_KNOTS('',3,(#5636,#5637,#5638,#5639),
  .UNSPECIFIED.,.F.,.F.,(4,4),(0.,1.),.PIECEWISE_BEZIER_KNOTS.);
#5636 = CARTESIAN_POINT('',(-8.8,13.35));
#5637 = CARTESIAN_POINT('',(-9.3,13.35));
#5638 = CARTESIAN_POINT('',(-9.8,13.35));
#5639 = CARTESIAN_POINT('',(-10.3,13.35));
#5640 = ( GEOMETRIC_REPRESENTATION_CONTEXT(2) 
PARAMETRIC_REPRESENTATION_CONTEXT() REPRESENTATION_CONTEXT('2D SPACE',''
  ) );
#5641 = PCURVE('',#5642,#5647);
#5642 = PLANE('',#5643);
#5643 = AXIS2_PLACEMENT_3D('',#5644,#5645,#5646);
#5644 = CARTESIAN_POINT('',(-10.66211242471,0.129774623912,
    19.631900900586));
#5645 = DIRECTION('',(0.,1.,1.224646799147E-16));
#5646 = DIRECTION('',(1.,0.,0.));
#5647 = DEFINITIONAL_REPRESENTATION('',(#5648),#5653);
#5648 = B_SPLINE_CURVE_WITH_KNOTS('',3,(#5649,#5650,#5651,#5652),
  .UNSPECIFIED.,.F.,.F.,(4,4),(0.,1.),.PIECEWISE_BEZIER_KNOTS.);
#5649 = CARTESIAN_POINT('',(8.8,13.35));
#5650 = CARTESIAN_POINT('',(9.3,13.35));
#5651 = CARTESIAN_POINT('',(9.8,13.35));
#5652 = CARTESIAN_POINT('',(10.3,13.35));
#5653 = ( GEOMETRIC_REPRESENTATION_CONTEXT(2) 
PARAMETRIC_REPRESENTATION_CONTEXT() REPRESENTATION_CONTEXT('2D SPACE',''
  ) );
#5654 = ORIENTED_EDGE('',*,*,#5655,.T.);
#5655 = EDGE_CURVE('',#5625,#5656,#5658,.T.);
#5656 = VERTEX_POINT('',#5657);
#5657 = CARTESIAN_POINT('',(-0.36211242471,0.129724623912,4.481900900586
    ));
#5658 = SURFACE_CURVE('',#5659,(#5664,#5672),.PCURVE_S1.);
#5659 = B_SPLINE_CURVE_WITH_KNOTS('',3,(#5660,#5661,#5662,#5663),
  .UNSPECIFIED.,.F.,.F.,(4,4),(0.,1.),.PIECEWISE_BEZIER_KNOTS.);
#5660 = CARTESIAN_POINT('',(-0.36211242471,0.129724623912,6.281900900586
    ));
#5661 = CARTESIAN_POINT('',(-0.36211242471,0.129774623912,5.681900900586
    ));
#5662 = CARTESIAN_POINT('',(-0.36211242471,0.129774623912,5.081900900586
    ));
#5663 = CARTESIAN_POINT('',(-0.36211242471,0.129724623912,4.481900900586
    ));
#5664 = PCURVE('',#2862,#5665);
#5665 = DEFINITIONAL_REPRESENTATION('',(#5666),#5671);
#5666 = B_SPLINE_CURVE_WITH_KNOTS('',3,(#5667,#5668,#5669,#5670),
  .UNSPECIFIED.,.F.,.F.,(4,4),(0.,1.),.PIECEWISE_BEZIER_KNOTS.);
#5667 = CARTESIAN_POINT('',(-10.3,13.35));
#5668 = CARTESIAN_POINT('',(-10.3,13.95));
#5669 = CARTESIAN_POINT('',(-10.3,14.55));
#5670 = CARTESIAN_POINT('',(-10.3,15.15));
#5671 = ( GEOMETRIC_REPRESENTATION_CONTEXT(2) 
PARAMETRIC_REPRESENTATION_CONTEXT() REPRESENTATION_CONTEXT('2D SPACE',''
  ) );
#5672 = PCURVE('',#5642,#5673);
#5673 = DEFINITIONAL_REPRESENTATION('',(#5674),#5679);
#5674 = B_SPLINE_CURVE_WITH_KNOTS('',3,(#5675,#5676,#5677,#5678),
  .UNSPECIFIED.,.F.,.F.,(4,4),(0.,1.),.PIECEWISE_BEZIER_KNOTS.);
#5675 = CARTESIAN_POINT('',(10.3,13.35));
#5676 = CARTESIAN_POINT('',(10.3,13.95));
#5677 = CARTESIAN_POINT('',(10.3,14.55));
#5678 = CARTESIAN_POINT('',(10.3,15.15));
#5679 = ( GEOMETRIC_REPRESENTATION_CONTEXT(2) 
PARAMETRIC_REPRESENTATION_CONTEXT() REPRESENTATION_CONTEXT('2D SPACE',''
  ) );
#5680 = ORIENTED_EDGE('',*,*,#5681,.T.);
#5681 = EDGE_CURVE('',#5656,#5682,#5684,.T.);
#5682 = VERTEX_POINT('',#5683);
#5683 = CARTESIAN_POINT('',(-1.86211242471,0.129724623912,4.481900900586
    ));
#5684 = SURFACE_CURVE('',#5685,(#5690,#5698),.PCURVE_S1.);
#5685 = B_SPLINE_CURVE_WITH_KNOTS('',3,(#5686,#5687,#5688,#5689),
  .UNSPECIFIED.,.F.,.F.,(4,4),(0.,1.),.PIECEWISE_BEZIER_KNOTS.);
#5686 = CARTESIAN_POINT('',(-0.36211242471,0.129724623912,4.481900900586
    ));
#5687 = CARTESIAN_POINT('',(-0.86211242471,0.129774623912,4.481900900586
    ));
#5688 = CARTESIAN_POINT('',(-1.36211242471,0.129774623912,4.481900900586
    ));
#5689 = CARTESIAN_POINT('',(-1.86211242471,0.129724623912,4.481900900586
    ));
#5690 = PCURVE('',#2862,#5691);
#5691 = DEFINITIONAL_REPRESENTATION('',(#5692),#5697);
#5692 = B_SPLINE_CURVE_WITH_KNOTS('',3,(#5693,#5694,#5695,#5696),
  .UNSPECIFIED.,.F.,.F.,(4,4),(0.,1.),.PIECEWISE_BEZIER_KNOTS.);
#5693 = CARTESIAN_POINT('',(-10.3,15.15));
#5694 = CARTESIAN_POINT('',(-9.8,15.15));
#5695 = CARTESIAN_POINT('',(-9.3,15.15));
#5696 = CARTESIAN_POINT('',(-8.8,15.15));
#5697 = ( GEOMETRIC_REPRESENTATION_CONTEXT(2) 
PARAMETRIC_REPRESENTATION_CONTEXT() REPRESENTATION_CONTEXT('2D SPACE',''
  ) );
#5698 = PCURVE('',#5642,#5699);
#5699 = DEFINITIONAL_REPRESENTATION('',(#5700),#5705);
#5700 = B_SPLINE_CURVE_WITH_KNOTS('',3,(#5701,#5702,#5703,#5704),
  .UNSPECIFIED.,.F.,.F.,(4,4),(0.,1.),.PIECEWISE_BEZIER_KNOTS.);
#5701 = CARTESIAN_POINT('',(10.3,15.15));
#5702 = CARTESIAN_POINT('',(9.8,15.15));
#5703 = CARTESIAN_POINT('',(9.3,15.15));
#5704 = CARTESIAN_POINT('',(8.8,15.15));
#5705 = ( GEOMETRIC_REPRESENTATION_CONTEXT(2) 
PARAMETRIC_REPRESENTATION_CONTEXT() REPRESENTATION_CONTEXT('2D SPACE',''
  ) );
#5706 = ORIENTED_EDGE('',*,*,#5707,.T.);
#5707 = EDGE_CURVE('',#5682,#5623,#5708,.T.);
#5708 = SURFACE_CURVE('',#5709,(#5714,#5722),.PCURVE_S1.);
#5709 = B_SPLINE_CURVE_WITH_KNOTS('',3,(#5710,#5711,#5712,#5713),
  .UNSPECIFIED.,.F.,.F.,(4,4),(0.,1.),.PIECEWISE_BEZIER_KNOTS.);
#5710 = CARTESIAN_POINT('',(-1.86211242471,0.129724623912,4.481900900586
    ));
#5711 = CARTESIAN_POINT('',(-1.86211242471,0.129774623912,5.081900900586
    ));
#5712 = CARTESIAN_POINT('',(-1.86211242471,0.129774623912,5.681900900586
    ));
#5713 = CARTESIAN_POINT('',(-1.86211242471,0.129724623912,6.281900900586
    ));
#5714 = PCURVE('',#2862,#5715);
#5715 = DEFINITIONAL_REPRESENTATION('',(#5716),#5721);
#5716 = B_SPLINE_CURVE_WITH_KNOTS('',3,(#5717,#5718,#5719,#5720),
  .UNSPECIFIED.,.F.,.F.,(4,4),(0.,1.),.PIECEWISE_BEZIER_KNOTS.);
#5717 = CARTESIAN_POINT('',(-8.8,15.15));
#5718 = CARTESIAN_POINT('',(-8.8,14.55));
#5719 = CARTESIAN_POINT('',(-8.8,13.95));
#5720 = CARTESIAN_POINT('',(-8.8,13.35));
#5721 = ( GEOMETRIC_REPRESENTATION_CONTEXT(2) 
PARAMETRIC_REPRESENTATION_CONTEXT() REPRESENTATION_CONTEXT('2D SPACE',''
  ) );
#5722 = PCURVE('',#5642,#5723);
#5723 = DEFINITIONAL_REPRESENTATION('',(#5724),#5729);
#5724 = B_SPLINE_CURVE_WITH_KNOTS('',3,(#5725,#5726,#5727,#5728),
  .UNSPECIFIED.,.F.,.F.,(4,4),(0.,1.),.PIECEWISE_BEZIER_KNOTS.);
#5725 = CARTESIAN_POINT('',(8.8,15.15));
#5726 = CARTESIAN_POINT('',(8.8,14.55));
#5727 = CARTESIAN_POINT('',(8.8,13.95));
#5728 = CARTESIAN_POINT('',(8.8,13.35));
#5729 = ( GEOMETRIC_REPRESENTATION_CONTEXT(2) 
PARAMETRIC_REPRESENTATION_CONTEXT() REPRESENTATION_CONTEXT('2D SPACE',''
  ) );
#5730 = FACE_BOUND('',#5731,.F.);
#5731 = EDGE_LOOP('',(#5732,#5765,#5791,#5817));
#5732 = ORIENTED_EDGE('',*,*,#5733,.T.);
#5733 = EDGE_CURVE('',#5734,#5736,#5738,.T.);
#5734 = VERTEX_POINT('',#5735);
#5735 = CARTESIAN_POINT('',(-5.66211242471,0.129724623912,6.281900900586
    ));
#5736 = VERTEX_POINT('',#5737);
#5737 = CARTESIAN_POINT('',(-4.16211242471,0.129724623912,6.281900900586
    ));
#5738 = SURFACE_CURVE('',#5739,(#5744,#5752),.PCURVE_S1.);
#5739 = B_SPLINE_CURVE_WITH_KNOTS('',3,(#5740,#5741,#5742,#5743),
  .UNSPECIFIED.,.F.,.F.,(4,4),(0.,1.),.PIECEWISE_BEZIER_KNOTS.);
#5740 = CARTESIAN_POINT('',(-5.66211242471,0.129724623912,6.281900900586
    ));
#5741 = CARTESIAN_POINT('',(-5.16211242471,0.129774623912,6.281900900586
    ));
#5742 = CARTESIAN_POINT('',(-4.66211242471,0.129774623912,6.281900900586
    ));
#5743 = CARTESIAN_POINT('',(-4.16211242471,0.129724623912,6.281900900586
    ));
#5744 = PCURVE('',#2862,#5745);
#5745 = DEFINITIONAL_REPRESENTATION('',(#5746),#5751);
#5746 = B_SPLINE_CURVE_WITH_KNOTS('',3,(#5747,#5748,#5749,#5750),
  .UNSPECIFIED.,.F.,.F.,(4,4),(0.,1.),.PIECEWISE_BEZIER_KNOTS.);
#5747 = CARTESIAN_POINT('',(-5.,13.35));
#5748 = CARTESIAN_POINT('',(-5.5,13.35));
#5749 = CARTESIAN_POINT('',(-6.,13.35));
#5750 = CARTESIAN_POINT('',(-6.5,13.35));
#5751 = ( GEOMETRIC_REPRESENTATION_CONTEXT(2) 
PARAMETRIC_REPRESENTATION_CONTEXT() REPRESENTATION_CONTEXT('2D SPACE',''
  ) );
#5752 = PCURVE('',#5753,#5758);
#5753 = PLANE('',#5754);
#5754 = AXIS2_PLACEMENT_3D('',#5755,#5756,#5757);
#5755 = CARTESIAN_POINT('',(-10.66211242471,0.129774623912,
    19.631900900586));
#5756 = DIRECTION('',(0.,1.,1.224646799147E-16));
#5757 = DIRECTION('',(1.,0.,0.));
#5758 = DEFINITIONAL_REPRESENTATION('',(#5759),#5764);
#5759 = B_SPLINE_CURVE_WITH_KNOTS('',3,(#5760,#5761,#5762,#5763),
  .UNSPECIFIED.,.F.,.F.,(4,4),(0.,1.),.PIECEWISE_BEZIER_KNOTS.);
#5760 = CARTESIAN_POINT('',(5.,13.35));
#5761 = CARTESIAN_POINT('',(5.5,13.35));
#5762 = CARTESIAN_POINT('',(6.,13.35));
#5763 = CARTESIAN_POINT('',(6.5,13.35));
#5764 = ( GEOMETRIC_REPRESENTATION_CONTEXT(2) 
PARAMETRIC_REPRESENTATION_CONTEXT() REPRESENTATION_CONTEXT('2D SPACE',''
  ) );
#5765 = ORIENTED_EDGE('',*,*,#5766,.T.);
#5766 = EDGE_CURVE('',#5736,#5767,#5769,.T.);
#5767 = VERTEX_POINT('',#5768);
#5768 = CARTESIAN_POINT('',(-4.16211242471,0.129724623912,4.481900900586
    ));
#5769 = SURFACE_CURVE('',#5770,(#5775,#5783),.PCURVE_S1.);
#5770 = B_SPLINE_CURVE_WITH_KNOTS('',3,(#5771,#5772,#5773,#5774),
  .UNSPECIFIED.,.F.,.F.,(4,4),(0.,1.),.PIECEWISE_BEZIER_KNOTS.);
#5771 = CARTESIAN_POINT('',(-4.16211242471,0.129724623912,6.281900900586
    ));
#5772 = CARTESIAN_POINT('',(-4.16211242471,0.129774623912,5.681900900586
    ));
#5773 = CARTESIAN_POINT('',(-4.16211242471,0.129774623912,5.081900900586
    ));
#5774 = CARTESIAN_POINT('',(-4.16211242471,0.129724623912,4.481900900586
    ));
#5775 = PCURVE('',#2862,#5776);
#5776 = DEFINITIONAL_REPRESENTATION('',(#5777),#5782);
#5777 = B_SPLINE_CURVE_WITH_KNOTS('',3,(#5778,#5779,#5780,#5781),
  .UNSPECIFIED.,.F.,.F.,(4,4),(0.,1.),.PIECEWISE_BEZIER_KNOTS.);
#5778 = CARTESIAN_POINT('',(-6.5,13.35));
#5779 = CARTESIAN_POINT('',(-6.5,13.95));
#5780 = CARTESIAN_POINT('',(-6.5,14.55));
#5781 = CARTESIAN_POINT('',(-6.5,15.15));
#5782 = ( GEOMETRIC_REPRESENTATION_CONTEXT(2) 
PARAMETRIC_REPRESENTATION_CONTEXT() REPRESENTATION_CONTEXT('2D SPACE',''
  ) );
#5783 = PCURVE('',#5753,#5784);
#5784 = DEFINITIONAL_REPRESENTATION('',(#5785),#5790);
#5785 = B_SPLINE_CURVE_WITH_KNOTS('',3,(#5786,#5787,#5788,#5789),
  .UNSPECIFIED.,.F.,.F.,(4,4),(0.,1.),.PIECEWISE_BEZIER_KNOTS.);
#5786 = CARTESIAN_POINT('',(6.5,13.35));
#5787 = CARTESIAN_POINT('',(6.5,13.95));
#5788 = CARTESIAN_POINT('',(6.5,14.55));
#5789 = CARTESIAN_POINT('',(6.5,15.15));
#5790 = ( GEOMETRIC_REPRESENTATION_CONTEXT(2) 
PARAMETRIC_REPRESENTATION_CONTEXT() REPRESENTATION_CONTEXT('2D SPACE',''
  ) );
#5791 = ORIENTED_EDGE('',*,*,#5792,.T.);
#5792 = EDGE_CURVE('',#5767,#5793,#5795,.T.);
#5793 = VERTEX_POINT('',#5794);
#5794 = CARTESIAN_POINT('',(-5.66211242471,0.129724623912,4.481900900586
    ));
#5795 = SURFACE_CURVE('',#5796,(#5801,#5809),.PCURVE_S1.);
#5796 = B_SPLINE_CURVE_WITH_KNOTS('',3,(#5797,#5798,#5799,#5800),
  .UNSPECIFIED.,.F.,.F.,(4,4),(0.,1.),.PIECEWISE_BEZIER_KNOTS.);
#5797 = CARTESIAN_POINT('',(-4.16211242471,0.129724623912,4.481900900586
    ));
#5798 = CARTESIAN_POINT('',(-4.66211242471,0.129774623912,4.481900900586
    ));
#5799 = CARTESIAN_POINT('',(-5.16211242471,0.129774623912,4.481900900586
    ));
#5800 = CARTESIAN_POINT('',(-5.66211242471,0.129724623912,4.481900900586
    ));
#5801 = PCURVE('',#2862,#5802);
#5802 = DEFINITIONAL_REPRESENTATION('',(#5803),#5808);
#5803 = B_SPLINE_CURVE_WITH_KNOTS('',3,(#5804,#5805,#5806,#5807),
  .UNSPECIFIED.,.F.,.F.,(4,4),(0.,1.),.PIECEWISE_BEZIER_KNOTS.);
#5804 = CARTESIAN_POINT('',(-6.5,15.15));
#5805 = CARTESIAN_POINT('',(-6.,15.15));
#5806 = CARTESIAN_POINT('',(-5.5,15.15));
#5807 = CARTESIAN_POINT('',(-5.,15.15));
#5808 = ( GEOMETRIC_REPRESENTATION_CONTEXT(2) 
PARAMETRIC_REPRESENTATION_CONTEXT() REPRESENTATION_CONTEXT('2D SPACE',''
  ) );
#5809 = PCURVE('',#5753,#5810);
#5810 = DEFINITIONAL_REPRESENTATION('',(#5811),#5816);
#5811 = B_SPLINE_CURVE_WITH_KNOTS('',3,(#5812,#5813,#5814,#5815),
  .UNSPECIFIED.,.F.,.F.,(4,4),(0.,1.),.PIECEWISE_BEZIER_KNOTS.);
#5812 = CARTESIAN_POINT('',(6.5,15.15));
#5813 = CARTESIAN_POINT('',(6.,15.15));
#5814 = CARTESIAN_POINT('',(5.5,15.15));
#5815 = CARTESIAN_POINT('',(5.,15.15));
#5816 = ( GEOMETRIC_REPRESENTATION_CONTEXT(2) 
PARAMETRIC_REPRESENTATION_CONTEXT() REPRESENTATION_CONTEXT('2D SPACE',''
  ) );
#5817 = ORIENTED_EDGE('',*,*,#5818,.T.);
#5818 = EDGE_CURVE('',#5793,#5734,#5819,.T.);
#5819 = SURFACE_CURVE('',#5820,(#5825,#5833),.PCURVE_S1.);
#5820 = B_SPLINE_CURVE_WITH_KNOTS('',3,(#5821,#5822,#5823,#5824),
  .UNSPECIFIED.,.F.,.F.,(4,4),(0.,1.),.PIECEWISE_BEZIER_KNOTS.);
#5821 = CARTESIAN_POINT('',(-5.66211242471,0.129724623912,4.481900900586
    ));
#5822 = CARTESIAN_POINT('',(-5.66211242471,0.129774623912,5.081900900586
    ));
#5823 = CARTESIAN_POINT('',(-5.66211242471,0.129774623912,5.681900900586
    ));
#5824 = CARTESIAN_POINT('',(-5.66211242471,0.129724623912,6.281900900586
    ));
#5825 = PCURVE('',#2862,#5826);
#5826 = DEFINITIONAL_REPRESENTATION('',(#5827),#5832);
#5827 = B_SPLINE_CURVE_WITH_KNOTS('',3,(#5828,#5829,#5830,#5831),
  .UNSPECIFIED.,.F.,.F.,(4,4),(0.,1.),.PIECEWISE_BEZIER_KNOTS.);
#5828 = CARTESIAN_POINT('',(-5.,15.15));
#5829 = CARTESIAN_POINT('',(-5.,14.55));
#5830 = CARTESIAN_POINT('',(-5.,13.95));
#5831 = CARTESIAN_POINT('',(-5.,13.35));
#5832 = ( GEOMETRIC_REPRESENTATION_CONTEXT(2) 
PARAMETRIC_REPRESENTATION_CONTEXT() REPRESENTATION_CONTEXT('2D SPACE',''
  ) );
#5833 = PCURVE('',#5753,#5834);
#5834 = DEFINITIONAL_REPRESENTATION('',(#5835),#5840);
#5835 = B_SPLINE_CURVE_WITH_KNOTS('',3,(#5836,#5837,#5838,#5839),
  .UNSPECIFIED.,.F.,.F.,(4,4),(0.,1.),.PIECEWISE_BEZIER_KNOTS.);
#5836 = CARTESIAN_POINT('',(5.,15.15));
#5837 = CARTESIAN_POINT('',(5.,14.55));
#5838 = CARTESIAN_POINT('',(5.,13.95));
#5839 = CARTESIAN_POINT('',(5.,13.35));
#5840 = ( GEOMETRIC_REPRESENTATION_CONTEXT(2) 
PARAMETRIC_REPRESENTATION_CONTEXT() REPRESENTATION_CONTEXT('2D SPACE',''
  ) );
#5841 = ADVANCED_FACE('',(#5842),#3628,.T.);
#5842 = FACE_BOUND('',#5843,.T.);
#5843 = EDGE_LOOP('',(#5844,#5845,#5846,#5847));
#5844 = ORIENTED_EDGE('',*,*,#3667,.T.);
#5845 = ORIENTED_EDGE('',*,*,#3693,.T.);
#5846 = ORIENTED_EDGE('',*,*,#3608,.T.);
#5847 = ORIENTED_EDGE('',*,*,#3641,.T.);
#5848 = ADVANCED_FACE('',(#5849),#3739,.T.);
#5849 = FACE_BOUND('',#5850,.T.);
#5850 = EDGE_LOOP('',(#5851,#5852,#5853,#5854));
#5851 = ORIENTED_EDGE('',*,*,#3778,.T.);
#5852 = ORIENTED_EDGE('',*,*,#3804,.T.);
#5853 = ORIENTED_EDGE('',*,*,#3719,.T.);
#5854 = ORIENTED_EDGE('',*,*,#3752,.T.);
#5855 = ADVANCED_FACE('',(#5856),#3850,.T.);
#5856 = FACE_BOUND('',#5857,.T.);
#5857 = EDGE_LOOP('',(#5858,#5859,#5860,#5861));
#5858 = ORIENTED_EDGE('',*,*,#3889,.T.);
#5859 = ORIENTED_EDGE('',*,*,#3915,.T.);
#5860 = ORIENTED_EDGE('',*,*,#3830,.T.);
#5861 = ORIENTED_EDGE('',*,*,#3863,.T.);
#5862 = ADVANCED_FACE('',(#5863),#3961,.T.);
#5863 = FACE_BOUND('',#5864,.T.);
#5864 = EDGE_LOOP('',(#5865,#5866,#5867,#5868));
#5865 = ORIENTED_EDGE('',*,*,#4000,.T.);
#5866 = ORIENTED_EDGE('',*,*,#4026,.T.);
#5867 = ORIENTED_EDGE('',*,*,#3941,.T.);
#5868 = ORIENTED_EDGE('',*,*,#3974,.T.);
#5869 = ADVANCED_FACE('',(#5870),#4072,.T.);
#5870 = FACE_BOUND('',#5871,.T.);
#5871 = EDGE_LOOP('',(#5872,#5873,#5874,#5875));
#5872 = ORIENTED_EDGE('',*,*,#4111,.T.);
#5873 = ORIENTED_EDGE('',*,*,#4137,.T.);
#5874 = ORIENTED_EDGE('',*,*,#4052,.T.);
#5875 = ORIENTED_EDGE('',*,*,#4085,.T.);
#5876 = ADVANCED_FACE('',(#5877),#4183,.T.);
#5877 = FACE_BOUND('',#5878,.T.);
#5878 = EDGE_LOOP('',(#5879,#5880,#5881,#5882));
#5879 = ORIENTED_EDGE('',*,*,#4222,.T.);
#5880 = ORIENTED_EDGE('',*,*,#4248,.T.);
#5881 = ORIENTED_EDGE('',*,*,#4163,.T.);
#5882 = ORIENTED_EDGE('',*,*,#4196,.T.);
#5883 = ADVANCED_FACE('',(#5884),#4294,.T.);
#5884 = FACE_BOUND('',#5885,.T.);
#5885 = EDGE_LOOP('',(#5886,#5887,#5888,#5889));
#5886 = ORIENTED_EDGE('',*,*,#4333,.T.);
#5887 = ORIENTED_EDGE('',*,*,#4359,.T.);
#5888 = ORIENTED_EDGE('',*,*,#4274,.T.);
#5889 = ORIENTED_EDGE('',*,*,#4307,.T.);
#5890 = ADVANCED_FACE('',(#5891),#4405,.T.);
#5891 = FACE_BOUND('',#5892,.T.);
#5892 = EDGE_LOOP('',(#5893,#5894,#5895,#5896));
#5893 = ORIENTED_EDGE('',*,*,#4444,.T.);
#5894 = ORIENTED_EDGE('',*,*,#4470,.T.);
#5895 = ORIENTED_EDGE('',*,*,#4385,.T.);
#5896 = ORIENTED_EDGE('',*,*,#4418,.T.);
#5897 = ADVANCED_FACE('',(#5898),#4516,.T.);
#5898 = FACE_BOUND('',#5899,.T.);
#5899 = EDGE_LOOP('',(#5900,#5901,#5902,#5903));
#5900 = ORIENTED_EDGE('',*,*,#4555,.T.);
#5901 = ORIENTED_EDGE('',*,*,#4581,.T.);
#5902 = ORIENTED_EDGE('',*,*,#4496,.T.);
#5903 = ORIENTED_EDGE('',*,*,#4529,.T.);
#5904 = ADVANCED_FACE('',(#5905),#4627,.T.);
#5905 = FACE_BOUND('',#5906,.T.);
#5906 = EDGE_LOOP('',(#5907,#5908,#5909,#5910));
#5907 = ORIENTED_EDGE('',*,*,#4666,.T.);
#5908 = ORIENTED_EDGE('',*,*,#4692,.T.);
#5909 = ORIENTED_EDGE('',*,*,#4607,.T.);
#5910 = ORIENTED_EDGE('',*,*,#4640,.T.);
#5911 = ADVANCED_FACE('',(#5912),#4754,.T.);
#5912 = FACE_BOUND('',#5913,.T.);
#5913 = EDGE_LOOP('',(#5914,#5915,#5916,#5917));
#5914 = ORIENTED_EDGE('',*,*,#4793,.T.);
#5915 = ORIENTED_EDGE('',*,*,#4819,.T.);
#5916 = ORIENTED_EDGE('',*,*,#4734,.T.);
#5917 = ORIENTED_EDGE('',*,*,#4767,.T.);
#5918 = ADVANCED_FACE('',(#5919),#4865,.T.);
#5919 = FACE_BOUND('',#5920,.T.);
#5920 = EDGE_LOOP('',(#5921,#5922,#5923,#5924));
#5921 = ORIENTED_EDGE('',*,*,#4904,.T.);
#5922 = ORIENTED_EDGE('',*,*,#4930,.T.);
#5923 = ORIENTED_EDGE('',*,*,#4845,.T.);
#5924 = ORIENTED_EDGE('',*,*,#4878,.T.);
#5925 = ADVANCED_FACE('',(#5926),#4976,.T.);
#5926 = FACE_BOUND('',#5927,.T.);
#5927 = EDGE_LOOP('',(#5928,#5929,#5930,#5931));
#5928 = ORIENTED_EDGE('',*,*,#5015,.T.);
#5929 = ORIENTED_EDGE('',*,*,#5041,.T.);
#5930 = ORIENTED_EDGE('',*,*,#4956,.T.);
#5931 = ORIENTED_EDGE('',*,*,#4989,.T.);
#5932 = ADVANCED_FACE('',(#5933),#5087,.T.);
#5933 = FACE_BOUND('',#5934,.T.);
#5934 = EDGE_LOOP('',(#5935,#5936,#5937,#5938));
#5935 = ORIENTED_EDGE('',*,*,#5126,.T.);
#5936 = ORIENTED_EDGE('',*,*,#5152,.T.);
#5937 = ORIENTED_EDGE('',*,*,#5067,.T.);
#5938 = ORIENTED_EDGE('',*,*,#5100,.T.);
#5939 = ADVANCED_FACE('',(#5940),#5198,.T.);
#5940 = FACE_BOUND('',#5941,.T.);
#5941 = EDGE_LOOP('',(#5942,#5943,#5944,#5945));
#5942 = ORIENTED_EDGE('',*,*,#5237,.T.);
#5943 = ORIENTED_EDGE('',*,*,#5263,.T.);
#5944 = ORIENTED_EDGE('',*,*,#5178,.T.);
#5945 = ORIENTED_EDGE('',*,*,#5211,.T.);
#5946 = ADVANCED_FACE('',(#5947),#5309,.T.);
#5947 = FACE_BOUND('',#5948,.T.);
#5948 = EDGE_LOOP('',(#5949,#5950,#5951,#5952));
#5949 = ORIENTED_EDGE('',*,*,#5348,.T.);
#5950 = ORIENTED_EDGE('',*,*,#5374,.T.);
#5951 = ORIENTED_EDGE('',*,*,#5289,.T.);
#5952 = ORIENTED_EDGE('',*,*,#5322,.T.);
#5953 = ADVANCED_FACE('',(#5954),#5420,.T.);
#5954 = FACE_BOUND('',#5955,.T.);
#5955 = EDGE_LOOP('',(#5956,#5957,#5958,#5959));
#5956 = ORIENTED_EDGE('',*,*,#5459,.T.);
#5957 = ORIENTED_EDGE('',*,*,#5485,.T.);
#5958 = ORIENTED_EDGE('',*,*,#5400,.T.);
#5959 = ORIENTED_EDGE('',*,*,#5433,.T.);
#5960 = ADVANCED_FACE('',(#5961),#5531,.T.);
#5961 = FACE_BOUND('',#5962,.T.);
#5962 = EDGE_LOOP('',(#5963,#5964,#5965,#5966));
#5963 = ORIENTED_EDGE('',*,*,#5570,.T.);
#5964 = ORIENTED_EDGE('',*,*,#5596,.T.);
#5965 = ORIENTED_EDGE('',*,*,#5511,.T.);
#5966 = ORIENTED_EDGE('',*,*,#5544,.T.);
#5967 = ADVANCED_FACE('',(#5968),#5642,.T.);
#5968 = FACE_BOUND('',#5969,.T.);
#5969 = EDGE_LOOP('',(#5970,#5971,#5972,#5973));
#5970 = ORIENTED_EDGE('',*,*,#5681,.T.);
#5971 = ORIENTED_EDGE('',*,*,#5707,.T.);
#5972 = ORIENTED_EDGE('',*,*,#5622,.T.);
#5973 = ORIENTED_EDGE('',*,*,#5655,.T.);
#5974 = ADVANCED_FACE('',(#5975),#5753,.T.);
#5975 = FACE_BOUND('',#5976,.T.);
#5976 = EDGE_LOOP('',(#5977,#5978,#5979,#5980));
#5977 = ORIENTED_EDGE('',*,*,#5792,.T.);
#5978 = ORIENTED_EDGE('',*,*,#5818,.T.);
#5979 = ORIENTED_EDGE('',*,*,#5733,.T.);
#5980 = ORIENTED_EDGE('',*,*,#5766,.T.);
#5981 = ( GEOMETRIC_REPRESENTATION_CONTEXT(3) 
GLOBAL_UNCERTAINTY_ASSIGNED_CONTEXT((#5985)) 
GLOBAL_UNIT_ASSIGNED_CONTEXT((#5982,#5983,#5984)) REPRESENTATION_CONTEXT
('Context #1','3D Context with UNIT and UNCERTAINTY') );
#5982 = ( LENGTH_UNIT() NAMED_UNIT(*) SI_UNIT(.MILLI.,.METRE.) );
#5983 = ( NAMED_UNIT(*) PLANE_ANGLE_UNIT() SI_UNIT($,.RADIAN.) );
#5984 = ( NAMED_UNIT(*) SI_UNIT($,.STERADIAN.) SOLID_ANGLE_UNIT() );
#5985 = UNCERTAINTY_MEASURE_WITH_UNIT(LENGTH_MEASURE(1.E-04),#5982,
  'distance_accuracy_value','confusion accuracy');
#5986 = PRODUCT_RELATED_PRODUCT_CATEGORY('part',$,(#7));
ENDSEC;
END-ISO-10303-21;
