ISO-10303-21;
HEADER;
FILE_DESCRIPTION(('Open CASCADE Model'),'2;1');
FILE_NAME('Open CASCADE Shape Model','2026-08-20T21:08:34',('Author'),(
    'Open CASCADE'),'Open CASCADE STEP processor 7.9','Open CASCADE 7.9'
  ,'Unknown');
FILE_SCHEMA(('AUTOMOTIVE_DESIGN { 1 0 10303 214 1 1 1 1 }'));
ENDSEC;
DATA;
#1 = APPLICATION_PROTOCOL_DEFINITION('international standard',
  'automotive_design',2000,#2);
#2 = APPLICATION_CONTEXT(
  'core data for automotive mechanical design processes');
#3 = SHAPE_DEFINITION_REPRESENTATION(#4,#10);
#4 = PRODUCT_DEFINITION_SHAPE('','',#5);
#5 = PRODUCT_DEFINITION('design','',#6,#9);
#6 = PRODUCT_DEFINITION_FORMATION('','',#7);
#7 = PRODUCT('Open CASCADE STEP translator 7.9 4',
  'Open CASCADE STEP translator 7.9 4','',(#8));
#8 = PRODUCT_CONTEXT('',#2,'mechanical');
#9 = PRODUCT_DEFINITION_CONTEXT('part definition',#2,'design');
#10 = ADVANCED_BREP_SHAPE_REPRESENTATION('',(#11,#15),#4079);
#11 = AXIS2_PLACEMENT_3D('',#12,#13,#14);
#12 = CARTESIAN_POINT('',(0.,0.,0.));
#13 = DIRECTION('',(0.,0.,1.));
#14 = DIRECTION('',(1.,0.,-0.));
#15 = MANIFOLD_SOLID_BREP('',#16);
#16 = CLOSED_SHELL('',(#17,#142,#172,#204,#379,#455,#504,#553,#602,#651,
    #678,#1016,#1233,#1389,#1684,#1762,#1862,#1939,#2039,#2211,#2379,
    #2574,#2623,#2695,#3148,#3264,#3315,#3342,#3414,#3463,#3535,#3584,
    #3747,#3774,#3913,#3921,#3971,#4021,#4071));
#17 = ADVANCED_FACE('',(#18),#33,.T.);
#18 = FACE_BOUND('',#19,.T.);
#19 = EDGE_LOOP('',(#20,#60,#88,#121));
#20 = ORIENTED_EDGE('',*,*,#21,.T.);
#21 = EDGE_CURVE('',#22,#24,#26,.T.);
#22 = VERTEX_POINT('',#23);
#23 = CARTESIAN_POINT('',(-3.711209838357,5.408110089723,11.434845239807
    ));
#24 = VERTEX_POINT('',#25);
#25 = CARTESIAN_POINT('',(-3.711209838357,5.408110089723,12.577852054081
    ));
#26 = SURFACE_CURVE('',#27,(#32,#44),.PCURVE_S1.);
#27 = CIRCLE('',#28,0.571503407137);
#28 = AXIS2_PLACEMENT_3D('',#29,#30,#31);
#29 = CARTESIAN_POINT('',(-3.711209838357,5.408110089723,12.006348646944
    ));
#30 = DIRECTION('',(0.,-1.,0.));
#31 = DIRECTION('',(0.,0.,-1.));
#32 = PCURVE('',#33,#38);
#33 = CYLINDRICAL_SURFACE('',#34,0.571503407137);
#34 = AXIS2_PLACEMENT_3D('',#35,#36,#37);
#35 = CARTESIAN_POINT('',(-3.711209838357,5.408110089723,12.006348646944
    ));
#36 = DIRECTION('',(-0.,-1.,-0.));
#37 = DIRECTION('',(0.,0.,-1.));
#38 = DEFINITIONAL_REPRESENTATION('',(#39),#43);
#39 = LINE('',#40,#41);
#40 = CARTESIAN_POINT('',(0.,0.));
#41 = VECTOR('',#42,1.);
#42 = DIRECTION('',(1.,0.));
#43 = ( GEOMETRIC_REPRESENTATION_CONTEXT(2) 
PARAMETRIC_REPRESENTATION_CONTEXT() REPRESENTATION_CONTEXT('2D SPACE',''
  ) );
#44 = PCURVE('',#45,#50);
#45 = PLANE('',#46);
#46 = AXIS2_PLACEMENT_3D('',#47,#48,#49);
#47 = CARTESIAN_POINT('',(-3.711209838357,5.408110089723,12.006348646944
    ));
#48 = DIRECTION('',(0.,1.,0.));
#49 = DIRECTION('',(0.,0.,1.));
#50 = DEFINITIONAL_REPRESENTATION('',(#51),#59);
#51 = ( BOUNDED_CURVE() B_SPLINE_CURVE(2,(#52,#53,#54,#55,#56,#57,#58),
.UNSPECIFIED.,.T.,.F.) B_SPLINE_CURVE_WITH_KNOTS((1,2,2,2,2,1),(
    -2.094395102393,0.,2.094395102393,4.188790204786,6.28318530718,
8.377580409573),.UNSPECIFIED.) CURVE() GEOMETRIC_REPRESENTATION_ITEM() 
RATIONAL_B_SPLINE_CURVE((1.,0.5,1.,0.5,1.,0.5,1.)) REPRESENTATION_ITEM(
  '') );
#52 = CARTESIAN_POINT('',(-0.571503407137,0.));
#53 = CARTESIAN_POINT('',(-0.571503407137,0.98987293786));
#54 = CARTESIAN_POINT('',(0.285751703569,0.49493646893));
#55 = CARTESIAN_POINT('',(1.143006814274,1.399779636504E-16));
#56 = CARTESIAN_POINT('',(0.285751703569,-0.49493646893));
#57 = CARTESIAN_POINT('',(-0.571503407137,-0.98987293786));
#58 = CARTESIAN_POINT('',(-0.571503407137,0.));
#59 = ( GEOMETRIC_REPRESENTATION_CONTEXT(2) 
PARAMETRIC_REPRESENTATION_CONTEXT() REPRESENTATION_CONTEXT('2D SPACE',''
  ) );
#60 = ORIENTED_EDGE('',*,*,#61,.T.);
#61 = EDGE_CURVE('',#24,#62,#64,.T.);
#62 = VERTEX_POINT('',#63);
#63 = CARTESIAN_POINT('',(-3.711209838357,5.398110089723,12.577852054081
    ));
#64 = SURFACE_CURVE('',#65,(#69,#76),.PCURVE_S1.);
#65 = LINE('',#66,#67);
#66 = CARTESIAN_POINT('',(-3.711209838357,5.408110089723,12.577852054081
    ));
#67 = VECTOR('',#68,1.);
#68 = DIRECTION('',(-0.,-1.,-0.));
#69 = PCURVE('',#33,#70);
#70 = DEFINITIONAL_REPRESENTATION('',(#71),#75);
#71 = LINE('',#72,#73);
#72 = CARTESIAN_POINT('',(3.14159265359,0.));
#73 = VECTOR('',#74,1.);
#74 = DIRECTION('',(0.,1.));
#75 = ( GEOMETRIC_REPRESENTATION_CONTEXT(2) 
PARAMETRIC_REPRESENTATION_CONTEXT() REPRESENTATION_CONTEXT('2D SPACE',''
  ) );
#76 = PCURVE('',#77,#82);
#77 = CYLINDRICAL_SURFACE('',#78,0.571503407137);
#78 = AXIS2_PLACEMENT_3D('',#79,#80,#81);
#79 = CARTESIAN_POINT('',(-3.711209838357,5.408110089723,12.006348646944
    ));
#80 = DIRECTION('',(-0.,-1.,-0.));
#81 = DIRECTION('',(0.,0.,-1.));
#82 = DEFINITIONAL_REPRESENTATION('',(#83),#87);
#83 = LINE('',#84,#85);
#84 = CARTESIAN_POINT('',(3.14159265359,0.));
#85 = VECTOR('',#86,1.);
#86 = DIRECTION('',(0.,1.));
#87 = ( GEOMETRIC_REPRESENTATION_CONTEXT(2) 
PARAMETRIC_REPRESENTATION_CONTEXT() REPRESENTATION_CONTEXT('2D SPACE',''
  ) );
#88 = ORIENTED_EDGE('',*,*,#89,.F.);
#89 = EDGE_CURVE('',#90,#62,#92,.T.);
#90 = VERTEX_POINT('',#91);
#91 = CARTESIAN_POINT('',(-3.711209838357,5.398110089723,11.434845239807
    ));
#92 = SURFACE_CURVE('',#93,(#98,#105),.PCURVE_S1.);
#93 = CIRCLE('',#94,0.571503407137);
#94 = AXIS2_PLACEMENT_3D('',#95,#96,#97);
#95 = CARTESIAN_POINT('',(-3.711209838357,5.398110089723,12.006348646944
    ));
#96 = DIRECTION('',(0.,-1.,0.));
#97 = DIRECTION('',(0.,0.,-1.));
#98 = PCURVE('',#33,#99);
#99 = DEFINITIONAL_REPRESENTATION('',(#100),#104);
#100 = LINE('',#101,#102);
#101 = CARTESIAN_POINT('',(0.,9.999999999998E-03));
#102 = VECTOR('',#103,1.);
#103 = DIRECTION('',(1.,0.));
#104 = ( GEOMETRIC_REPRESENTATION_CONTEXT(2) 
PARAMETRIC_REPRESENTATION_CONTEXT() REPRESENTATION_CONTEXT('2D SPACE',''
  ) );
#105 = PCURVE('',#106,#111);
#106 = PLANE('',#107);
#107 = AXIS2_PLACEMENT_3D('',#108,#109,#110);
#108 = CARTESIAN_POINT('',(-2.952181875753,5.398110089723,
    12.006348646944));
#109 = DIRECTION('',(0.,1.,0.));
#110 = DIRECTION('',(0.,0.,1.));
#111 = DEFINITIONAL_REPRESENTATION('',(#112),#120);
#112 = ( BOUNDED_CURVE() B_SPLINE_CURVE(2,(#113,#114,#115,#116,#117,#118
,#119),.UNSPECIFIED.,.T.,.F.) B_SPLINE_CURVE_WITH_KNOTS((1,2,2,2,2,1),(
    -2.094395102393,0.,2.094395102393,4.188790204786,6.28318530718,
8.377580409573),.UNSPECIFIED.) CURVE() GEOMETRIC_REPRESENTATION_ITEM() 
RATIONAL_B_SPLINE_CURVE((1.,0.5,1.,0.5,1.,0.5,1.)) REPRESENTATION_ITEM(
  '') );
#113 = CARTESIAN_POINT('',(-0.571503407137,-0.759027962604));
#114 = CARTESIAN_POINT('',(-0.571503407137,0.230844975256));
#115 = CARTESIAN_POINT('',(0.285751703569,-0.264091493674));
#116 = CARTESIAN_POINT('',(1.143006814274,-0.759027962604));
#117 = CARTESIAN_POINT('',(0.285751703569,-1.253964431534));
#118 = CARTESIAN_POINT('',(-0.571503407137,-1.748900900464));
#119 = CARTESIAN_POINT('',(-0.571503407137,-0.759027962604));
#120 = ( GEOMETRIC_REPRESENTATION_CONTEXT(2) 
PARAMETRIC_REPRESENTATION_CONTEXT() REPRESENTATION_CONTEXT('2D SPACE',''
  ) );
#121 = ORIENTED_EDGE('',*,*,#122,.F.);
#122 = EDGE_CURVE('',#22,#90,#123,.T.);
#123 = SURFACE_CURVE('',#124,(#128,#135),.PCURVE_S1.);
#124 = LINE('',#125,#126);
#125 = CARTESIAN_POINT('',(-3.711209838357,5.408110089723,
    11.434845239807));
#126 = VECTOR('',#127,1.);
#127 = DIRECTION('',(-0.,-1.,-0.));
#128 = PCURVE('',#33,#129);
#129 = DEFINITIONAL_REPRESENTATION('',(#130),#134);
#130 = LINE('',#131,#132);
#131 = CARTESIAN_POINT('',(0.,0.));
#132 = VECTOR('',#133,1.);
#133 = DIRECTION('',(0.,1.));
#134 = ( GEOMETRIC_REPRESENTATION_CONTEXT(2) 
PARAMETRIC_REPRESENTATION_CONTEXT() REPRESENTATION_CONTEXT('2D SPACE',''
  ) );
#135 = PCURVE('',#77,#136);
#136 = DEFINITIONAL_REPRESENTATION('',(#137),#141);
#137 = LINE('',#138,#139);
#138 = CARTESIAN_POINT('',(6.28318530718,0.));
#139 = VECTOR('',#140,1.);
#140 = DIRECTION('',(0.,1.));
#141 = ( GEOMETRIC_REPRESENTATION_CONTEXT(2) 
PARAMETRIC_REPRESENTATION_CONTEXT() REPRESENTATION_CONTEXT('2D SPACE',''
  ) );
#142 = ADVANCED_FACE('',(#143),#45,.T.);
#143 = FACE_BOUND('',#144,.T.);
#144 = EDGE_LOOP('',(#145,#146));
#145 = ORIENTED_EDGE('',*,*,#21,.F.);
#146 = ORIENTED_EDGE('',*,*,#147,.F.);
#147 = EDGE_CURVE('',#24,#22,#148,.T.);
#148 = SURFACE_CURVE('',#149,(#154,#165),.PCURVE_S1.);
#149 = CIRCLE('',#150,0.571503407137);
#150 = AXIS2_PLACEMENT_3D('',#151,#152,#153);
#151 = CARTESIAN_POINT('',(-3.711209838357,5.408110089723,
    12.006348646944));
#152 = DIRECTION('',(0.,-1.,0.));
#153 = DIRECTION('',(0.,0.,-1.));
#154 = PCURVE('',#45,#155);
#155 = DEFINITIONAL_REPRESENTATION('',(#156),#164);
#156 = ( BOUNDED_CURVE() B_SPLINE_CURVE(2,(#157,#158,#159,#160,#161,#162
,#163),.UNSPECIFIED.,.T.,.F.) B_SPLINE_CURVE_WITH_KNOTS((1,2,2,2,2,1),(
    -2.094395102393,0.,2.094395102393,4.188790204786,6.28318530718,
8.377580409573),.UNSPECIFIED.) CURVE() GEOMETRIC_REPRESENTATION_ITEM() 
RATIONAL_B_SPLINE_CURVE((1.,0.5,1.,0.5,1.,0.5,1.)) REPRESENTATION_ITEM(
  '') );
#157 = CARTESIAN_POINT('',(-0.571503407137,0.));
#158 = CARTESIAN_POINT('',(-0.571503407137,0.98987293786));
#159 = CARTESIAN_POINT('',(0.285751703569,0.49493646893));
#160 = CARTESIAN_POINT('',(1.143006814274,1.399779636504E-16));
#161 = CARTESIAN_POINT('',(0.285751703569,-0.49493646893));
#162 = CARTESIAN_POINT('',(-0.571503407137,-0.98987293786));
#163 = CARTESIAN_POINT('',(-0.571503407137,0.));
#164 = ( GEOMETRIC_REPRESENTATION_CONTEXT(2) 
PARAMETRIC_REPRESENTATION_CONTEXT() REPRESENTATION_CONTEXT('2D SPACE',''
  ) );
#165 = PCURVE('',#77,#166);
#166 = DEFINITIONAL_REPRESENTATION('',(#167),#171);
#167 = LINE('',#168,#169);
#168 = CARTESIAN_POINT('',(0.,0.));
#169 = VECTOR('',#170,1.);
#170 = DIRECTION('',(1.,0.));
#171 = ( GEOMETRIC_REPRESENTATION_CONTEXT(2) 
PARAMETRIC_REPRESENTATION_CONTEXT() REPRESENTATION_CONTEXT('2D SPACE',''
  ) );
#172 = ADVANCED_FACE('',(#173),#77,.T.);
#173 = FACE_BOUND('',#174,.T.);
#174 = EDGE_LOOP('',(#175,#176,#177,#178));
#175 = ORIENTED_EDGE('',*,*,#61,.F.);
#176 = ORIENTED_EDGE('',*,*,#147,.T.);
#177 = ORIENTED_EDGE('',*,*,#122,.T.);
#178 = ORIENTED_EDGE('',*,*,#179,.F.);
#179 = EDGE_CURVE('',#62,#90,#180,.T.);
#180 = SURFACE_CURVE('',#181,(#186,#193),.PCURVE_S1.);
#181 = CIRCLE('',#182,0.571503407137);
#182 = AXIS2_PLACEMENT_3D('',#183,#184,#185);
#183 = CARTESIAN_POINT('',(-3.711209838357,5.398110089723,
    12.006348646944));
#184 = DIRECTION('',(0.,-1.,0.));
#185 = DIRECTION('',(0.,0.,-1.));
#186 = PCURVE('',#77,#187);
#187 = DEFINITIONAL_REPRESENTATION('',(#188),#192);
#188 = LINE('',#189,#190);
#189 = CARTESIAN_POINT('',(0.,9.999999999998E-03));
#190 = VECTOR('',#191,1.);
#191 = DIRECTION('',(1.,0.));
#192 = ( GEOMETRIC_REPRESENTATION_CONTEXT(2) 
PARAMETRIC_REPRESENTATION_CONTEXT() REPRESENTATION_CONTEXT('2D SPACE',''
  ) );
#193 = PCURVE('',#106,#194);
#194 = DEFINITIONAL_REPRESENTATION('',(#195),#203);
#195 = ( BOUNDED_CURVE() B_SPLINE_CURVE(2,(#196,#197,#198,#199,#200,#201
,#202),.UNSPECIFIED.,.T.,.F.) B_SPLINE_CURVE_WITH_KNOTS((1,2,2,2,2,1),(
    -2.094395102393,0.,2.094395102393,4.188790204786,6.28318530718,
8.377580409573),.UNSPECIFIED.) CURVE() GEOMETRIC_REPRESENTATION_ITEM() 
RATIONAL_B_SPLINE_CURVE((1.,0.5,1.,0.5,1.,0.5,1.)) REPRESENTATION_ITEM(
  '') );
#196 = CARTESIAN_POINT('',(-0.571503407137,-0.759027962604));
#197 = CARTESIAN_POINT('',(-0.571503407137,0.230844975256));
#198 = CARTESIAN_POINT('',(0.285751703569,-0.264091493674));
#199 = CARTESIAN_POINT('',(1.143006814274,-0.759027962604));
#200 = CARTESIAN_POINT('',(0.285751703569,-1.253964431534));
#201 = CARTESIAN_POINT('',(-0.571503407137,-1.748900900464));
#202 = CARTESIAN_POINT('',(-0.571503407137,-0.759027962604));
#203 = ( GEOMETRIC_REPRESENTATION_CONTEXT(2) 
PARAMETRIC_REPRESENTATION_CONTEXT() REPRESENTATION_CONTEXT('2D SPACE',''
  ) );
#204 = ADVANCED_FACE('',(#205,#209),#106,.T.);
#205 = FACE_BOUND('',#206,.T.);
#206 = EDGE_LOOP('',(#207,#208));
#207 = ORIENTED_EDGE('',*,*,#89,.T.);
#208 = ORIENTED_EDGE('',*,*,#179,.T.);
#209 = FACE_BOUND('',#210,.T.);
#210 = EDGE_LOOP('',(#211,#241,#269,#297,#325,#353));
#211 = ORIENTED_EDGE('',*,*,#212,.T.);
#212 = EDGE_CURVE('',#213,#215,#217,.T.);
#213 = VERTEX_POINT('',#214);
#214 = CARTESIAN_POINT('',(1.057402677432,5.398110089723,17.042722422339
    ));
#215 = VERTEX_POINT('',#216);
#216 = CARTESIAN_POINT('',(2.057402677432,5.398110089723,16.042722422339
    ));
#217 = SURFACE_CURVE('',#218,(#222,#229),.PCURVE_S1.);
#218 = LINE('',#219,#220);
#219 = CARTESIAN_POINT('',(2.057402677432,5.398110089723,16.042722422339
    ));
#220 = VECTOR('',#221,1.);
#221 = DIRECTION('',(0.707106781187,0.,-0.707106781187));
#222 = PCURVE('',#106,#223);
#223 = DEFINITIONAL_REPRESENTATION('',(#224),#228);
#224 = LINE('',#225,#226);
#225 = CARTESIAN_POINT('',(4.036373775395,5.009584553186));
#226 = VECTOR('',#227,1.);
#227 = DIRECTION('',(-0.707106781187,0.707106781187));
#228 = ( GEOMETRIC_REPRESENTATION_CONTEXT(2) 
PARAMETRIC_REPRESENTATION_CONTEXT() REPRESENTATION_CONTEXT('2D SPACE',''
  ) );
#229 = PCURVE('',#230,#235);
#230 = PLANE('',#231);
#231 = AXIS2_PLACEMENT_3D('',#232,#233,#234);
#232 = CARTESIAN_POINT('',(2.057402677432,5.398110089723,16.042722422339
    ));
#233 = DIRECTION('',(-0.707106781187,0.,-0.707106781187));
#234 = DIRECTION('',(-0.707106781187,0.,0.707106781187));
#235 = DEFINITIONAL_REPRESENTATION('',(#236),#240);
#236 = LINE('',#237,#238);
#237 = CARTESIAN_POINT('',(0.,0.));
#238 = VECTOR('',#239,1.);
#239 = DIRECTION('',(-1.,0.));
#240 = ( GEOMETRIC_REPRESENTATION_CONTEXT(2) 
PARAMETRIC_REPRESENTATION_CONTEXT() REPRESENTATION_CONTEXT('2D SPACE',''
  ) );
#241 = ORIENTED_EDGE('',*,*,#242,.T.);
#242 = EDGE_CURVE('',#215,#243,#245,.T.);
#243 = VERTEX_POINT('',#244);
#244 = CARTESIAN_POINT('',(2.057402677432,5.398110089723,6.969974871548)
  );
#245 = SURFACE_CURVE('',#246,(#250,#257),.PCURVE_S1.);
#246 = LINE('',#247,#248);
#247 = CARTESIAN_POINT('',(2.057402677432,5.398110089723,6.969974871548)
  );
#248 = VECTOR('',#249,1.);
#249 = DIRECTION('',(-0.,-0.,-1.));
#250 = PCURVE('',#106,#251);
#251 = DEFINITIONAL_REPRESENTATION('',(#252),#256);
#252 = LINE('',#253,#254);
#253 = CARTESIAN_POINT('',(-5.036373775395,5.009584553186));
#254 = VECTOR('',#255,1.);
#255 = DIRECTION('',(-1.,0.));
#256 = ( GEOMETRIC_REPRESENTATION_CONTEXT(2) 
PARAMETRIC_REPRESENTATION_CONTEXT() REPRESENTATION_CONTEXT('2D SPACE',''
  ) );
#257 = PCURVE('',#258,#263);
#258 = PLANE('',#259);
#259 = AXIS2_PLACEMENT_3D('',#260,#261,#262);
#260 = CARTESIAN_POINT('',(2.057402677432,5.398110089723,6.969974871548)
  );
#261 = DIRECTION('',(-1.,0.,0.));
#262 = DIRECTION('',(0.,0.,1.));
#263 = DEFINITIONAL_REPRESENTATION('',(#264),#268);
#264 = LINE('',#265,#266);
#265 = CARTESIAN_POINT('',(0.,0.));
#266 = VECTOR('',#267,1.);
#267 = DIRECTION('',(-1.,0.));
#268 = ( GEOMETRIC_REPRESENTATION_CONTEXT(2) 
PARAMETRIC_REPRESENTATION_CONTEXT() REPRESENTATION_CONTEXT('2D SPACE',''
  ) );
#269 = ORIENTED_EDGE('',*,*,#270,.T.);
#270 = EDGE_CURVE('',#243,#271,#273,.T.);
#271 = VERTEX_POINT('',#272);
#272 = CARTESIAN_POINT('',(-6.961766428939,5.398110089723,6.969974871548
    ));
#273 = SURFACE_CURVE('',#274,(#278,#285),.PCURVE_S1.);
#274 = LINE('',#275,#276);
#275 = CARTESIAN_POINT('',(-7.961766428939,5.398110089723,6.969974871548
    ));
#276 = VECTOR('',#277,1.);
#277 = DIRECTION('',(-1.,0.,0.));
#278 = PCURVE('',#106,#279);
#279 = DEFINITIONAL_REPRESENTATION('',(#280),#284);
#280 = LINE('',#281,#282);
#281 = CARTESIAN_POINT('',(-5.036373775395,-5.009584553186));
#282 = VECTOR('',#283,1.);
#283 = DIRECTION('',(0.,-1.));
#284 = ( GEOMETRIC_REPRESENTATION_CONTEXT(2) 
PARAMETRIC_REPRESENTATION_CONTEXT() REPRESENTATION_CONTEXT('2D SPACE',''
  ) );
#285 = PCURVE('',#286,#291);
#286 = PLANE('',#287);
#287 = AXIS2_PLACEMENT_3D('',#288,#289,#290);
#288 = CARTESIAN_POINT('',(-7.961766428939,5.398110089723,6.969974871548
    ));
#289 = DIRECTION('',(0.,0.,1.));
#290 = DIRECTION('',(1.,0.,0.));
#291 = DEFINITIONAL_REPRESENTATION('',(#292),#296);
#292 = LINE('',#293,#294);
#293 = CARTESIAN_POINT('',(0.,0.));
#294 = VECTOR('',#295,1.);
#295 = DIRECTION('',(-1.,0.));
#296 = ( GEOMETRIC_REPRESENTATION_CONTEXT(2) 
PARAMETRIC_REPRESENTATION_CONTEXT() REPRESENTATION_CONTEXT('2D SPACE',''
  ) );
#297 = ORIENTED_EDGE('',*,*,#298,.T.);
#298 = EDGE_CURVE('',#271,#299,#301,.T.);
#299 = VERTEX_POINT('',#300);
#300 = CARTESIAN_POINT('',(-7.961766428939,5.398110089723,7.969974871548
    ));
#301 = SURFACE_CURVE('',#302,(#306,#313),.PCURVE_S1.);
#302 = LINE('',#303,#304);
#303 = CARTESIAN_POINT('',(-7.961766428939,5.398110089723,7.969974871548
    ));
#304 = VECTOR('',#305,1.);
#305 = DIRECTION('',(-0.707106781187,0.,0.707106781187));
#306 = PCURVE('',#106,#307);
#307 = DEFINITIONAL_REPRESENTATION('',(#308),#312);
#308 = LINE('',#309,#310);
#309 = CARTESIAN_POINT('',(-4.036373775395,-5.009584553186));
#310 = VECTOR('',#311,1.);
#311 = DIRECTION('',(0.707106781187,-0.707106781187));
#312 = ( GEOMETRIC_REPRESENTATION_CONTEXT(2) 
PARAMETRIC_REPRESENTATION_CONTEXT() REPRESENTATION_CONTEXT('2D SPACE',''
  ) );
#313 = PCURVE('',#314,#319);
#314 = PLANE('',#315);
#315 = AXIS2_PLACEMENT_3D('',#316,#317,#318);
#316 = CARTESIAN_POINT('',(-7.961766428939,5.398110089723,7.969974871548
    ));
#317 = DIRECTION('',(0.707106781187,0.,0.707106781187));
#318 = DIRECTION('',(0.707106781187,0.,-0.707106781187));
#319 = DEFINITIONAL_REPRESENTATION('',(#320),#324);
#320 = LINE('',#321,#322);
#321 = CARTESIAN_POINT('',(0.,0.));
#322 = VECTOR('',#323,1.);
#323 = DIRECTION('',(-1.,0.));
#324 = ( GEOMETRIC_REPRESENTATION_CONTEXT(2) 
PARAMETRIC_REPRESENTATION_CONTEXT() REPRESENTATION_CONTEXT('2D SPACE',''
  ) );
#325 = ORIENTED_EDGE('',*,*,#326,.T.);
#326 = EDGE_CURVE('',#299,#327,#329,.T.);
#327 = VERTEX_POINT('',#328);
#328 = CARTESIAN_POINT('',(-7.961766428939,5.398110089723,
    17.042722422339));
#329 = SURFACE_CURVE('',#330,(#334,#341),.PCURVE_S1.);
#330 = LINE('',#331,#332);
#331 = CARTESIAN_POINT('',(-7.961766428939,5.398110089723,6.969974871548
    ));
#332 = VECTOR('',#333,1.);
#333 = DIRECTION('',(0.,0.,1.));
#334 = PCURVE('',#106,#335);
#335 = DEFINITIONAL_REPRESENTATION('',(#336),#340);
#336 = LINE('',#337,#338);
#337 = CARTESIAN_POINT('',(-5.036373775395,-5.009584553186));
#338 = VECTOR('',#339,1.);
#339 = DIRECTION('',(1.,-0.));
#340 = ( GEOMETRIC_REPRESENTATION_CONTEXT(2) 
PARAMETRIC_REPRESENTATION_CONTEXT() REPRESENTATION_CONTEXT('2D SPACE',''
  ) );
#341 = PCURVE('',#342,#347);
#342 = PLANE('',#343);
#343 = AXIS2_PLACEMENT_3D('',#344,#345,#346);
#344 = CARTESIAN_POINT('',(-7.961766428939,5.398110089723,6.969974871548
    ));
#345 = DIRECTION('',(1.,0.,0.));
#346 = DIRECTION('',(0.,0.,-1.));
#347 = DEFINITIONAL_REPRESENTATION('',(#348),#352);
#348 = LINE('',#349,#350);
#349 = CARTESIAN_POINT('',(0.,0.));
#350 = VECTOR('',#351,1.);
#351 = DIRECTION('',(-1.,0.));
#352 = ( GEOMETRIC_REPRESENTATION_CONTEXT(2) 
PARAMETRIC_REPRESENTATION_CONTEXT() REPRESENTATION_CONTEXT('2D SPACE',''
  ) );
#353 = ORIENTED_EDGE('',*,*,#354,.T.);
#354 = EDGE_CURVE('',#327,#213,#355,.T.);
#355 = SURFACE_CURVE('',#356,(#360,#367),.PCURVE_S1.);
#356 = LINE('',#357,#358);
#357 = CARTESIAN_POINT('',(-7.961766428939,5.398110089723,
    17.042722422339));
#358 = VECTOR('',#359,1.);
#359 = DIRECTION('',(1.,0.,0.));
#360 = PCURVE('',#106,#361);
#361 = DEFINITIONAL_REPRESENTATION('',(#362),#366);
#362 = LINE('',#363,#364);
#363 = CARTESIAN_POINT('',(5.036373775395,-5.009584553186));
#364 = VECTOR('',#365,1.);
#365 = DIRECTION('',(0.,1.));
#366 = ( GEOMETRIC_REPRESENTATION_CONTEXT(2) 
PARAMETRIC_REPRESENTATION_CONTEXT() REPRESENTATION_CONTEXT('2D SPACE',''
  ) );
#367 = PCURVE('',#368,#373);
#368 = PLANE('',#369);
#369 = AXIS2_PLACEMENT_3D('',#370,#371,#372);
#370 = CARTESIAN_POINT('',(-7.961766428939,5.398110089723,
    17.042722422339));
#371 = DIRECTION('',(0.,0.,-1.));
#372 = DIRECTION('',(-1.,0.,0.));
#373 = DEFINITIONAL_REPRESENTATION('',(#374),#378);
#374 = LINE('',#375,#376);
#375 = CARTESIAN_POINT('',(0.,0.));
#376 = VECTOR('',#377,1.);
#377 = DIRECTION('',(-1.,0.));
#378 = ( GEOMETRIC_REPRESENTATION_CONTEXT(2) 
PARAMETRIC_REPRESENTATION_CONTEXT() REPRESENTATION_CONTEXT('2D SPACE',''
  ) );
#379 = ADVANCED_FACE('',(#380),#230,.F.);
#380 = FACE_BOUND('',#381,.T.);
#381 = EDGE_LOOP('',(#382,#405,#433,#454));
#382 = ORIENTED_EDGE('',*,*,#383,.F.);
#383 = EDGE_CURVE('',#384,#213,#386,.T.);
#384 = VERTEX_POINT('',#385);
#385 = CARTESIAN_POINT('',(1.057402677432,5.348110089723,17.042722422339
    ));
#386 = SURFACE_CURVE('',#387,(#391,#398),.PCURVE_S1.);
#387 = LINE('',#388,#389);
#388 = CARTESIAN_POINT('',(1.057402677432,5.398110089723,17.042722422339
    ));
#389 = VECTOR('',#390,1.);
#390 = DIRECTION('',(0.,1.,0.));
#391 = PCURVE('',#230,#392);
#392 = DEFINITIONAL_REPRESENTATION('',(#393),#397);
#393 = LINE('',#394,#395);
#394 = CARTESIAN_POINT('',(1.414213562373,0.));
#395 = VECTOR('',#396,1.);
#396 = DIRECTION('',(0.,1.));
#397 = ( GEOMETRIC_REPRESENTATION_CONTEXT(2) 
PARAMETRIC_REPRESENTATION_CONTEXT() REPRESENTATION_CONTEXT('2D SPACE',''
  ) );
#398 = PCURVE('',#368,#399);
#399 = DEFINITIONAL_REPRESENTATION('',(#400),#404);
#400 = LINE('',#401,#402);
#401 = CARTESIAN_POINT('',(-9.019169106371,0.));
#402 = VECTOR('',#403,1.);
#403 = DIRECTION('',(0.,1.));
#404 = ( GEOMETRIC_REPRESENTATION_CONTEXT(2) 
PARAMETRIC_REPRESENTATION_CONTEXT() REPRESENTATION_CONTEXT('2D SPACE',''
  ) );
#405 = ORIENTED_EDGE('',*,*,#406,.T.);
#406 = EDGE_CURVE('',#384,#407,#409,.T.);
#407 = VERTEX_POINT('',#408);
#408 = CARTESIAN_POINT('',(2.057402677432,5.348110089723,16.042722422339
    ));
#409 = SURFACE_CURVE('',#410,(#414,#421),.PCURVE_S1.);
#410 = LINE('',#411,#412);
#411 = CARTESIAN_POINT('',(1.057402677432,5.348110089723,17.042722422339
    ));
#412 = VECTOR('',#413,1.);
#413 = DIRECTION('',(0.707106781187,0.,-0.707106781187));
#414 = PCURVE('',#230,#415);
#415 = DEFINITIONAL_REPRESENTATION('',(#416),#420);
#416 = LINE('',#417,#418);
#417 = CARTESIAN_POINT('',(1.414213562373,-5.E-02));
#418 = VECTOR('',#419,1.);
#419 = DIRECTION('',(-1.,0.));
#420 = ( GEOMETRIC_REPRESENTATION_CONTEXT(2) 
PARAMETRIC_REPRESENTATION_CONTEXT() REPRESENTATION_CONTEXT('2D SPACE',''
  ) );
#421 = PCURVE('',#422,#427);
#422 = PLANE('',#423);
#423 = AXIS2_PLACEMENT_3D('',#424,#425,#426);
#424 = CARTESIAN_POINT('',(-2.952181875753,5.348110089723,
    12.006348646944));
#425 = DIRECTION('',(0.,-1.,0.));
#426 = DIRECTION('',(0.,0.,-1.));
#427 = DEFINITIONAL_REPRESENTATION('',(#428),#432);
#428 = LINE('',#429,#430);
#429 = CARTESIAN_POINT('',(-5.036373775395,4.009584553186));
#430 = VECTOR('',#431,1.);
#431 = DIRECTION('',(0.707106781187,0.707106781187));
#432 = ( GEOMETRIC_REPRESENTATION_CONTEXT(2) 
PARAMETRIC_REPRESENTATION_CONTEXT() REPRESENTATION_CONTEXT('2D SPACE',''
  ) );
#433 = ORIENTED_EDGE('',*,*,#434,.T.);
#434 = EDGE_CURVE('',#407,#215,#435,.T.);
#435 = SURFACE_CURVE('',#436,(#440,#447),.PCURVE_S1.);
#436 = LINE('',#437,#438);
#437 = CARTESIAN_POINT('',(2.057402677432,5.398110089723,16.042722422339
    ));
#438 = VECTOR('',#439,1.);
#439 = DIRECTION('',(0.,1.,0.));
#440 = PCURVE('',#230,#441);
#441 = DEFINITIONAL_REPRESENTATION('',(#442),#446);
#442 = LINE('',#443,#444);
#443 = CARTESIAN_POINT('',(0.,0.));
#444 = VECTOR('',#445,1.);
#445 = DIRECTION('',(0.,1.));
#446 = ( GEOMETRIC_REPRESENTATION_CONTEXT(2) 
PARAMETRIC_REPRESENTATION_CONTEXT() REPRESENTATION_CONTEXT('2D SPACE',''
  ) );
#447 = PCURVE('',#258,#448);
#448 = DEFINITIONAL_REPRESENTATION('',(#449),#453);
#449 = LINE('',#450,#451);
#450 = CARTESIAN_POINT('',(9.07274755079,0.));
#451 = VECTOR('',#452,1.);
#452 = DIRECTION('',(0.,1.));
#453 = ( GEOMETRIC_REPRESENTATION_CONTEXT(2) 
PARAMETRIC_REPRESENTATION_CONTEXT() REPRESENTATION_CONTEXT('2D SPACE',''
  ) );
#454 = ORIENTED_EDGE('',*,*,#212,.F.);
#455 = ADVANCED_FACE('',(#456),#258,.F.);
#456 = FACE_BOUND('',#457,.T.);
#457 = EDGE_LOOP('',(#458,#459,#482,#503));
#458 = ORIENTED_EDGE('',*,*,#434,.F.);
#459 = ORIENTED_EDGE('',*,*,#460,.T.);
#460 = EDGE_CURVE('',#407,#461,#463,.T.);
#461 = VERTEX_POINT('',#462);
#462 = CARTESIAN_POINT('',(2.057402677432,5.348110089723,6.969974871548)
  );
#463 = SURFACE_CURVE('',#464,(#468,#475),.PCURVE_S1.);
#464 = LINE('',#465,#466);
#465 = CARTESIAN_POINT('',(2.057402677432,5.348110089723,12.006348646944
    ));
#466 = VECTOR('',#467,1.);
#467 = DIRECTION('',(0.,0.,-1.));
#468 = PCURVE('',#258,#469);
#469 = DEFINITIONAL_REPRESENTATION('',(#470),#474);
#470 = LINE('',#471,#472);
#471 = CARTESIAN_POINT('',(5.036373775395,-5.E-02));
#472 = VECTOR('',#473,1.);
#473 = DIRECTION('',(-1.,0.));
#474 = ( GEOMETRIC_REPRESENTATION_CONTEXT(2) 
PARAMETRIC_REPRESENTATION_CONTEXT() REPRESENTATION_CONTEXT('2D SPACE',''
  ) );
#475 = PCURVE('',#422,#476);
#476 = DEFINITIONAL_REPRESENTATION('',(#477),#481);
#477 = LINE('',#478,#479);
#478 = CARTESIAN_POINT('',(0.,5.009584553186));
#479 = VECTOR('',#480,1.);
#480 = DIRECTION('',(1.,0.));
#481 = ( GEOMETRIC_REPRESENTATION_CONTEXT(2) 
PARAMETRIC_REPRESENTATION_CONTEXT() REPRESENTATION_CONTEXT('2D SPACE',''
  ) );
#482 = ORIENTED_EDGE('',*,*,#483,.F.);
#483 = EDGE_CURVE('',#243,#461,#484,.T.);
#484 = SURFACE_CURVE('',#485,(#489,#496),.PCURVE_S1.);
#485 = LINE('',#486,#487);
#486 = CARTESIAN_POINT('',(2.057402677432,5.398110089723,6.969974871548)
  );
#487 = VECTOR('',#488,1.);
#488 = DIRECTION('',(0.,-1.,0.));
#489 = PCURVE('',#258,#490);
#490 = DEFINITIONAL_REPRESENTATION('',(#491),#495);
#491 = LINE('',#492,#493);
#492 = CARTESIAN_POINT('',(0.,0.));
#493 = VECTOR('',#494,1.);
#494 = DIRECTION('',(0.,-1.));
#495 = ( GEOMETRIC_REPRESENTATION_CONTEXT(2) 
PARAMETRIC_REPRESENTATION_CONTEXT() REPRESENTATION_CONTEXT('2D SPACE',''
  ) );
#496 = PCURVE('',#286,#497);
#497 = DEFINITIONAL_REPRESENTATION('',(#498),#502);
#498 = LINE('',#499,#500);
#499 = CARTESIAN_POINT('',(10.019169106371,0.));
#500 = VECTOR('',#501,1.);
#501 = DIRECTION('',(-0.,-1.));
#502 = ( GEOMETRIC_REPRESENTATION_CONTEXT(2) 
PARAMETRIC_REPRESENTATION_CONTEXT() REPRESENTATION_CONTEXT('2D SPACE',''
  ) );
#503 = ORIENTED_EDGE('',*,*,#242,.F.);
#504 = ADVANCED_FACE('',(#505),#286,.F.);
#505 = FACE_BOUND('',#506,.T.);
#506 = EDGE_LOOP('',(#507,#530,#531,#532));
#507 = ORIENTED_EDGE('',*,*,#508,.T.);
#508 = EDGE_CURVE('',#509,#271,#511,.T.);
#509 = VERTEX_POINT('',#510);
#510 = CARTESIAN_POINT('',(-6.961766428939,5.348110089723,6.969974871548
    ));
#511 = SURFACE_CURVE('',#512,(#516,#523),.PCURVE_S1.);
#512 = LINE('',#513,#514);
#513 = CARTESIAN_POINT('',(-6.961766428939,5.398110089723,6.969974871548
    ));
#514 = VECTOR('',#515,1.);
#515 = DIRECTION('',(0.,1.,0.));
#516 = PCURVE('',#286,#517);
#517 = DEFINITIONAL_REPRESENTATION('',(#518),#522);
#518 = LINE('',#519,#520);
#519 = CARTESIAN_POINT('',(1.,0.));
#520 = VECTOR('',#521,1.);
#521 = DIRECTION('',(0.,1.));
#522 = ( GEOMETRIC_REPRESENTATION_CONTEXT(2) 
PARAMETRIC_REPRESENTATION_CONTEXT() REPRESENTATION_CONTEXT('2D SPACE',''
  ) );
#523 = PCURVE('',#314,#524);
#524 = DEFINITIONAL_REPRESENTATION('',(#525),#529);
#525 = LINE('',#526,#527);
#526 = CARTESIAN_POINT('',(1.414213562373,0.));
#527 = VECTOR('',#528,1.);
#528 = DIRECTION('',(0.,1.));
#529 = ( GEOMETRIC_REPRESENTATION_CONTEXT(2) 
PARAMETRIC_REPRESENTATION_CONTEXT() REPRESENTATION_CONTEXT('2D SPACE',''
  ) );
#530 = ORIENTED_EDGE('',*,*,#270,.F.);
#531 = ORIENTED_EDGE('',*,*,#483,.T.);
#532 = ORIENTED_EDGE('',*,*,#533,.T.);
#533 = EDGE_CURVE('',#461,#509,#534,.T.);
#534 = SURFACE_CURVE('',#535,(#539,#546),.PCURVE_S1.);
#535 = LINE('',#536,#537);
#536 = CARTESIAN_POINT('',(-2.952181875753,5.348110089723,6.969974871548
    ));
#537 = VECTOR('',#538,1.);
#538 = DIRECTION('',(-1.,-0.,-0.));
#539 = PCURVE('',#286,#540);
#540 = DEFINITIONAL_REPRESENTATION('',(#541),#545);
#541 = LINE('',#542,#543);
#542 = CARTESIAN_POINT('',(5.009584553186,-5.E-02));
#543 = VECTOR('',#544,1.);
#544 = DIRECTION('',(-1.,0.));
#545 = ( GEOMETRIC_REPRESENTATION_CONTEXT(2) 
PARAMETRIC_REPRESENTATION_CONTEXT() REPRESENTATION_CONTEXT('2D SPACE',''
  ) );
#546 = PCURVE('',#422,#547);
#547 = DEFINITIONAL_REPRESENTATION('',(#548),#552);
#548 = LINE('',#549,#550);
#549 = CARTESIAN_POINT('',(5.036373775395,0.));
#550 = VECTOR('',#551,1.);
#551 = DIRECTION('',(0.,-1.));
#552 = ( GEOMETRIC_REPRESENTATION_CONTEXT(2) 
PARAMETRIC_REPRESENTATION_CONTEXT() REPRESENTATION_CONTEXT('2D SPACE',''
  ) );
#553 = ADVANCED_FACE('',(#554),#314,.F.);
#554 = FACE_BOUND('',#555,.T.);
#555 = EDGE_LOOP('',(#556,#557,#580,#601));
#556 = ORIENTED_EDGE('',*,*,#508,.F.);
#557 = ORIENTED_EDGE('',*,*,#558,.T.);
#558 = EDGE_CURVE('',#509,#559,#561,.T.);
#559 = VERTEX_POINT('',#560);
#560 = CARTESIAN_POINT('',(-7.961766428939,5.348110089723,7.969974871548
    ));
#561 = SURFACE_CURVE('',#562,(#566,#573),.PCURVE_S1.);
#562 = LINE('',#563,#564);
#563 = CARTESIAN_POINT('',(-6.961766428939,5.348110089723,6.969974871548
    ));
#564 = VECTOR('',#565,1.);
#565 = DIRECTION('',(-0.707106781187,0.,0.707106781187));
#566 = PCURVE('',#314,#567);
#567 = DEFINITIONAL_REPRESENTATION('',(#568),#572);
#568 = LINE('',#569,#570);
#569 = CARTESIAN_POINT('',(1.414213562373,-5.E-02));
#570 = VECTOR('',#571,1.);
#571 = DIRECTION('',(-1.,0.));
#572 = ( GEOMETRIC_REPRESENTATION_CONTEXT(2) 
PARAMETRIC_REPRESENTATION_CONTEXT() REPRESENTATION_CONTEXT('2D SPACE',''
  ) );
#573 = PCURVE('',#422,#574);
#574 = DEFINITIONAL_REPRESENTATION('',(#575),#579);
#575 = LINE('',#576,#577);
#576 = CARTESIAN_POINT('',(5.036373775395,-4.009584553186));
#577 = VECTOR('',#578,1.);
#578 = DIRECTION('',(-0.707106781187,-0.707106781187));
#579 = ( GEOMETRIC_REPRESENTATION_CONTEXT(2) 
PARAMETRIC_REPRESENTATION_CONTEXT() REPRESENTATION_CONTEXT('2D SPACE',''
  ) );
#580 = ORIENTED_EDGE('',*,*,#581,.T.);
#581 = EDGE_CURVE('',#559,#299,#582,.T.);
#582 = SURFACE_CURVE('',#583,(#587,#594),.PCURVE_S1.);
#583 = LINE('',#584,#585);
#584 = CARTESIAN_POINT('',(-7.961766428939,5.398110089723,7.969974871548
    ));
#585 = VECTOR('',#586,1.);
#586 = DIRECTION('',(0.,1.,0.));
#587 = PCURVE('',#314,#588);
#588 = DEFINITIONAL_REPRESENTATION('',(#589),#593);
#589 = LINE('',#590,#591);
#590 = CARTESIAN_POINT('',(0.,0.));
#591 = VECTOR('',#592,1.);
#592 = DIRECTION('',(0.,1.));
#593 = ( GEOMETRIC_REPRESENTATION_CONTEXT(2) 
PARAMETRIC_REPRESENTATION_CONTEXT() REPRESENTATION_CONTEXT('2D SPACE',''
  ) );
#594 = PCURVE('',#342,#595);
#595 = DEFINITIONAL_REPRESENTATION('',(#596),#600);
#596 = LINE('',#597,#598);
#597 = CARTESIAN_POINT('',(-1.,0.));
#598 = VECTOR('',#599,1.);
#599 = DIRECTION('',(0.,1.));
#600 = ( GEOMETRIC_REPRESENTATION_CONTEXT(2) 
PARAMETRIC_REPRESENTATION_CONTEXT() REPRESENTATION_CONTEXT('2D SPACE',''
  ) );
#601 = ORIENTED_EDGE('',*,*,#298,.F.);
#602 = ADVANCED_FACE('',(#603),#342,.F.);
#603 = FACE_BOUND('',#604,.T.);
#604 = EDGE_LOOP('',(#605,#606,#629,#650));
#605 = ORIENTED_EDGE('',*,*,#581,.F.);
#606 = ORIENTED_EDGE('',*,*,#607,.T.);
#607 = EDGE_CURVE('',#559,#608,#610,.T.);
#608 = VERTEX_POINT('',#609);
#609 = CARTESIAN_POINT('',(-7.961766428939,5.348110089723,
    17.042722422339));
#610 = SURFACE_CURVE('',#611,(#615,#622),.PCURVE_S1.);
#611 = LINE('',#612,#613);
#612 = CARTESIAN_POINT('',(-7.961766428939,5.348110089723,
    12.006348646944));
#613 = VECTOR('',#614,1.);
#614 = DIRECTION('',(0.,0.,1.));
#615 = PCURVE('',#342,#616);
#616 = DEFINITIONAL_REPRESENTATION('',(#617),#621);
#617 = LINE('',#618,#619);
#618 = CARTESIAN_POINT('',(-5.036373775395,-5.E-02));
#619 = VECTOR('',#620,1.);
#620 = DIRECTION('',(-1.,0.));
#621 = ( GEOMETRIC_REPRESENTATION_CONTEXT(2) 
PARAMETRIC_REPRESENTATION_CONTEXT() REPRESENTATION_CONTEXT('2D SPACE',''
  ) );
#622 = PCURVE('',#422,#623);
#623 = DEFINITIONAL_REPRESENTATION('',(#624),#628);
#624 = LINE('',#625,#626);
#625 = CARTESIAN_POINT('',(-0.,-5.009584553186));
#626 = VECTOR('',#627,1.);
#627 = DIRECTION('',(-1.,0.));
#628 = ( GEOMETRIC_REPRESENTATION_CONTEXT(2) 
PARAMETRIC_REPRESENTATION_CONTEXT() REPRESENTATION_CONTEXT('2D SPACE',''
  ) );
#629 = ORIENTED_EDGE('',*,*,#630,.T.);
#630 = EDGE_CURVE('',#608,#327,#631,.T.);
#631 = SURFACE_CURVE('',#632,(#636,#643),.PCURVE_S1.);
#632 = LINE('',#633,#634);
#633 = CARTESIAN_POINT('',(-7.961766428939,5.398110089723,
    17.042722422339));
#634 = VECTOR('',#635,1.);
#635 = DIRECTION('',(0.,1.,0.));
#636 = PCURVE('',#342,#637);
#637 = DEFINITIONAL_REPRESENTATION('',(#638),#642);
#638 = LINE('',#639,#640);
#639 = CARTESIAN_POINT('',(-10.07274755079,0.));
#640 = VECTOR('',#641,1.);
#641 = DIRECTION('',(0.,1.));
#642 = ( GEOMETRIC_REPRESENTATION_CONTEXT(2) 
PARAMETRIC_REPRESENTATION_CONTEXT() REPRESENTATION_CONTEXT('2D SPACE',''
  ) );
#643 = PCURVE('',#368,#644);
#644 = DEFINITIONAL_REPRESENTATION('',(#645),#649);
#645 = LINE('',#646,#647);
#646 = CARTESIAN_POINT('',(0.,0.));
#647 = VECTOR('',#648,1.);
#648 = DIRECTION('',(0.,1.));
#649 = ( GEOMETRIC_REPRESENTATION_CONTEXT(2) 
PARAMETRIC_REPRESENTATION_CONTEXT() REPRESENTATION_CONTEXT('2D SPACE',''
  ) );
#650 = ORIENTED_EDGE('',*,*,#326,.F.);
#651 = ADVANCED_FACE('',(#652),#368,.F.);
#652 = FACE_BOUND('',#653,.T.);
#653 = EDGE_LOOP('',(#654,#655,#656,#657));
#654 = ORIENTED_EDGE('',*,*,#383,.T.);
#655 = ORIENTED_EDGE('',*,*,#354,.F.);
#656 = ORIENTED_EDGE('',*,*,#630,.F.);
#657 = ORIENTED_EDGE('',*,*,#658,.T.);
#658 = EDGE_CURVE('',#608,#384,#659,.T.);
#659 = SURFACE_CURVE('',#660,(#664,#671),.PCURVE_S1.);
#660 = LINE('',#661,#662);
#661 = CARTESIAN_POINT('',(-2.952181875753,5.348110089723,
    17.042722422339));
#662 = VECTOR('',#663,1.);
#663 = DIRECTION('',(1.,0.,0.));
#664 = PCURVE('',#368,#665);
#665 = DEFINITIONAL_REPRESENTATION('',(#666),#670);
#666 = LINE('',#667,#668);
#667 = CARTESIAN_POINT('',(-5.009584553186,-5.E-02));
#668 = VECTOR('',#669,1.);
#669 = DIRECTION('',(-1.,0.));
#670 = ( GEOMETRIC_REPRESENTATION_CONTEXT(2) 
PARAMETRIC_REPRESENTATION_CONTEXT() REPRESENTATION_CONTEXT('2D SPACE',''
  ) );
#671 = PCURVE('',#422,#672);
#672 = DEFINITIONAL_REPRESENTATION('',(#673),#677);
#673 = LINE('',#674,#675);
#674 = CARTESIAN_POINT('',(-5.036373775395,0.));
#675 = VECTOR('',#676,1.);
#676 = DIRECTION('',(0.,1.));
#677 = ( GEOMETRIC_REPRESENTATION_CONTEXT(2) 
PARAMETRIC_REPRESENTATION_CONTEXT() REPRESENTATION_CONTEXT('2D SPACE',''
  ) );
#678 = ADVANCED_FACE('',(#679,#1008),#422,.F.);
#679 = FACE_BOUND('',#680,.F.);
#680 = EDGE_LOOP('',(#681,#711,#739,#767,#809,#837,#879,#907,#940,#968)
  );
#681 = ORIENTED_EDGE('',*,*,#682,.T.);
#682 = EDGE_CURVE('',#683,#685,#687,.T.);
#683 = VERTEX_POINT('',#684);
#684 = CARTESIAN_POINT('',(-8.952181875753,5.348110089723,4.606348646944
    ));
#685 = VERTEX_POINT('',#686);
#686 = CARTESIAN_POINT('',(3.506396768009,5.348110089723,4.606348646944)
  );
#687 = SURFACE_CURVE('',#688,(#692,#699),.PCURVE_S1.);
#688 = LINE('',#689,#690);
#689 = CARTESIAN_POINT('',(-2.952181875753,5.348110089723,4.606348646944
    ));
#690 = VECTOR('',#691,1.);
#691 = DIRECTION('',(1.,0.,0.));
#692 = PCURVE('',#422,#693);
#693 = DEFINITIONAL_REPRESENTATION('',(#694),#698);
#694 = LINE('',#695,#696);
#695 = CARTESIAN_POINT('',(7.4,0.));
#696 = VECTOR('',#697,1.);
#697 = DIRECTION('',(0.,1.));
#698 = ( GEOMETRIC_REPRESENTATION_CONTEXT(2) 
PARAMETRIC_REPRESENTATION_CONTEXT() REPRESENTATION_CONTEXT('2D SPACE',''
  ) );
#699 = PCURVE('',#700,#705);
#700 = CYLINDRICAL_SURFACE('',#701,0.1);
#701 = AXIS2_PLACEMENT_3D('',#702,#703,#704);
#702 = CARTESIAN_POINT('',(-2.952181875753,5.248110089723,4.606348646944
    ));
#703 = DIRECTION('',(-1.,0.,0.));
#704 = DIRECTION('',(0.,0.,1.));
#705 = DEFINITIONAL_REPRESENTATION('',(#706),#710);
#706 = LINE('',#707,#708);
#707 = CARTESIAN_POINT('',(1.570796326795,0.));
#708 = VECTOR('',#709,1.);
#709 = DIRECTION('',(0.,-1.));
#710 = ( GEOMETRIC_REPRESENTATION_CONTEXT(2) 
PARAMETRIC_REPRESENTATION_CONTEXT() REPRESENTATION_CONTEXT('2D SPACE',''
  ) );
#711 = ORIENTED_EDGE('',*,*,#712,.T.);
#712 = EDGE_CURVE('',#685,#713,#715,.T.);
#713 = VERTEX_POINT('',#714);
#714 = CARTESIAN_POINT('',(4.447818124247,5.348110089723,5.547770003181)
  );
#715 = SURFACE_CURVE('',#716,(#720,#727),.PCURVE_S1.);
#716 = LINE('',#717,#718);
#717 = CARTESIAN_POINT('',(3.506396768009,5.348110089723,4.606348646944)
  );
#718 = VECTOR('',#719,1.);
#719 = DIRECTION('',(0.707106781187,0.,0.707106781187));
#720 = PCURVE('',#422,#721);
#721 = DEFINITIONAL_REPRESENTATION('',(#722),#726);
#722 = LINE('',#723,#724);
#723 = CARTESIAN_POINT('',(7.4,6.458578643763));
#724 = VECTOR('',#725,1.);
#725 = DIRECTION('',(-0.707106781187,0.707106781187));
#726 = ( GEOMETRIC_REPRESENTATION_CONTEXT(2) 
PARAMETRIC_REPRESENTATION_CONTEXT() REPRESENTATION_CONTEXT('2D SPACE',''
  ) );
#727 = PCURVE('',#728,#733);
#728 = CYLINDRICAL_SURFACE('',#729,0.1);
#729 = AXIS2_PLACEMENT_3D('',#730,#731,#732);
#730 = CARTESIAN_POINT('',(3.977107446128,5.248110089723,5.077059325062)
  );
#731 = DIRECTION('',(-0.707106781187,0.,-0.707106781187));
#732 = DIRECTION('',(-0.707106781187,0.,0.707106781187));
#733 = DEFINITIONAL_REPRESENTATION('',(#734),#738);
#734 = LINE('',#735,#736);
#735 = CARTESIAN_POINT('',(1.570796326795,0.665685424949));
#736 = VECTOR('',#737,1.);
#737 = DIRECTION('',(0.,-1.));
#738 = ( GEOMETRIC_REPRESENTATION_CONTEXT(2) 
PARAMETRIC_REPRESENTATION_CONTEXT() REPRESENTATION_CONTEXT('2D SPACE',''
  ) );
#739 = ORIENTED_EDGE('',*,*,#740,.T.);
#740 = EDGE_CURVE('',#713,#741,#743,.T.);
#741 = VERTEX_POINT('',#742);
#742 = CARTESIAN_POINT('',(4.447818124247,5.348110089723,18.006348646944
    ));
#743 = SURFACE_CURVE('',#744,(#748,#755),.PCURVE_S1.);
#744 = LINE('',#745,#746);
#745 = CARTESIAN_POINT('',(4.447818124247,5.348110089723,12.006348646944
    ));
#746 = VECTOR('',#747,1.);
#747 = DIRECTION('',(0.,0.,1.));
#748 = PCURVE('',#422,#749);
#749 = DEFINITIONAL_REPRESENTATION('',(#750),#754);
#750 = LINE('',#751,#752);
#751 = CARTESIAN_POINT('',(0.,7.4));
#752 = VECTOR('',#753,1.);
#753 = DIRECTION('',(-1.,0.));
#754 = ( GEOMETRIC_REPRESENTATION_CONTEXT(2) 
PARAMETRIC_REPRESENTATION_CONTEXT() REPRESENTATION_CONTEXT('2D SPACE',''
  ) );
#755 = PCURVE('',#756,#761);
#756 = CYLINDRICAL_SURFACE('',#757,0.1);
#757 = AXIS2_PLACEMENT_3D('',#758,#759,#760);
#758 = CARTESIAN_POINT('',(4.447818124247,5.248110089723,12.006348646944
    ));
#759 = DIRECTION('',(0.,0.,-1.));
#760 = DIRECTION('',(-1.,0.,0.));
#761 = DEFINITIONAL_REPRESENTATION('',(#762),#766);
#762 = LINE('',#763,#764);
#763 = CARTESIAN_POINT('',(1.570796326795,0.));
#764 = VECTOR('',#765,1.);
#765 = DIRECTION('',(0.,-1.));
#766 = ( GEOMETRIC_REPRESENTATION_CONTEXT(2) 
PARAMETRIC_REPRESENTATION_CONTEXT() REPRESENTATION_CONTEXT('2D SPACE',''
  ) );
#767 = ORIENTED_EDGE('',*,*,#768,.T.);
#768 = EDGE_CURVE('',#741,#769,#771,.T.);
#769 = VERTEX_POINT('',#770);
#770 = CARTESIAN_POINT('',(3.047818124247,5.348110089723,19.406348646944
    ));
#771 = SURFACE_CURVE('',#772,(#777,#785),.PCURVE_S1.);
#772 = ( BOUNDED_CURVE() B_SPLINE_CURVE(3,(#773,#774,#775,#776),
.UNSPECIFIED.,.F.,.F.) B_SPLINE_CURVE_WITH_KNOTS((4,4),(0.,1.),
.PIECEWISE_BEZIER_KNOTS.) CURVE() GEOMETRIC_REPRESENTATION_ITEM() 
RATIONAL_B_SPLINE_CURVE((1.,0.804737854124,0.804737854124,1.)) 
REPRESENTATION_ITEM('') );
#773 = CARTESIAN_POINT('',(4.447818124247,5.348110089723,18.006348646944
    ));
#774 = CARTESIAN_POINT('',(4.447818124247,5.348110089723,18.826449659621
    ));
#775 = CARTESIAN_POINT('',(3.867919136924,5.348110089723,19.406348646944
    ));
#776 = CARTESIAN_POINT('',(3.047818124247,5.348110089723,19.406348646944
    ));
#777 = PCURVE('',#422,#778);
#778 = DEFINITIONAL_REPRESENTATION('',(#779),#784);
#779 = ( BOUNDED_CURVE() B_SPLINE_CURVE(3,(#780,#781,#782,#783),
.UNSPECIFIED.,.F.,.F.) B_SPLINE_CURVE_WITH_KNOTS((4,4),(0.,1.),
.PIECEWISE_BEZIER_KNOTS.) CURVE() GEOMETRIC_REPRESENTATION_ITEM() 
RATIONAL_B_SPLINE_CURVE((1.,0.804737854124,0.804737854124,1.)) 
REPRESENTATION_ITEM('') );
#780 = CARTESIAN_POINT('',(-6.,7.4));
#781 = CARTESIAN_POINT('',(-6.820101012678,7.4));
#782 = CARTESIAN_POINT('',(-7.4,6.820101012678));
#783 = CARTESIAN_POINT('',(-7.4,6.));
#784 = ( GEOMETRIC_REPRESENTATION_CONTEXT(2) 
PARAMETRIC_REPRESENTATION_CONTEXT() REPRESENTATION_CONTEXT('2D SPACE',''
  ) );
#785 = PCURVE('',#786,#803);
#786 = ( BOUNDED_SURFACE() B_SPLINE_SURFACE(3,3,(
    (#787,#788,#789,#790)
    ,(#791,#792,#793,#794)
    ,(#795,#796,#797,#798)
    ,(#799,#800,#801,#802
)),.UNSPECIFIED.,.F.,.F.,.F.) B_SPLINE_SURFACE_WITH_KNOTS((4,4),(4,4),(
    0.,1.),(0.,1.),.PIECEWISE_BEZIER_KNOTS.) 
GEOMETRIC_REPRESENTATION_ITEM() RATIONAL_B_SPLINE_SURFACE((
    (1.,0.804737854124,0.804737854124,1.)
    ,(0.804737854124,0.647603013861,0.647603013861,0.804737854124)
    ,(0.804737854124,0.647603013861,0.647603013861,0.804737854124)
,(1.,0.804737854124,0.804737854124,1.
))) REPRESENTATION_ITEM('') SURFACE() );
#787 = CARTESIAN_POINT('',(4.547818124247,5.248110089723,18.006348646944
    ));
#788 = CARTESIAN_POINT('',(4.547818124247,5.248110089723,18.885028303384
    ));
#789 = CARTESIAN_POINT('',(3.926497780687,5.248110089723,19.506348646944
    ));
#790 = CARTESIAN_POINT('',(3.047818124247,5.248110089723,19.506348646944
    ));
#791 = CARTESIAN_POINT('',(4.547818124247,5.306688733486,18.006348646944
    ));
#792 = CARTESIAN_POINT('',(4.547818124247,5.306688733486,18.885028303384
    ));
#793 = CARTESIAN_POINT('',(3.926497780687,5.306688733486,19.506348646944
    ));
#794 = CARTESIAN_POINT('',(3.047818124247,5.306688733486,19.506348646944
    ));
#795 = CARTESIAN_POINT('',(4.506396768009,5.348110089723,18.006348646944
    ));
#796 = CARTESIAN_POINT('',(4.506396768009,5.348110089723,18.860764234672
    ));
#797 = CARTESIAN_POINT('',(3.902233711975,5.348110089723,19.464927290706
    ));
#798 = CARTESIAN_POINT('',(3.047818124247,5.348110089723,19.464927290706
    ));
#799 = CARTESIAN_POINT('',(4.447818124247,5.348110089723,18.006348646944
    ));
#800 = CARTESIAN_POINT('',(4.447818124247,5.348110089723,18.826449659621
    ));
#801 = CARTESIAN_POINT('',(3.867919136924,5.348110089723,19.406348646944
    ));
#802 = CARTESIAN_POINT('',(3.047818124247,5.348110089723,19.406348646944
    ));
#803 = DEFINITIONAL_REPRESENTATION('',(#804),#808);
#804 = LINE('',#805,#806);
#805 = CARTESIAN_POINT('',(1.,-1.630044217421E-29));
#806 = VECTOR('',#807,1.);
#807 = DIRECTION('',(-1.765254609154E-14,1.));
#808 = ( GEOMETRIC_REPRESENTATION_CONTEXT(2) 
PARAMETRIC_REPRESENTATION_CONTEXT() REPRESENTATION_CONTEXT('2D SPACE',''
  ) );
#809 = ORIENTED_EDGE('',*,*,#810,.T.);
#810 = EDGE_CURVE('',#769,#811,#813,.T.);
#811 = VERTEX_POINT('',#812);
#812 = CARTESIAN_POINT('',(-8.952181875753,5.348110089723,
    19.406348646944));
#813 = SURFACE_CURVE('',#814,(#818,#825),.PCURVE_S1.);
#814 = LINE('',#815,#816);
#815 = CARTESIAN_POINT('',(-2.952181875753,5.348110089723,
    19.406348646944));
#816 = VECTOR('',#817,1.);
#817 = DIRECTION('',(-1.,-0.,-0.));
#818 = PCURVE('',#422,#819);
#819 = DEFINITIONAL_REPRESENTATION('',(#820),#824);
#820 = LINE('',#821,#822);
#821 = CARTESIAN_POINT('',(-7.4,0.));
#822 = VECTOR('',#823,1.);
#823 = DIRECTION('',(0.,-1.));
#824 = ( GEOMETRIC_REPRESENTATION_CONTEXT(2) 
PARAMETRIC_REPRESENTATION_CONTEXT() REPRESENTATION_CONTEXT('2D SPACE',''
  ) );
#825 = PCURVE('',#826,#831);
#826 = CYLINDRICAL_SURFACE('',#827,0.1);
#827 = AXIS2_PLACEMENT_3D('',#828,#829,#830);
#828 = CARTESIAN_POINT('',(-2.952181875753,5.248110089723,
    19.406348646944));
#829 = DIRECTION('',(1.,0.,0.));
#830 = DIRECTION('',(0.,0.,-1.));
#831 = DEFINITIONAL_REPRESENTATION('',(#832),#836);
#832 = LINE('',#833,#834);
#833 = CARTESIAN_POINT('',(1.570796326795,0.));
#834 = VECTOR('',#835,1.);
#835 = DIRECTION('',(0.,-1.));
#836 = ( GEOMETRIC_REPRESENTATION_CONTEXT(2) 
PARAMETRIC_REPRESENTATION_CONTEXT() REPRESENTATION_CONTEXT('2D SPACE',''
  ) );
#837 = ORIENTED_EDGE('',*,*,#838,.T.);
#838 = EDGE_CURVE('',#811,#839,#841,.T.);
#839 = VERTEX_POINT('',#840);
#840 = CARTESIAN_POINT('',(-10.35218187575,5.348110089723,
    18.006348646944));
#841 = SURFACE_CURVE('',#842,(#847,#855),.PCURVE_S1.);
#842 = ( BOUNDED_CURVE() B_SPLINE_CURVE(3,(#843,#844,#845,#846),
.UNSPECIFIED.,.F.,.F.) B_SPLINE_CURVE_WITH_KNOTS((4,4),(0.,1.),
.PIECEWISE_BEZIER_KNOTS.) CURVE() GEOMETRIC_REPRESENTATION_ITEM() 
RATIONAL_B_SPLINE_CURVE((1.,0.804737854124,0.804737854124,1.)) 
REPRESENTATION_ITEM('') );
#843 = CARTESIAN_POINT('',(-8.952181875753,5.348110089723,
    19.406348646944));
#844 = CARTESIAN_POINT('',(-9.772282888431,5.348110089723,
    19.406348646944));
#845 = CARTESIAN_POINT('',(-10.35218187575,5.348110089723,
    18.826449659621));
#846 = CARTESIAN_POINT('',(-10.35218187575,5.348110089723,
    18.006348646944));
#847 = PCURVE('',#422,#848);
#848 = DEFINITIONAL_REPRESENTATION('',(#849),#854);
#849 = ( BOUNDED_CURVE() B_SPLINE_CURVE(3,(#850,#851,#852,#853),
.UNSPECIFIED.,.F.,.F.) B_SPLINE_CURVE_WITH_KNOTS((4,4),(0.,1.),
.PIECEWISE_BEZIER_KNOTS.) CURVE() GEOMETRIC_REPRESENTATION_ITEM() 
RATIONAL_B_SPLINE_CURVE((1.,0.804737854124,0.804737854124,1.)) 
REPRESENTATION_ITEM('') );
#850 = CARTESIAN_POINT('',(-7.4,-6.));
#851 = CARTESIAN_POINT('',(-7.4,-6.820101012678));
#852 = CARTESIAN_POINT('',(-6.820101012678,-7.4));
#853 = CARTESIAN_POINT('',(-6.,-7.4));
#854 = ( GEOMETRIC_REPRESENTATION_CONTEXT(2) 
PARAMETRIC_REPRESENTATION_CONTEXT() REPRESENTATION_CONTEXT('2D SPACE',''
  ) );
#855 = PCURVE('',#856,#873);
#856 = ( BOUNDED_SURFACE() B_SPLINE_SURFACE(3,3,(
    (#857,#858,#859,#860)
    ,(#861,#862,#863,#864)
    ,(#865,#866,#867,#868)
    ,(#869,#870,#871,#872
)),.UNSPECIFIED.,.F.,.F.,.F.) B_SPLINE_SURFACE_WITH_KNOTS((4,4),(4,4),(
    0.,1.),(0.,1.),.PIECEWISE_BEZIER_KNOTS.) 
GEOMETRIC_REPRESENTATION_ITEM() RATIONAL_B_SPLINE_SURFACE((
    (1.,0.804737854124,0.804737854124,1.)
    ,(0.804737854124,0.647603013861,0.647603013861,0.804737854124)
    ,(0.804737854124,0.647603013861,0.647603013861,0.804737854124)
,(1.,0.804737854124,0.804737854124,1.
))) REPRESENTATION_ITEM('') SURFACE() );
#857 = CARTESIAN_POINT('',(-8.952181875753,5.248110089723,
    19.506348646944));
#858 = CARTESIAN_POINT('',(-9.830861532194,5.248110089723,
    19.506348646944));
#859 = CARTESIAN_POINT('',(-10.45218187575,5.248110089723,
    18.885028303384));
#860 = CARTESIAN_POINT('',(-10.45218187575,5.248110089723,
    18.006348646944));
#861 = CARTESIAN_POINT('',(-8.952181875753,5.306688733486,
    19.506348646944));
#862 = CARTESIAN_POINT('',(-9.830861532194,5.306688733486,
    19.506348646944));
#863 = CARTESIAN_POINT('',(-10.45218187575,5.306688733486,
    18.885028303384));
#864 = CARTESIAN_POINT('',(-10.45218187575,5.306688733486,
    18.006348646944));
#865 = CARTESIAN_POINT('',(-8.952181875753,5.348110089723,
    19.464927290706));
#866 = CARTESIAN_POINT('',(-9.806597463482,5.348110089723,
    19.464927290706));
#867 = CARTESIAN_POINT('',(-10.41076051951,5.348110089723,
    18.860764234672));
#868 = CARTESIAN_POINT('',(-10.41076051951,5.348110089723,
    18.006348646944));
#869 = CARTESIAN_POINT('',(-8.952181875753,5.348110089723,
    19.406348646944));
#870 = CARTESIAN_POINT('',(-9.772282888431,5.348110089723,
    19.406348646944));
#871 = CARTESIAN_POINT('',(-10.35218187575,5.348110089723,
    18.826449659621));
#872 = CARTESIAN_POINT('',(-10.35218187575,5.348110089723,
    18.006348646944));
#873 = DEFINITIONAL_REPRESENTATION('',(#874),#878);
#874 = LINE('',#875,#876);
#875 = CARTESIAN_POINT('',(1.,-4.226040563684E-30));
#876 = VECTOR('',#877,1.);
#877 = DIRECTION('',(-2.386979502944E-14,1.));
#878 = ( GEOMETRIC_REPRESENTATION_CONTEXT(2) 
PARAMETRIC_REPRESENTATION_CONTEXT() REPRESENTATION_CONTEXT('2D SPACE',''
  ) );
#879 = ORIENTED_EDGE('',*,*,#880,.T.);
#880 = EDGE_CURVE('',#839,#881,#883,.T.);
#881 = VERTEX_POINT('',#882);
#882 = CARTESIAN_POINT('',(-10.35218187575,5.348110089723,6.189652119395
    ));
#883 = SURFACE_CURVE('',#884,(#888,#895),.PCURVE_S1.);
#884 = LINE('',#885,#886);
#885 = CARTESIAN_POINT('',(-10.35218187575,5.348110089723,
    12.006348646944));
#886 = VECTOR('',#887,1.);
#887 = DIRECTION('',(-0.,-0.,-1.));
#888 = PCURVE('',#422,#889);
#889 = DEFINITIONAL_REPRESENTATION('',(#890),#894);
#890 = LINE('',#891,#892);
#891 = CARTESIAN_POINT('',(-0.,-7.4));
#892 = VECTOR('',#893,1.);
#893 = DIRECTION('',(1.,0.));
#894 = ( GEOMETRIC_REPRESENTATION_CONTEXT(2) 
PARAMETRIC_REPRESENTATION_CONTEXT() REPRESENTATION_CONTEXT('2D SPACE',''
  ) );
#895 = PCURVE('',#896,#901);
#896 = CYLINDRICAL_SURFACE('',#897,0.1);
#897 = AXIS2_PLACEMENT_3D('',#898,#899,#900);
#898 = CARTESIAN_POINT('',(-10.35218187575,5.248110089723,
    12.006348646944));
#899 = DIRECTION('',(0.,0.,1.));
#900 = DIRECTION('',(1.,0.,0.));
#901 = DEFINITIONAL_REPRESENTATION('',(#902),#906);
#902 = LINE('',#903,#904);
#903 = CARTESIAN_POINT('',(1.570796326795,0.));
#904 = VECTOR('',#905,1.);
#905 = DIRECTION('',(0.,-1.));
#906 = ( GEOMETRIC_REPRESENTATION_CONTEXT(2) 
PARAMETRIC_REPRESENTATION_CONTEXT() REPRESENTATION_CONTEXT('2D SPACE',''
  ) );
#907 = ORIENTED_EDGE('',*,*,#908,.T.);
#908 = EDGE_CURVE('',#881,#909,#911,.T.);
#909 = VERTEX_POINT('',#910);
#910 = CARTESIAN_POINT('',(-10.,5.348110089723,6.4));
#911 = SURFACE_CURVE('',#912,(#917,#928),.PCURVE_S1.);
#912 = CIRCLE('',#913,0.4);
#913 = AXIS2_PLACEMENT_3D('',#914,#915,#916);
#914 = CARTESIAN_POINT('',(-10.,5.348110089723,6.));
#915 = DIRECTION('',(0.,1.,0.));
#916 = DIRECTION('',(0.,-0.,1.));
#917 = PCURVE('',#422,#918);
#918 = DEFINITIONAL_REPRESENTATION('',(#919),#927);
#919 = ( BOUNDED_CURVE() B_SPLINE_CURVE(2,(#920,#921,#922,#923,#924,#925
,#926),.UNSPECIFIED.,.T.,.F.) B_SPLINE_CURVE_WITH_KNOTS((1,2,2,2,2,1),(
    -2.094395102393,0.,2.094395102393,4.188790204786,6.28318530718,
8.377580409573),.UNSPECIFIED.) CURVE() GEOMETRIC_REPRESENTATION_ITEM() 
RATIONAL_B_SPLINE_CURVE((1.,0.5,1.,0.5,1.,0.5,1.)) REPRESENTATION_ITEM(
  '') );
#920 = CARTESIAN_POINT('',(5.606348646944,-7.047818124247));
#921 = CARTESIAN_POINT('',(5.606348646944,-6.354997801219));
#922 = CARTESIAN_POINT('',(6.206348646944,-6.701407962733));
#923 = CARTESIAN_POINT('',(6.806348646944,-7.047818124247));
#924 = CARTESIAN_POINT('',(6.206348646944,-7.394228285761));
#925 = CARTESIAN_POINT('',(5.606348646944,-7.740638447274));
#926 = CARTESIAN_POINT('',(5.606348646944,-7.047818124247));
#927 = ( GEOMETRIC_REPRESENTATION_CONTEXT(2) 
PARAMETRIC_REPRESENTATION_CONTEXT() REPRESENTATION_CONTEXT('2D SPACE',''
  ) );
#928 = PCURVE('',#929,#934);
#929 = CYLINDRICAL_SURFACE('',#930,0.4);
#930 = AXIS2_PLACEMENT_3D('',#931,#932,#933);
#931 = CARTESIAN_POINT('',(-10.,0.,6.));
#932 = DIRECTION('',(0.,1.,0.));
#933 = DIRECTION('',(0.,-0.,1.));
#934 = DEFINITIONAL_REPRESENTATION('',(#935),#939);
#935 = LINE('',#936,#937);
#936 = CARTESIAN_POINT('',(0.,5.348110089723));
#937 = VECTOR('',#938,1.);
#938 = DIRECTION('',(1.,0.));
#939 = ( GEOMETRIC_REPRESENTATION_CONTEXT(2) 
PARAMETRIC_REPRESENTATION_CONTEXT() REPRESENTATION_CONTEXT('2D SPACE',''
  ) );
#940 = ORIENTED_EDGE('',*,*,#941,.T.);
#941 = EDGE_CURVE('',#909,#942,#944,.T.);
#942 = VERTEX_POINT('',#943);
#943 = CARTESIAN_POINT('',(-10.33366272981,5.348110089723,5.779389069319
    ));
#944 = SURFACE_CURVE('',#945,(#950,#961),.PCURVE_S1.);
#945 = CIRCLE('',#946,0.4);
#946 = AXIS2_PLACEMENT_3D('',#947,#948,#949);
#947 = CARTESIAN_POINT('',(-10.,5.348110089723,6.));
#948 = DIRECTION('',(0.,1.,0.));
#949 = DIRECTION('',(0.,-0.,1.));
#950 = PCURVE('',#422,#951);
#951 = DEFINITIONAL_REPRESENTATION('',(#952),#960);
#952 = ( BOUNDED_CURVE() B_SPLINE_CURVE(2,(#953,#954,#955,#956,#957,#958
,#959),.UNSPECIFIED.,.T.,.F.) B_SPLINE_CURVE_WITH_KNOTS((1,2,2,2,2,1),(
    -2.094395102393,0.,2.094395102393,4.188790204786,6.28318530718,
8.377580409573),.UNSPECIFIED.) CURVE() GEOMETRIC_REPRESENTATION_ITEM() 
RATIONAL_B_SPLINE_CURVE((1.,0.5,1.,0.5,1.,0.5,1.)) REPRESENTATION_ITEM(
  '') );
#953 = CARTESIAN_POINT('',(5.606348646944,-7.047818124247));
#954 = CARTESIAN_POINT('',(5.606348646944,-6.354997801219));
#955 = CARTESIAN_POINT('',(6.206348646944,-6.701407962733));
#956 = CARTESIAN_POINT('',(6.806348646944,-7.047818124247));
#957 = CARTESIAN_POINT('',(6.206348646944,-7.394228285761));
#958 = CARTESIAN_POINT('',(5.606348646944,-7.740638447274));
#959 = CARTESIAN_POINT('',(5.606348646944,-7.047818124247));
#960 = ( GEOMETRIC_REPRESENTATION_CONTEXT(2) 
PARAMETRIC_REPRESENTATION_CONTEXT() REPRESENTATION_CONTEXT('2D SPACE',''
  ) );
#961 = PCURVE('',#929,#962);
#962 = DEFINITIONAL_REPRESENTATION('',(#963),#967);
#963 = LINE('',#964,#965);
#964 = CARTESIAN_POINT('',(0.,5.348110089723));
#965 = VECTOR('',#966,1.);
#966 = DIRECTION('',(1.,0.));
#967 = ( GEOMETRIC_REPRESENTATION_CONTEXT(2) 
PARAMETRIC_REPRESENTATION_CONTEXT() REPRESENTATION_CONTEXT('2D SPACE',''
  ) );
#968 = ORIENTED_EDGE('',*,*,#969,.T.);
#969 = EDGE_CURVE('',#942,#683,#970,.T.);
#970 = SURFACE_CURVE('',#971,(#976,#984),.PCURVE_S1.);
#971 = ( BOUNDED_CURVE() B_SPLINE_CURVE(3,(#972,#973,#974,#975),
.UNSPECIFIED.,.F.,.F.) B_SPLINE_CURVE_WITH_KNOTS((4,4),(0.,1.),
.PIECEWISE_BEZIER_KNOTS.) CURVE() GEOMETRIC_REPRESENTATION_ITEM() 
RATIONAL_B_SPLINE_CURVE((1.,0.804737854124,0.804737854124,1.)) 
REPRESENTATION_ITEM('') );
#972 = CARTESIAN_POINT('',(-10.35218187575,5.348110089723,6.006348646944
    ));
#973 = CARTESIAN_POINT('',(-10.35218187575,5.348110089723,5.186247634266
    ));
#974 = CARTESIAN_POINT('',(-9.772282888431,5.348110089723,4.606348646944
    ));
#975 = CARTESIAN_POINT('',(-8.952181875753,5.348110089723,4.606348646944
    ));
#976 = PCURVE('',#422,#977);
#977 = DEFINITIONAL_REPRESENTATION('',(#978),#983);
#978 = ( BOUNDED_CURVE() B_SPLINE_CURVE(3,(#979,#980,#981,#982),
.UNSPECIFIED.,.F.,.F.) B_SPLINE_CURVE_WITH_KNOTS((4,4),(0.,1.),
.PIECEWISE_BEZIER_KNOTS.) CURVE() GEOMETRIC_REPRESENTATION_ITEM() 
RATIONAL_B_SPLINE_CURVE((1.,0.804737854124,0.804737854124,1.)) 
REPRESENTATION_ITEM('') );
#979 = CARTESIAN_POINT('',(6.,-7.4));
#980 = CARTESIAN_POINT('',(6.820101012678,-7.4));
#981 = CARTESIAN_POINT('',(7.4,-6.820101012678));
#982 = CARTESIAN_POINT('',(7.4,-6.));
#983 = ( GEOMETRIC_REPRESENTATION_CONTEXT(2) 
PARAMETRIC_REPRESENTATION_CONTEXT() REPRESENTATION_CONTEXT('2D SPACE',''
  ) );
#984 = PCURVE('',#985,#1002);
#985 = ( BOUNDED_SURFACE() B_SPLINE_SURFACE(3,3,(
    (#986,#987,#988,#989)
    ,(#990,#991,#992,#993)
    ,(#994,#995,#996,#997)
    ,(#998,#999,#1000,#1001
)),.UNSPECIFIED.,.F.,.F.,.F.) B_SPLINE_SURFACE_WITH_KNOTS((4,4),(4,4),(
    0.,1.),(0.,1.),.PIECEWISE_BEZIER_KNOTS.) 
GEOMETRIC_REPRESENTATION_ITEM() RATIONAL_B_SPLINE_SURFACE((
    (1.,0.804737854124,0.804737854124,1.)
    ,(0.804737854124,0.647603013861,0.647603013861,0.804737854124)
    ,(0.804737854124,0.647603013861,0.647603013861,0.804737854124)
,(1.,0.804737854124,0.804737854124,1.
))) REPRESENTATION_ITEM('') SURFACE() );
#986 = CARTESIAN_POINT('',(-10.45218187575,5.248110089723,6.006348646944
    ));
#987 = CARTESIAN_POINT('',(-10.45218187575,5.248110089723,5.127668990503
    ));
#988 = CARTESIAN_POINT('',(-9.830861532194,5.248110089723,4.506348646944
    ));
#989 = CARTESIAN_POINT('',(-8.952181875753,5.248110089723,4.506348646944
    ));
#990 = CARTESIAN_POINT('',(-10.45218187575,5.306688733486,6.006348646944
    ));
#991 = CARTESIAN_POINT('',(-10.45218187575,5.306688733486,5.127668990503
    ));
#992 = CARTESIAN_POINT('',(-9.830861532194,5.306688733486,4.506348646944
    ));
#993 = CARTESIAN_POINT('',(-8.952181875753,5.306688733486,4.506348646944
    ));
#994 = CARTESIAN_POINT('',(-10.41076051951,5.348110089723,6.006348646944
    ));
#995 = CARTESIAN_POINT('',(-10.41076051951,5.348110089723,5.151933059215
    ));
#996 = CARTESIAN_POINT('',(-9.806597463482,5.348110089723,4.547770003181
    ));
#997 = CARTESIAN_POINT('',(-8.952181875753,5.348110089723,4.547770003181
    ));
#998 = CARTESIAN_POINT('',(-10.35218187575,5.348110089723,6.006348646944
    ));
#999 = CARTESIAN_POINT('',(-10.35218187575,5.348110089723,5.186247634266
    ));
#1000 = CARTESIAN_POINT('',(-9.772282888431,5.348110089723,
    4.606348646944));
#1001 = CARTESIAN_POINT('',(-8.952181875753,5.348110089723,
    4.606348646944));
#1002 = DEFINITIONAL_REPRESENTATION('',(#1003),#1007);
#1003 = LINE('',#1004,#1005);
#1004 = CARTESIAN_POINT('',(1.,-4.485978453382E-16));
#1005 = VECTOR('',#1006,1.);
#1006 = DIRECTION('',(-5.107025913276E-15,1.));
#1007 = ( GEOMETRIC_REPRESENTATION_CONTEXT(2) 
PARAMETRIC_REPRESENTATION_CONTEXT() REPRESENTATION_CONTEXT('2D SPACE',''
  ) );
#1008 = FACE_BOUND('',#1009,.F.);
#1009 = EDGE_LOOP('',(#1010,#1011,#1012,#1013,#1014,#1015));
#1010 = ORIENTED_EDGE('',*,*,#406,.T.);
#1011 = ORIENTED_EDGE('',*,*,#460,.T.);
#1012 = ORIENTED_EDGE('',*,*,#533,.T.);
#1013 = ORIENTED_EDGE('',*,*,#558,.T.);
#1014 = ORIENTED_EDGE('',*,*,#607,.T.);
#1015 = ORIENTED_EDGE('',*,*,#658,.T.);
#1016 = ADVANCED_FACE('',(#1017),#700,.T.);
#1017 = FACE_BOUND('',#1018,.T.);
#1018 = EDGE_LOOP('',(#1019,#1065,#1066,#1134,#1207));
#1019 = ORIENTED_EDGE('',*,*,#1020,.F.);
#1020 = EDGE_CURVE('',#683,#1021,#1023,.T.);
#1021 = VERTEX_POINT('',#1022);
#1022 = CARTESIAN_POINT('',(-8.952181875753,5.248110089723,
    4.506348646944));
#1023 = SURFACE_CURVE('',#1024,(#1029,#1036),.PCURVE_S1.);
#1024 = CIRCLE('',#1025,0.1);
#1025 = AXIS2_PLACEMENT_3D('',#1026,#1027,#1028);
#1026 = CARTESIAN_POINT('',(-8.952181875753,5.248110089723,
    4.606348646944));
#1027 = DIRECTION('',(-1.,-0.,-0.));
#1028 = DIRECTION('',(0.,0.,-1.));
#1029 = PCURVE('',#700,#1030);
#1030 = DEFINITIONAL_REPRESENTATION('',(#1031),#1035);
#1031 = LINE('',#1032,#1033);
#1032 = CARTESIAN_POINT('',(-3.14159265359,6.));
#1033 = VECTOR('',#1034,1.);
#1034 = DIRECTION('',(1.,0.));
#1035 = ( GEOMETRIC_REPRESENTATION_CONTEXT(2) 
PARAMETRIC_REPRESENTATION_CONTEXT() REPRESENTATION_CONTEXT('2D SPACE',''
  ) );
#1036 = PCURVE('',#985,#1037);
#1037 = DEFINITIONAL_REPRESENTATION('',(#1038),#1064);
#1038 = B_SPLINE_CURVE_WITH_KNOTS('',3,(#1039,#1040,#1041,#1042,#1043,
    #1044,#1045,#1046,#1047,#1048,#1049,#1050,#1051,#1052,#1053,#1054,
    #1055,#1056,#1057,#1058,#1059,#1060,#1061,#1062,#1063),
  .UNSPECIFIED.,.F.,.F.,(4,1,1,1,1,1,1,1,1,1,1,1,1,1,1,1,1,1,1,1,1,1,4),
  (4.712388980385,4.783788813421,4.855188646457,4.926588479493,
    4.997988312529,5.069388145565,5.140787978601,5.212187811638,
    5.283587644674,5.35498747771,5.426387310746,5.497787143782,
    5.569186976818,5.640586809854,5.711986642891,5.783386475927,
    5.854786308963,5.926186141999,5.997585975035,6.068985808071,
    6.140385641107,6.211785474143,6.28318530718),.QUASI_UNIFORM_KNOTS.);
#1039 = CARTESIAN_POINT('',(1.,1.));
#1040 = CARTESIAN_POINT('',(0.983172198663,1.));
#1041 = CARTESIAN_POINT('',(0.950009297011,1.));
#1042 = CARTESIAN_POINT('',(0.901574474096,1.));
#1043 = CARTESIAN_POINT('',(0.854275086925,1.));
#1044 = CARTESIAN_POINT('',(0.807956362777,1.));
#1045 = CARTESIAN_POINT('',(0.762473275577,1.));
#1046 = CARTESIAN_POINT('',(0.717690577461,1.));
#1047 = CARTESIAN_POINT('',(0.673480563786,1.));
#1048 = CARTESIAN_POINT('',(0.629721689409,1.));
#1049 = CARTESIAN_POINT('',(0.586297147708,1.));
#1050 = CARTESIAN_POINT('',(0.543093605115,1.));
#1051 = CARTESIAN_POINT('',(0.5,1.));
#1052 = CARTESIAN_POINT('',(0.456906394885,1.));
#1053 = CARTESIAN_POINT('',(0.413702852292,1.));
#1054 = CARTESIAN_POINT('',(0.370278310591,1.));
#1055 = CARTESIAN_POINT('',(0.326519436214,1.));
#1056 = CARTESIAN_POINT('',(0.282309422539,1.));
#1057 = CARTESIAN_POINT('',(0.237526724423,1.));
#1058 = CARTESIAN_POINT('',(0.192043637223,1.));
#1059 = CARTESIAN_POINT('',(0.145724913075,1.));
#1060 = CARTESIAN_POINT('',(9.842552590405E-02,1.));
#1061 = CARTESIAN_POINT('',(4.999070298882E-02,1.));
#1062 = CARTESIAN_POINT('',(1.682780133706E-02,1.));
#1063 = CARTESIAN_POINT('',(0.,1.));
#1064 = ( GEOMETRIC_REPRESENTATION_CONTEXT(2) 
PARAMETRIC_REPRESENTATION_CONTEXT() REPRESENTATION_CONTEXT('2D SPACE',''
  ) );
#1065 = ORIENTED_EDGE('',*,*,#682,.T.);
#1066 = ORIENTED_EDGE('',*,*,#1067,.F.);
#1067 = EDGE_CURVE('',#1068,#685,#1070,.T.);
#1068 = VERTEX_POINT('',#1069);
#1069 = CARTESIAN_POINT('',(3.541512098245,5.301148242752,4.521572740441
    ));
#1070 = SURFACE_CURVE('',#1071,(#1076,#1105),.PCURVE_S1.);
#1071 = ( BOUNDED_CURVE() B_SPLINE_CURVE(3,(#1072,#1073,#1074,#1075),
.UNSPECIFIED.,.F.,.F.) B_SPLINE_CURVE_WITH_KNOTS((4,4),(0.55905054768,
1.570796326795),.PIECEWISE_BEZIER_KNOTS.) CURVE() 
GEOMETRIC_REPRESENTATION_ITEM() RATIONAL_B_SPLINE_CURVE((1.,
0.916501220403,0.916501220403,1.)) REPRESENTATION_ITEM('') );
#1072 = CARTESIAN_POINT('',(3.541512098245,5.301148242752,4.521572740441
    ));
#1073 = CARTESIAN_POINT('',(3.533768443407,5.331029971725,4.540267576974
    ));
#1074 = CARTESIAN_POINT('',(3.520996927322,5.348110089723,4.57110074432)
  );
#1075 = CARTESIAN_POINT('',(3.506396768009,5.348110089723,4.606348646944
    ));
#1076 = PCURVE('',#700,#1077);
#1077 = DEFINITIONAL_REPRESENTATION('',(#1078),#1104);
#1078 = B_SPLINE_CURVE_WITH_KNOTS('',3,(#1079,#1080,#1081,#1082,#1083,
    #1084,#1085,#1086,#1087,#1088,#1089,#1090,#1091,#1092,#1093,#1094,
    #1095,#1096,#1097,#1098,#1099,#1100,#1101,#1102,#1103),
  .UNSPECIFIED.,.F.,.F.,(4,1,1,1,1,1,1,1,1,1,1,1,1,1,1,1,1,1,1,1,1,1,4),
  (0.55905054768,0.605038992185,0.65102743669,0.697015881195,
    0.743004325701,0.788992770206,0.834981214711,0.880969659216,
    0.926958103722,0.972946548227,1.018934992732,1.064923437237,
    1.110911881743,1.156900326248,1.202888770753,1.248877215258,
    1.294865659764,1.340854104269,1.386842548774,1.432830993279,
    1.478819437784,1.52480788229,1.570796326795),.QUASI_UNIFORM_KNOTS.);
#1079 = CARTESIAN_POINT('',(2.58254210591,-6.493693973998));
#1080 = CARTESIAN_POINT('',(2.567858346498,-6.493371424169));
#1081 = CARTESIAN_POINT('',(2.538322809841,-6.492699769384));
#1082 = CARTESIAN_POINT('',(2.493553826039,-6.491613761159));
#1083 = CARTESIAN_POINT('',(2.448356553108,-6.490450154395));
#1084 = CARTESIAN_POINT('',(2.402771828224,-6.489210617952));
#1085 = CARTESIAN_POINT('',(2.356842539061,-6.487897318175));
#1086 = CARTESIAN_POINT('',(2.310613747196,-6.486512985012));
#1087 = CARTESIAN_POINT('',(2.264132364533,-6.485060883676));
#1088 = CARTESIAN_POINT('',(2.217446912917,-6.483544799857));
#1089 = CARTESIAN_POINT('',(2.170607228915,-6.481969009553));
#1090 = CARTESIAN_POINT('',(2.123664155671,-6.480338241632));
#1091 = CARTESIAN_POINT('',(2.076669216352,-6.478657631687));
#1092 = CARTESIAN_POINT('',(2.029674277034,-6.476932668643));
#1093 = CARTESIAN_POINT('',(1.98273120379,-6.475169135125));
#1094 = CARTESIAN_POINT('',(1.935891519788,-6.473373042982));
#1095 = CARTESIAN_POINT('',(1.889206068172,-6.471550565477));
#1096 = CARTESIAN_POINT('',(1.842724685509,-6.469707967649));
#1097 = CARTESIAN_POINT('',(1.796495893644,-6.467851536811));
#1098 = CARTESIAN_POINT('',(1.750566604481,-6.465987513527));
#1099 = CARTESIAN_POINT('',(1.704981879597,-6.464122029101));
#1100 = CARTESIAN_POINT('',(1.659784606666,-6.462261033974));
#1101 = CARTESIAN_POINT('',(1.615015622864,-6.46041028141));
#1102 = CARTESIAN_POINT('',(1.585480086207,-6.459186848007));
#1103 = CARTESIAN_POINT('',(1.570796326795,-6.458578643763));
#1104 = ( GEOMETRIC_REPRESENTATION_CONTEXT(2) 
PARAMETRIC_REPRESENTATION_CONTEXT() REPRESENTATION_CONTEXT('2D SPACE',''
  ) );
#1105 = PCURVE('',#728,#1106);
#1106 = DEFINITIONAL_REPRESENTATION('',(#1107),#1133);
#1107 = B_SPLINE_CURVE_WITH_KNOTS('',3,(#1108,#1109,#1110,#1111,#1112,
    #1113,#1114,#1115,#1116,#1117,#1118,#1119,#1120,#1121,#1122,#1123,
    #1124,#1125,#1126,#1127,#1128,#1129,#1130,#1131,#1132),
  .UNSPECIFIED.,.F.,.F.,(4,1,1,1,1,1,1,1,1,1,1,1,1,1,1,1,1,1,1,1,1,1,4),
  (0.55905054768,0.605038992185,0.65102743669,0.697015881195,
    0.743004325701,0.788992770206,0.834981214711,0.880969659216,
    0.926958103722,0.972946548227,1.018934992732,1.064923437237,
    1.110911881743,1.156900326248,1.202888770753,1.248877215258,
    1.294865659764,1.340854104269,1.386842548774,1.432830993279,
    1.478819437784,1.52480788229,1.570796326795),.QUASI_UNIFORM_KNOTS.);
#1108 = CARTESIAN_POINT('',(2.58254210591,0.700800755185));
#1109 = CARTESIAN_POINT('',(2.567858346498,0.700478205355));
#1110 = CARTESIAN_POINT('',(2.538322809841,0.699806550571));
#1111 = CARTESIAN_POINT('',(2.493553826039,0.698720542345));
#1112 = CARTESIAN_POINT('',(2.448356553108,0.697556935581));
#1113 = CARTESIAN_POINT('',(2.402771828224,0.696317399139));
#1114 = CARTESIAN_POINT('',(2.356842539061,0.695004099361));
#1115 = CARTESIAN_POINT('',(2.310613747196,0.693619766198));
#1116 = CARTESIAN_POINT('',(2.264132364533,0.692167664863));
#1117 = CARTESIAN_POINT('',(2.217446912917,0.690651581044));
#1118 = CARTESIAN_POINT('',(2.170607228915,0.68907579074));
#1119 = CARTESIAN_POINT('',(2.123664155671,0.687445022819));
#1120 = CARTESIAN_POINT('',(2.076669216352,0.685764412874));
#1121 = CARTESIAN_POINT('',(2.029674277034,0.684039449829));
#1122 = CARTESIAN_POINT('',(1.98273120379,0.682275916311));
#1123 = CARTESIAN_POINT('',(1.935891519788,0.680479824169));
#1124 = CARTESIAN_POINT('',(1.889206068172,0.678657346663));
#1125 = CARTESIAN_POINT('',(1.842724685509,0.676814748835));
#1126 = CARTESIAN_POINT('',(1.796495893644,0.674958317998));
#1127 = CARTESIAN_POINT('',(1.750566604481,0.673094294713));
#1128 = CARTESIAN_POINT('',(1.704981879597,0.671228810288));
#1129 = CARTESIAN_POINT('',(1.659784606666,0.669367815161));
#1130 = CARTESIAN_POINT('',(1.615015622864,0.667517062597));
#1131 = CARTESIAN_POINT('',(1.585480086207,0.666293629193));
#1132 = CARTESIAN_POINT('',(1.570796326795,0.665685424949));
#1133 = ( GEOMETRIC_REPRESENTATION_CONTEXT(2) 
PARAMETRIC_REPRESENTATION_CONTEXT() REPRESENTATION_CONTEXT('2D SPACE',''
  ) );
#1134 = ORIENTED_EDGE('',*,*,#1135,.T.);
#1135 = EDGE_CURVE('',#1068,#1136,#1138,.T.);
#1136 = VERTEX_POINT('',#1137);
#1137 = CARTESIAN_POINT('',(3.464975411772,5.248110089723,4.506348646944
    ));
#1138 = SURFACE_CURVE('',#1139,(#1144,#1173),.PCURVE_S1.);
#1139 = B_SPLINE_CURVE_WITH_KNOTS('',3,(#1140,#1141,#1142,#1143),
  .UNSPECIFIED.,.F.,.F.,(4,4),(0.,9.439017285626E-05),
  .PIECEWISE_BEZIER_KNOTS.);
#1140 = CARTESIAN_POINT('',(3.541512098245,5.301148242752,4.521572740441
    ));
#1141 = CARTESIAN_POINT('',(3.516365511687,5.284499271382,4.511156683242
    ));
#1142 = CARTESIAN_POINT('',(3.490665590725,5.266275487498,4.506348646944
    ));
#1143 = CARTESIAN_POINT('',(3.464975411772,5.248110089723,4.506348646944
    ));
#1144 = PCURVE('',#700,#1145);
#1145 = DEFINITIONAL_REPRESENTATION('',(#1146),#1172);
#1146 = B_SPLINE_CURVE_WITH_KNOTS('',3,(#1147,#1148,#1149,#1150,#1151,
    #1152,#1153,#1154,#1155,#1156,#1157,#1158,#1159,#1160,#1161,#1162,
    #1163,#1164,#1165,#1166,#1167,#1168,#1169,#1170,#1171),
  .UNSPECIFIED.,.F.,.F.,(4,1,1,1,1,1,1,1,1,1,1,1,1,1,1,1,1,1,1,1,1,1,4),
  (0.,4.290462402557E-06,8.580924805115E-06,1.287138720767E-05,
    1.716184961023E-05,2.145231201279E-05,2.574277441534E-05,
    3.00332368179E-05,3.432369922046E-05,3.861416162302E-05,
    4.290462402557E-05,4.719508642813E-05,5.148554883069E-05,
    5.577601123324E-05,6.00664736358E-05,6.435693603836E-05,
    6.864739844092E-05,7.293786084347E-05,7.722832324603E-05,
    8.151878564859E-05,8.580924805115E-05,9.00997104537E-05,
    9.439017285626E-05),.QUASI_UNIFORM_KNOTS.);
#1147 = CARTESIAN_POINT('',(2.58254210591,-6.493693973998));
#1148 = CARTESIAN_POINT('',(2.591468825858,-6.492550947337));
#1149 = CARTESIAN_POINT('',(2.609254552607,-6.490262607507));
#1150 = CARTESIAN_POINT('',(2.63574172773,-6.486823555532));
#1151 = CARTESIAN_POINT('',(2.662049259662,-6.48337827861));
#1152 = CARTESIAN_POINT('',(2.688188754411,-6.479927094029));
#1153 = CARTESIAN_POINT('',(2.714171653371,-6.476470319072));
#1154 = CARTESIAN_POINT('',(2.740009183536,-6.473008271028));
#1155 = CARTESIAN_POINT('',(2.765712327262,-6.46954126718));
#1156 = CARTESIAN_POINT('',(2.791291792104,-6.466069624814));
#1157 = CARTESIAN_POINT('',(2.816757985455,-6.462593661218));
#1158 = CARTESIAN_POINT('',(2.84212099222,-6.459113693675));
#1159 = CARTESIAN_POINT('',(2.867390555562,-6.455630039472));
#1160 = CARTESIAN_POINT('',(2.892576060319,-6.452143015895));
#1161 = CARTESIAN_POINT('',(2.917686518842,-6.44865294023));
#1162 = CARTESIAN_POINT('',(2.942730558987,-6.445160129761));
#1163 = CARTESIAN_POINT('',(2.967716414098,-6.441664901776));
#1164 = CARTESIAN_POINT('',(2.992651914663,-6.438167573558));
#1165 = CARTESIAN_POINT('',(3.017544481938,-6.434668462396));
#1166 = CARTESIAN_POINT('',(3.042401121754,-6.431167885573));
#1167 = CARTESIAN_POINT('',(3.06722842455,-6.427666160376));
#1168 = CARTESIAN_POINT('',(3.092032548559,-6.424163604091));
#1169 = CARTESIAN_POINT('',(3.11681927194,-6.420660534002));
#1170 = CARTESIAN_POINT('',(3.133335619476,-6.418325022932));
#1171 = CARTESIAN_POINT('',(3.14159265359,-6.417157287525));
#1172 = ( GEOMETRIC_REPRESENTATION_CONTEXT(2) 
PARAMETRIC_REPRESENTATION_CONTEXT() REPRESENTATION_CONTEXT('2D SPACE',''
  ) );
#1173 = PCURVE('',#1174,#1179);
#1174 = CYLINDRICAL_SURFACE('',#1175,0.2);
#1175 = AXIS2_PLACEMENT_3D('',#1176,#1177,#1178);
#1176 = CARTESIAN_POINT('',(3.464975411772,5.348110089723,4.706348646944
    ));
#1177 = DIRECTION('',(0.,-1.,0.));
#1178 = DIRECTION('',(0.,0.,-1.));
#1179 = DEFINITIONAL_REPRESENTATION('',(#1180),#1206);
#1180 = B_SPLINE_CURVE_WITH_KNOTS('',3,(#1181,#1182,#1183,#1184,#1185,
    #1186,#1187,#1188,#1189,#1190,#1191,#1192,#1193,#1194,#1195,#1196,
    #1197,#1198,#1199,#1200,#1201,#1202,#1203,#1204,#1205),
  .UNSPECIFIED.,.F.,.F.,(4,1,1,1,1,1,1,1,1,1,1,1,1,1,1,1,1,1,1,1,1,1,4),
  (0.,4.290462402557E-06,8.580924805115E-06,1.287138720767E-05,
    1.716184961023E-05,2.145231201279E-05,2.574277441534E-05,
    3.00332368179E-05,3.432369922046E-05,3.861416162302E-05,
    4.290462402557E-05,4.719508642813E-05,5.148554883069E-05,
    5.577601123324E-05,6.00664736358E-05,6.435693603836E-05,
    6.864739844092E-05,7.293786084347E-05,7.722832324603E-05,
    8.151878564859E-05,8.580924805115E-05,9.00997104537E-05,
    9.439017285626E-05),.QUASI_UNIFORM_KNOTS.);
#1181 = CARTESIAN_POINT('',(0.392699081699,4.696184697107E-02));
#1182 = CARTESIAN_POINT('',(0.386513065992,4.771861839696E-02));
#1183 = CARTESIAN_POINT('',(0.374174813456,4.923866873849E-02));
#1184 = CARTESIAN_POINT('',(0.355763540741,5.153734643524E-02));
#1185 = CARTESIAN_POINT('',(0.337443140591,5.385370603173E-02));
#1186 = CARTESIAN_POINT('',(0.31920838993,5.618682724325E-02));
#1187 = CARTESIAN_POINT('',(0.301054087751,5.853578978505E-02));
#1188 = CARTESIAN_POINT('',(0.282975066244,6.089967337243E-02));
#1189 = CARTESIAN_POINT('',(0.264966201137,6.327755772066E-02));
#1190 = CARTESIAN_POINT('',(0.247022421405,6.5668522545E-02));
#1191 = CARTESIAN_POINT('',(0.229138718388,6.807164756073E-02));
#1192 = CARTESIAN_POINT('',(0.21131015435,7.048601248314E-02));
#1193 = CARTESIAN_POINT('',(0.193531870558,7.291069702749E-02));
#1194 = CARTESIAN_POINT('',(0.175799094919,7.534478090907E-02));
#1195 = CARTESIAN_POINT('',(0.158107149201,7.778734384313E-02));
#1196 = CARTESIAN_POINT('',(0.140451455923,8.023746554497E-02));
#1197 = CARTESIAN_POINT('',(0.122827544895,8.269422572986E-02));
#1198 = CARTESIAN_POINT('',(0.105231059528,8.515670411306E-02));
#1199 = CARTESIAN_POINT('',(8.765776275603E-02,8.762398040987E-02));
#1200 = CARTESIAN_POINT('',(7.01035432111E-02,9.009513433554E-02));
#1201 = CARTESIAN_POINT('',(5.256441945982E-02,9.256924560536E-02));
#1202 = CARTESIAN_POINT('',(3.503655055896E-02,9.504539393461E-02));
#1203 = CARTESIAN_POINT('',(1.75162222262E-02,9.752265903854E-02));
#1204 = CARTESIAN_POINT('',(5.838689607824E-03,9.917430010115E-02));
#1205 = CARTESIAN_POINT('',(0.,0.1));
#1206 = ( GEOMETRIC_REPRESENTATION_CONTEXT(2) 
PARAMETRIC_REPRESENTATION_CONTEXT() REPRESENTATION_CONTEXT('2D SPACE',''
  ) );
#1207 = ORIENTED_EDGE('',*,*,#1208,.T.);
#1208 = EDGE_CURVE('',#1136,#1021,#1209,.T.);
#1209 = SURFACE_CURVE('',#1210,(#1214,#1221),.PCURVE_S1.);
#1210 = LINE('',#1211,#1212);
#1211 = CARTESIAN_POINT('',(-10.45218187575,5.248110089723,
    4.506348646944));
#1212 = VECTOR('',#1213,1.);
#1213 = DIRECTION('',(-1.,0.,0.));
#1214 = PCURVE('',#700,#1215);
#1215 = DEFINITIONAL_REPRESENTATION('',(#1216),#1220);
#1216 = LINE('',#1217,#1218);
#1217 = CARTESIAN_POINT('',(3.14159265359,7.5));
#1218 = VECTOR('',#1219,1.);
#1219 = DIRECTION('',(0.,1.));
#1220 = ( GEOMETRIC_REPRESENTATION_CONTEXT(2) 
PARAMETRIC_REPRESENTATION_CONTEXT() REPRESENTATION_CONTEXT('2D SPACE',''
  ) );
#1221 = PCURVE('',#1222,#1227);
#1222 = PLANE('',#1223);
#1223 = AXIS2_PLACEMENT_3D('',#1224,#1225,#1226);
#1224 = CARTESIAN_POINT('',(-10.45218187575,5.348110089723,
    4.506348646944));
#1225 = DIRECTION('',(0.,0.,1.));
#1226 = DIRECTION('',(1.,0.,0.));
#1227 = DEFINITIONAL_REPRESENTATION('',(#1228),#1232);
#1228 = LINE('',#1229,#1230);
#1229 = CARTESIAN_POINT('',(0.,-0.1));
#1230 = VECTOR('',#1231,1.);
#1231 = DIRECTION('',(-1.,0.));
#1232 = ( GEOMETRIC_REPRESENTATION_CONTEXT(2) 
PARAMETRIC_REPRESENTATION_CONTEXT() REPRESENTATION_CONTEXT('2D SPACE',''
  ) );
#1233 = ADVANCED_FACE('',(#1234),#985,.T.);
#1234 = FACE_BOUND('',#1235,.T.);
#1235 = EDGE_LOOP('',(#1236,#1287,#1333,#1387,#1388));
#1236 = ORIENTED_EDGE('',*,*,#1237,.F.);
#1237 = EDGE_CURVE('',#1238,#1021,#1240,.T.);
#1238 = VERTEX_POINT('',#1239);
#1239 = CARTESIAN_POINT('',(-10.45218187575,5.248110089723,
    6.006348646944));
#1240 = SURFACE_CURVE('',#1241,(#1246,#1275),.PCURVE_S1.);
#1241 = CIRCLE('',#1242,1.5);
#1242 = AXIS2_PLACEMENT_3D('',#1243,#1244,#1245);
#1243 = CARTESIAN_POINT('',(-8.952181875753,5.248110089723,
    6.006348646944));
#1244 = DIRECTION('',(0.,-1.,0.));
#1245 = DIRECTION('',(0.,0.,-1.));
#1246 = PCURVE('',#985,#1247);
#1247 = DEFINITIONAL_REPRESENTATION('',(#1248),#1274);
#1248 = B_SPLINE_CURVE_WITH_KNOTS('',3,(#1249,#1250,#1251,#1252,#1253,
    #1254,#1255,#1256,#1257,#1258,#1259,#1260,#1261,#1262,#1263,#1264,
    #1265,#1266,#1267,#1268,#1269,#1270,#1271,#1272,#1273),
  .UNSPECIFIED.,.F.,.F.,(4,1,1,1,1,1,1,1,1,1,1,1,1,1,1,1,1,1,1,1,1,1,4),
  (4.712388980385,4.783788813421,4.855188646457,4.926588479493,
    4.997988312529,5.069388145565,5.140787978601,5.212187811638,
    5.283587644674,5.35498747771,5.426387310746,5.497787143782,
    5.569186976818,5.640586809854,5.711986642891,5.783386475927,
    5.854786308963,5.926186141999,5.997585975035,6.068985808071,
    6.140385641107,6.211785474143,6.28318530718),.QUASI_UNIFORM_KNOTS.);
#1249 = CARTESIAN_POINT('',(0.,0.));
#1250 = CARTESIAN_POINT('',(0.,1.682780133706E-02));
#1251 = CARTESIAN_POINT('',(0.,4.999070298881E-02));
#1252 = CARTESIAN_POINT('',(0.,9.842552590405E-02));
#1253 = CARTESIAN_POINT('',(0.,0.145724913075));
#1254 = CARTESIAN_POINT('',(0.,0.192043637223));
#1255 = CARTESIAN_POINT('',(0.,0.237526724423));
#1256 = CARTESIAN_POINT('',(0.,0.282309422539));
#1257 = CARTESIAN_POINT('',(0.,0.326519436214));
#1258 = CARTESIAN_POINT('',(0.,0.370278310591));
#1259 = CARTESIAN_POINT('',(0.,0.413702852292));
#1260 = CARTESIAN_POINT('',(0.,0.456906394885));
#1261 = CARTESIAN_POINT('',(0.,0.5));
#1262 = CARTESIAN_POINT('',(0.,0.543093605115));
#1263 = CARTESIAN_POINT('',(0.,0.586297147708));
#1264 = CARTESIAN_POINT('',(0.,0.629721689409));
#1265 = CARTESIAN_POINT('',(0.,0.673480563786));
#1266 = CARTESIAN_POINT('',(0.,0.717690577461));
#1267 = CARTESIAN_POINT('',(0.,0.762473275577));
#1268 = CARTESIAN_POINT('',(0.,0.807956362777));
#1269 = CARTESIAN_POINT('',(0.,0.854275086925));
#1270 = CARTESIAN_POINT('',(0.,0.901574474096));
#1271 = CARTESIAN_POINT('',(0.,0.950009297011));
#1272 = CARTESIAN_POINT('',(-0.,0.983172198663));
#1273 = CARTESIAN_POINT('',(0.,1.));
#1274 = ( GEOMETRIC_REPRESENTATION_CONTEXT(2) 
PARAMETRIC_REPRESENTATION_CONTEXT() REPRESENTATION_CONTEXT('2D SPACE',''
  ) );
#1275 = PCURVE('',#1276,#1281);
#1276 = CYLINDRICAL_SURFACE('',#1277,1.5);
#1277 = AXIS2_PLACEMENT_3D('',#1278,#1279,#1280);
#1278 = CARTESIAN_POINT('',(-8.952181875753,5.348110089723,
    6.006348646944));
#1279 = DIRECTION('',(0.,-1.,0.));
#1280 = DIRECTION('',(0.,0.,-1.));
#1281 = DEFINITIONAL_REPRESENTATION('',(#1282),#1286);
#1282 = LINE('',#1283,#1284);
#1283 = CARTESIAN_POINT('',(0.,0.1));
#1284 = VECTOR('',#1285,1.);
#1285 = DIRECTION('',(1.,0.));
#1286 = ( GEOMETRIC_REPRESENTATION_CONTEXT(2) 
PARAMETRIC_REPRESENTATION_CONTEXT() REPRESENTATION_CONTEXT('2D SPACE',''
  ) );
#1287 = ORIENTED_EDGE('',*,*,#1288,.T.);
#1288 = EDGE_CURVE('',#1238,#1289,#1291,.T.);
#1289 = VERTEX_POINT('',#1290);
#1290 = CARTESIAN_POINT('',(-10.39994961517,5.335963621639,
    6.006348646944));
#1291 = SURFACE_CURVE('',#1292,(#1297,#1326),.PCURVE_S1.);
#1292 = CIRCLE('',#1293,0.1);
#1293 = AXIS2_PLACEMENT_3D('',#1294,#1295,#1296);
#1294 = CARTESIAN_POINT('',(-10.35218187575,5.248110089723,
    6.006348646944));
#1295 = DIRECTION('',(-1.836970198721E-16,0.,-1.));
#1296 = DIRECTION('',(-1.,0.,1.836970198721E-16));
#1297 = PCURVE('',#985,#1298);
#1298 = DEFINITIONAL_REPRESENTATION('',(#1299),#1325);
#1299 = B_SPLINE_CURVE_WITH_KNOTS('',3,(#1300,#1301,#1302,#1303,#1304,
    #1305,#1306,#1307,#1308,#1309,#1310,#1311,#1312,#1313,#1314,#1315,
    #1316,#1317,#1318,#1319,#1320,#1321,#1322,#1323,#1324),
  .UNSPECIFIED.,.F.,.F.,(4,1,1,1,1,1,1,1,1,1,1,1,1,1,1,1,1,1,1,1,1,1,4),
  (0.,7.139983303613E-02,0.142799666072,0.214199499108,0.285599332145,
    0.356999165181,0.428398998217,0.499798831253,0.571198664289,
    0.642598497325,0.713998330361,0.785398163397,0.856797996434,
    0.92819782947,0.999597662506,1.070997495542,1.142397328578,
    1.213797161614,1.28519699465,1.356596827687,1.427996660723,
    1.499396493759,1.570796326795),.QUASI_UNIFORM_KNOTS.);
#1300 = CARTESIAN_POINT('',(0.,0.));
#1301 = CARTESIAN_POINT('',(1.682780133706E-02,0.));
#1302 = CARTESIAN_POINT('',(4.999070298881E-02,0.));
#1303 = CARTESIAN_POINT('',(9.842552590406E-02,0.));
#1304 = CARTESIAN_POINT('',(0.145724913075,0.));
#1305 = CARTESIAN_POINT('',(0.192043637223,0.));
#1306 = CARTESIAN_POINT('',(0.237526724423,0.));
#1307 = CARTESIAN_POINT('',(0.282309422539,0.));
#1308 = CARTESIAN_POINT('',(0.326519436214,0.));
#1309 = CARTESIAN_POINT('',(0.370278310591,0.));
#1310 = CARTESIAN_POINT('',(0.413702852292,0.));
#1311 = CARTESIAN_POINT('',(0.456906394885,0.));
#1312 = CARTESIAN_POINT('',(0.5,0.));
#1313 = CARTESIAN_POINT('',(0.543093605115,0.));
#1314 = CARTESIAN_POINT('',(0.586297147708,0.));
#1315 = CARTESIAN_POINT('',(0.629721689409,0.));
#1316 = CARTESIAN_POINT('',(0.673480563786,0.));
#1317 = CARTESIAN_POINT('',(0.717690577461,0.));
#1318 = CARTESIAN_POINT('',(0.762473275577,0.));
#1319 = CARTESIAN_POINT('',(0.807956362777,0.));
#1320 = CARTESIAN_POINT('',(0.854275086925,0.));
#1321 = CARTESIAN_POINT('',(0.901574474096,0.));
#1322 = CARTESIAN_POINT('',(0.950009297011,0.));
#1323 = CARTESIAN_POINT('',(0.983172198663,-0.));
#1324 = CARTESIAN_POINT('',(1.,0.));
#1325 = ( GEOMETRIC_REPRESENTATION_CONTEXT(2) 
PARAMETRIC_REPRESENTATION_CONTEXT() REPRESENTATION_CONTEXT('2D SPACE',''
  ) );
#1326 = PCURVE('',#896,#1327);
#1327 = DEFINITIONAL_REPRESENTATION('',(#1328),#1332);
#1328 = LINE('',#1329,#1330);
#1329 = CARTESIAN_POINT('',(3.14159265359,-6.));
#1330 = VECTOR('',#1331,1.);
#1331 = DIRECTION('',(-1.,0.));
#1332 = ( GEOMETRIC_REPRESENTATION_CONTEXT(2) 
PARAMETRIC_REPRESENTATION_CONTEXT() REPRESENTATION_CONTEXT('2D SPACE',''
  ) );
#1333 = ORIENTED_EDGE('',*,*,#1334,.T.);
#1334 = EDGE_CURVE('',#1289,#942,#1335,.T.);
#1335 = SURFACE_CURVE('',#1336,(#1351,#1369),.PCURVE_S1.);
#1336 = B_SPLINE_CURVE_WITH_KNOTS('',7,(#1337,#1338,#1339,#1340,#1341,
    #1342,#1343,#1344,#1345,#1346,#1347,#1348,#1349,#1350),
  .UNSPECIFIED.,.F.,.F.,(8,6,8),(0.,0.385780716408,1.),.UNSPECIFIED.);
#1337 = CARTESIAN_POINT('',(-10.39994961517,5.335963621639,
    6.006348646944));
#1338 = CARTESIAN_POINT('',(-10.40019077543,5.335832497938,
    5.991156126015));
#1339 = CARTESIAN_POINT('',(-10.3997596384,5.335964770927,5.975891136679
    ));
#1340 = CARTESIAN_POINT('',(-10.3986432682,5.336373155048,5.960742479852
    ));
#1341 = CARTESIAN_POINT('',(-10.3968728272,5.337031460667,5.945857306036
    ));
#1342 = CARTESIAN_POINT('',(-10.3945037089,5.337878629578,5.931341878132
    ));
#1343 = CARTESIAN_POINT('',(-10.39160143468,5.338850183592,
    5.917271676223));
#1344 = CARTESIAN_POINT('',(-10.38287178027,5.341532498502,5.88207976365
    ));
#1345 = CARTESIAN_POINT('',(-10.37633068594,5.343340192464,
    5.861719290786));
#1346 = CARTESIAN_POINT('',(-10.36884322092,5.345074012066,
    5.842643558004));
#1347 = CARTESIAN_POINT('',(-10.36062489309,5.346528612855,
    5.824875896277));
#1348 = CARTESIAN_POINT('',(-10.35189428736,5.347568547206,
    5.808430958413));
#1349 = CARTESIAN_POINT('',(-10.34285024491,5.348110089723,
    5.793284715195));
#1350 = CARTESIAN_POINT('',(-10.33366272981,5.348110089723,
    5.779389069319));
#1351 = PCURVE('',#985,#1352);
#1352 = DEFINITIONAL_REPRESENTATION('',(#1353),#1368);
#1353 = B_SPLINE_CURVE_WITH_KNOTS('',7,(#1354,#1355,#1356,#1357,#1358,
    #1359,#1360,#1361,#1362,#1363,#1364,#1365,#1366,#1367),
  .UNSPECIFIED.,.F.,.F.,(8,6,8),(0.,0.385780716408,1.),.UNSPECIFIED.);
#1354 = CARTESIAN_POINT('',(0.67465843566,0.));
#1355 = CARTESIAN_POINT('',(0.672966980067,7.420205796233E-03));
#1356 = CARTESIAN_POINT('',(0.674684154712,1.483529454124E-02));
#1357 = CARTESIAN_POINT('',(0.679894984172,2.21652419138E-02));
#1358 = CARTESIAN_POINT('',(0.68841947812,2.935350866498E-02));
#1359 = CARTESIAN_POINT('',(0.69989910852,3.636197335091E-02));
#1360 = CARTESIAN_POINT('',(0.713961255576,4.316472880823E-02));
#1361 = CARTESIAN_POINT('',(0.756206733318,6.022484412317E-02));
#1362 = CARTESIAN_POINT('',(0.78781810384,7.014097936598E-02));
#1363 = CARTESIAN_POINT('',(0.823887974195,7.951234344844E-02));
#1364 = CARTESIAN_POINT('',(0.863554494864,8.834466533227E-02));
#1365 = CARTESIAN_POINT('',(0.90630474547,9.66354728091E-02));
#1366 = CARTESIAN_POINT('',(0.951822661901,0.104390647262));
#1367 = CARTESIAN_POINT('',(1.,0.111622452875));
#1368 = ( GEOMETRIC_REPRESENTATION_CONTEXT(2) 
PARAMETRIC_REPRESENTATION_CONTEXT() REPRESENTATION_CONTEXT('2D SPACE',''
  ) );
#1369 = PCURVE('',#929,#1370);
#1370 = DEFINITIONAL_REPRESENTATION('',(#1371),#1386);
#1371 = B_SPLINE_CURVE_WITH_KNOTS('',7,(#1372,#1373,#1374,#1375,#1376,
    #1377,#1378,#1379,#1380,#1381,#1382,#1383,#1384,#1385),
  .UNSPECIFIED.,.F.,.F.,(8,6,8),(0.,0.385780716408,1.),.UNSPECIFIED.);
#1372 = CARTESIAN_POINT('',(4.728261264184,5.335963621639));
#1373 = CARTESIAN_POINT('',(4.690275177058,5.335832497938));
#1374 = CARTESIAN_POINT('',(4.65213461559,5.335964770927));
#1375 = CARTESIAN_POINT('',(4.614222530783,5.336373155048));
#1376 = CARTESIAN_POINT('',(4.57681260983,5.337031460667));
#1377 = CARTESIAN_POINT('',(4.540095644306,5.337878629578));
#1378 = CARTESIAN_POINT('',(4.504207966372,5.338850183592));
#1379 = CARTESIAN_POINT('',(4.413561759307,5.341532498502));
#1380 = CARTESIAN_POINT('',(4.360220710485,5.343340192464));
#1381 = CARTESIAN_POINT('',(4.30914581238,5.345074012066));
#1382 = CARTESIAN_POINT('',(4.26034673276,5.346528612855));
#1383 = CARTESIAN_POINT('',(4.213896577114,5.347568547206));
#1384 = CARTESIAN_POINT('',(4.169840649478,5.348110089723));
#1385 = CARTESIAN_POINT('',(4.128194865771,5.348110089723));
#1386 = ( GEOMETRIC_REPRESENTATION_CONTEXT(2) 
PARAMETRIC_REPRESENTATION_CONTEXT() REPRESENTATION_CONTEXT('2D SPACE',''
  ) );
#1387 = ORIENTED_EDGE('',*,*,#969,.T.);
#1388 = ORIENTED_EDGE('',*,*,#1020,.T.);
#1389 = ADVANCED_FACE('',(#1390),#929,.F.);
#1390 = FACE_BOUND('',#1391,.F.);
#1391 = EDGE_LOOP('',(#1392,#1393,#1416,#1449,#1522,#1592,#1618,#1619,
    #1620,#1683));
#1392 = ORIENTED_EDGE('',*,*,#941,.F.);
#1393 = ORIENTED_EDGE('',*,*,#1394,.F.);
#1394 = EDGE_CURVE('',#1395,#909,#1397,.T.);
#1395 = VERTEX_POINT('',#1396);
#1396 = CARTESIAN_POINT('',(-10.,1.028110089723,6.4));
#1397 = SEAM_CURVE('',#1398,(#1402,#1409),.PCURVE_S1.);
#1398 = LINE('',#1399,#1400);
#1399 = CARTESIAN_POINT('',(-10.,0.,6.4));
#1400 = VECTOR('',#1401,1.);
#1401 = DIRECTION('',(0.,1.,0.));
#1402 = PCURVE('',#929,#1403);
#1403 = DEFINITIONAL_REPRESENTATION('',(#1404),#1408);
#1404 = LINE('',#1405,#1406);
#1405 = CARTESIAN_POINT('',(6.28318530718,-0.));
#1406 = VECTOR('',#1407,1.);
#1407 = DIRECTION('',(0.,1.));
#1408 = ( GEOMETRIC_REPRESENTATION_CONTEXT(2) 
PARAMETRIC_REPRESENTATION_CONTEXT() REPRESENTATION_CONTEXT('2D SPACE',''
  ) );
#1409 = PCURVE('',#929,#1410);
#1410 = DEFINITIONAL_REPRESENTATION('',(#1411),#1415);
#1411 = LINE('',#1412,#1413);
#1412 = CARTESIAN_POINT('',(0.,-0.));
#1413 = VECTOR('',#1414,1.);
#1414 = DIRECTION('',(0.,1.));
#1415 = ( GEOMETRIC_REPRESENTATION_CONTEXT(2) 
PARAMETRIC_REPRESENTATION_CONTEXT() REPRESENTATION_CONTEXT('2D SPACE',''
  ) );
#1416 = ORIENTED_EDGE('',*,*,#1417,.T.);
#1417 = EDGE_CURVE('',#1395,#1418,#1420,.T.);
#1418 = VERTEX_POINT('',#1419);
#1419 = CARTESIAN_POINT('',(-10.33392409465,1.028110089723,
    5.779784880156));
#1420 = SURFACE_CURVE('',#1421,(#1426,#1433),.PCURVE_S1.);
#1421 = CIRCLE('',#1422,0.4);
#1422 = AXIS2_PLACEMENT_3D('',#1423,#1424,#1425);
#1423 = CARTESIAN_POINT('',(-10.,1.028110089723,6.));
#1424 = DIRECTION('',(0.,1.,0.));
#1425 = DIRECTION('',(0.,-0.,1.));
#1426 = PCURVE('',#929,#1427);
#1427 = DEFINITIONAL_REPRESENTATION('',(#1428),#1432);
#1428 = LINE('',#1429,#1430);
#1429 = CARTESIAN_POINT('',(0.,1.028110089723));
#1430 = VECTOR('',#1431,1.);
#1431 = DIRECTION('',(1.,0.));
#1432 = ( GEOMETRIC_REPRESENTATION_CONTEXT(2) 
PARAMETRIC_REPRESENTATION_CONTEXT() REPRESENTATION_CONTEXT('2D SPACE',''
  ) );
#1433 = PCURVE('',#1434,#1439);
#1434 = PLANE('',#1435);
#1435 = AXIS2_PLACEMENT_3D('',#1436,#1437,#1438);
#1436 = CARTESIAN_POINT('',(-2.952181875753,1.028110089723,
    12.006348646944));
#1437 = DIRECTION('',(0.,-1.,0.));
#1438 = DIRECTION('',(0.,0.,-1.));
#1439 = DEFINITIONAL_REPRESENTATION('',(#1440),#1448);
#1440 = ( BOUNDED_CURVE() B_SPLINE_CURVE(2,(#1441,#1442,#1443,#1444,
#1445,#1446,#1447),.UNSPECIFIED.,.T.,.F.) B_SPLINE_CURVE_WITH_KNOTS((1,2
    ,2,2,2,1),(-2.094395102393,0.,2.094395102393,4.188790204786,
6.28318530718,8.377580409573),.UNSPECIFIED.) CURVE() 
GEOMETRIC_REPRESENTATION_ITEM() RATIONAL_B_SPLINE_CURVE((1.,0.5,1.,0.5,
1.,0.5,1.)) REPRESENTATION_ITEM('') );
#1441 = CARTESIAN_POINT('',(5.606348646944,-7.047818124247));
#1442 = CARTESIAN_POINT('',(5.606348646944,-6.354997801219));
#1443 = CARTESIAN_POINT('',(6.206348646944,-6.701407962733));
#1444 = CARTESIAN_POINT('',(6.806348646944,-7.047818124247));
#1445 = CARTESIAN_POINT('',(6.206348646944,-7.394228285761));
#1446 = CARTESIAN_POINT('',(5.606348646944,-7.740638447274));
#1447 = CARTESIAN_POINT('',(5.606348646944,-7.047818124247));
#1448 = ( GEOMETRIC_REPRESENTATION_CONTEXT(2) 
PARAMETRIC_REPRESENTATION_CONTEXT() REPRESENTATION_CONTEXT('2D SPACE',''
  ) );
#1449 = ORIENTED_EDGE('',*,*,#1450,.F.);
#1450 = EDGE_CURVE('',#1451,#1418,#1453,.T.);
#1451 = VERTEX_POINT('',#1452);
#1452 = CARTESIAN_POINT('',(-10.39994961517,1.040256557807,
    6.006348646944));
#1453 = SURFACE_CURVE('',#1454,(#1469,#1487),.PCURVE_S1.);
#1454 = B_SPLINE_CURVE_WITH_KNOTS('',7,(#1455,#1456,#1457,#1458,#1459,
    #1460,#1461,#1462,#1463,#1464,#1465,#1466,#1467,#1468),
  .UNSPECIFIED.,.F.,.F.,(8,6,8),(0.,0.385780716419,1.),.UNSPECIFIED.);
#1455 = CARTESIAN_POINT('',(-10.39994961517,1.040256557807,
    6.006348646944));
#1456 = CARTESIAN_POINT('',(-10.40019077543,1.040387681508,
    5.991156126015));
#1457 = CARTESIAN_POINT('',(-10.3997596384,1.04025540852,5.975891136678)
  );
#1458 = CARTESIAN_POINT('',(-10.3986432682,1.039847024399,5.96074247985)
  );
#1459 = CARTESIAN_POINT('',(-10.3968728272,1.039188718779,5.945857306035
    ));
#1460 = CARTESIAN_POINT('',(-10.3945037089,1.038341549869,5.931341878129
    ));
#1461 = CARTESIAN_POINT('',(-10.39160143468,1.037369995854,5.91727167622
    ));
#1462 = CARTESIAN_POINT('',(-10.38287178026,1.034687680944,
    5.882079763647));
#1463 = CARTESIAN_POINT('',(-10.37633068594,1.032879986983,
    5.861719290784));
#1464 = CARTESIAN_POINT('',(-10.36884322092,1.031146167381,
    5.842643558003));
#1465 = CARTESIAN_POINT('',(-10.36062489309,1.029691566591,
    5.824875896276));
#1466 = CARTESIAN_POINT('',(-10.35189428736,1.028651632241,
    5.808430958412));
#1467 = CARTESIAN_POINT('',(-10.34285024491,1.028110089723,
    5.793284715195));
#1468 = CARTESIAN_POINT('',(-10.33366272981,1.028110089723,
    5.779389069319));
#1469 = PCURVE('',#929,#1470);
#1470 = DEFINITIONAL_REPRESENTATION('',(#1471),#1486);
#1471 = B_SPLINE_CURVE_WITH_KNOTS('',7,(#1472,#1473,#1474,#1475,#1476,
    #1477,#1478,#1479,#1480,#1481,#1482,#1483,#1484,#1485),
  .UNSPECIFIED.,.F.,.F.,(8,6,8),(0.,0.385780716419,1.),.UNSPECIFIED.);
#1472 = CARTESIAN_POINT('',(4.728261264184,1.040256557807));
#1473 = CARTESIAN_POINT('',(4.690275177057,1.040387681508));
#1474 = CARTESIAN_POINT('',(4.652134615588,1.04025540852));
#1475 = CARTESIAN_POINT('',(4.61422253078,1.039847024399));
#1476 = CARTESIAN_POINT('',(4.576812609826,1.039188718779));
#1477 = CARTESIAN_POINT('',(4.540095644301,1.038341549869));
#1478 = CARTESIAN_POINT('',(4.504207966366,1.037369995854));
#1479 = CARTESIAN_POINT('',(4.413561759301,1.034687680944));
#1480 = CARTESIAN_POINT('',(4.36022071048,1.032879986983));
#1481 = CARTESIAN_POINT('',(4.309145812377,1.031146167381));
#1482 = CARTESIAN_POINT('',(4.260346732758,1.029691566591));
#1483 = CARTESIAN_POINT('',(4.213896577112,1.028651632241));
#1484 = CARTESIAN_POINT('',(4.169840649477,1.028110089723));
#1485 = CARTESIAN_POINT('',(4.128194865771,1.028110089723));
#1486 = ( GEOMETRIC_REPRESENTATION_CONTEXT(2) 
PARAMETRIC_REPRESENTATION_CONTEXT() REPRESENTATION_CONTEXT('2D SPACE',''
  ) );
#1487 = PCURVE('',#1488,#1505);
#1488 = ( BOUNDED_SURFACE() B_SPLINE_SURFACE(3,3,(
    (#1489,#1490,#1491,#1492)
    ,(#1493,#1494,#1495,#1496)
    ,(#1497,#1498,#1499,#1500)
    ,(#1501,#1502,#1503,#1504
)),.UNSPECIFIED.,.F.,.F.,.F.) B_SPLINE_SURFACE_WITH_KNOTS((4,4),(4,4),(
    0.,1.),(0.,1.),.PIECEWISE_BEZIER_KNOTS.) 
GEOMETRIC_REPRESENTATION_ITEM() RATIONAL_B_SPLINE_SURFACE((
    (1.,0.804737854124,0.804737854124,1.)
    ,(0.804737854124,0.647603013861,0.647603013861,0.804737854124)
    ,(0.804737854124,0.647603013861,0.647603013861,0.804737854124)
,(1.,0.804737854124,0.804737854124,1.
))) REPRESENTATION_ITEM('') SURFACE() );
#1489 = CARTESIAN_POINT('',(-10.35218187575,1.028110089723,
    6.006348646944));
#1490 = CARTESIAN_POINT('',(-10.35218187575,1.028110089723,
    5.186247634266));
#1491 = CARTESIAN_POINT('',(-9.772282888431,1.028110089723,
    4.606348646944));
#1492 = CARTESIAN_POINT('',(-8.952181875753,1.028110089723,
    4.606348646944));
#1493 = CARTESIAN_POINT('',(-10.41076051951,1.028110089723,
    6.006348646944));
#1494 = CARTESIAN_POINT('',(-10.41076051951,1.028110089723,
    5.151933059215));
#1495 = CARTESIAN_POINT('',(-9.806597463482,1.028110089723,
    4.547770003181));
#1496 = CARTESIAN_POINT('',(-8.952181875753,1.028110089723,
    4.547770003181));
#1497 = CARTESIAN_POINT('',(-10.45218187575,1.069531445961,
    6.006348646944));
#1498 = CARTESIAN_POINT('',(-10.45218187575,1.069531445961,
    5.127668990503));
#1499 = CARTESIAN_POINT('',(-9.830861532194,1.069531445961,
    4.506348646944));
#1500 = CARTESIAN_POINT('',(-8.952181875753,1.069531445961,
    4.506348646944));
#1501 = CARTESIAN_POINT('',(-10.45218187575,1.128110089723,
    6.006348646944));
#1502 = CARTESIAN_POINT('',(-10.45218187575,1.128110089723,
    5.127668990503));
#1503 = CARTESIAN_POINT('',(-9.830861532194,1.128110089723,
    4.506348646944));
#1504 = CARTESIAN_POINT('',(-8.952181875753,1.128110089723,
    4.506348646944));
#1505 = DEFINITIONAL_REPRESENTATION('',(#1506),#1521);
#1506 = B_SPLINE_CURVE_WITH_KNOTS('',7,(#1507,#1508,#1509,#1510,#1511,
    #1512,#1513,#1514,#1515,#1516,#1517,#1518,#1519,#1520),
  .UNSPECIFIED.,.F.,.F.,(8,6,8),(0.,0.385780716419,1.),.UNSPECIFIED.);
#1507 = CARTESIAN_POINT('',(0.32534156434,0.));
#1508 = CARTESIAN_POINT('',(0.327033019933,7.420205796451E-03));
#1509 = CARTESIAN_POINT('',(0.325315845288,1.483529454165E-02));
#1510 = CARTESIAN_POINT('',(0.320105015827,2.216524191445E-02));
#1511 = CARTESIAN_POINT('',(0.311580521879,2.935350866579E-02));
#1512 = CARTESIAN_POINT('',(0.300100891478,3.636197335193E-02));
#1513 = CARTESIAN_POINT('',(0.286038744421,4.31647288094E-02));
#1514 = CARTESIAN_POINT('',(0.243793266679,6.022484412424E-02));
#1515 = CARTESIAN_POINT('',(0.212181896156,7.014097936683E-02));
#1516 = CARTESIAN_POINT('',(0.176112025802,7.951234344906E-02));
#1517 = CARTESIAN_POINT('',(0.136445505134,8.834466533273E-02));
#1518 = CARTESIAN_POINT('',(9.369525452802E-02,9.663547280937E-02));
#1519 = CARTESIAN_POINT('',(4.817733809786E-02,0.104390647262));
#1520 = CARTESIAN_POINT('',(0.,0.111622452875));
#1521 = ( GEOMETRIC_REPRESENTATION_CONTEXT(2) 
PARAMETRIC_REPRESENTATION_CONTEXT() REPRESENTATION_CONTEXT('2D SPACE',''
  ) );
#1522 = ORIENTED_EDGE('',*,*,#1523,.T.);
#1523 = EDGE_CURVE('',#1451,#1524,#1526,.T.);
#1524 = VERTEX_POINT('',#1525);
#1525 = CARTESIAN_POINT('',(-10.35218187575,1.028110089723,
    6.189652119395));
#1526 = SURFACE_CURVE('',#1527,(#1545,#1566),.PCURVE_S1.);
#1527 = B_SPLINE_CURVE_WITH_KNOTS('',6,(#1528,#1529,#1530,#1531,#1532,
    #1533,#1534,#1535,#1536,#1537,#1538,#1539,#1540,#1541,#1542,#1543,
    #1544),.UNSPECIFIED.,.F.,.F.,(7,5,5,7),(0.,0.235521379435,
    0.650640291154,1.),.UNSPECIFIED.);
#1528 = CARTESIAN_POINT('',(-10.3999496247,1.040256562985,6.006348046944
    ));
#1529 = CARTESIAN_POINT('',(-10.39978307742,1.040166007844,
    6.016841120066));
#1530 = CARTESIAN_POINT('',(-10.39928961806,1.039898281644,
    6.027111087348));
#1531 = CARTESIAN_POINT('',(-10.39849588319,1.039471027714,
    6.037106264686));
#1532 = CARTESIAN_POINT('',(-10.39743635186,1.038918897762,
    6.046763028224));
#1533 = CARTESIAN_POINT('',(-10.39615899304,1.038285241227,
    6.055999785104));
#1534 = CARTESIAN_POINT('',(-10.39221384631,1.036430334399,
    6.080064823764));
#1535 = CARTESIAN_POINT('',(-10.38915457626,1.035094321564,6.09423703358
    ));
#1536 = CARTESIAN_POINT('',(-10.38573274391,1.033768562475,
    6.107298381733));
#1537 = CARTESIAN_POINT('',(-10.38207420158,1.032552630268,
    6.119374582733));
#1538 = CARTESIAN_POINT('',(-10.37823313231,1.031473065239,
    6.130660007091));
#1539 = CARTESIAN_POINT('',(-10.37074295987,1.029785130086,
    6.150477208958));
#1540 = CARTESIAN_POINT('',(-10.36718793088,1.029135402339,
    6.159087584074));
#1541 = CARTESIAN_POINT('',(-10.36353516717,1.02863175081,6.167275411955
    ));
#1542 = CARTESIAN_POINT('',(-10.35980945204,1.028287247288,
    6.175072157482));
#1543 = CARTESIAN_POINT('',(-10.35602456946,1.028110089723,
    6.182516279931));
#1544 = CARTESIAN_POINT('',(-10.35218187575,1.028110089723,
    6.189652119395));
#1545 = PCURVE('',#929,#1546);
#1546 = DEFINITIONAL_REPRESENTATION('',(#1547),#1565);
#1547 = B_SPLINE_CURVE_WITH_KNOTS('',6,(#1548,#1549,#1550,#1551,#1552,
    #1553,#1554,#1555,#1556,#1557,#1558,#1559,#1560,#1561,#1562,#1563,
    #1564),.UNSPECIFIED.,.F.,.F.,(7,5,5,7),(0.,0.235521379435,
    0.650640291154,1.),.UNSPECIFIED.);
#1548 = CARTESIAN_POINT('',(4.728259763995,1.040256562985));
#1549 = CARTESIAN_POINT('',(4.754495750915,1.040166007844));
#1550 = CARTESIAN_POINT('',(4.780187066149,1.039898281644));
#1551 = CARTESIAN_POINT('',(4.805235703335,1.039471027714));
#1552 = CARTESIAN_POINT('',(4.829507565314,1.038918897762));
#1553 = CARTESIAN_POINT('',(4.852811852996,1.038285241227));
#1554 = CARTESIAN_POINT('',(4.913777533326,1.036430334399));
#1555 = CARTESIAN_POINT('',(4.949978660138,1.035094321564));
#1556 = CARTESIAN_POINT('',(4.983691683765,1.033768562475));
#1557 = CARTESIAN_POINT('',(5.01520875329,1.032552630268));
#1558 = CARTESIAN_POINT('',(5.044995201309,1.031473065239));
#1559 = CARTESIAN_POINT('',(5.097958878309,1.029785130086));
#1560 = CARTESIAN_POINT('',(5.121236779545,1.029135402339));
#1561 = CARTESIAN_POINT('',(5.143638450612,1.02863175081));
#1562 = CARTESIAN_POINT('',(5.165231308238,1.028287247288));
#1563 = CARTESIAN_POINT('',(5.186103160209,1.028110089723));
#1564 = CARTESIAN_POINT('',(5.206364962293,1.028110089723));
#1565 = ( GEOMETRIC_REPRESENTATION_CONTEXT(2) 
PARAMETRIC_REPRESENTATION_CONTEXT() REPRESENTATION_CONTEXT('2D SPACE',''
  ) );
#1566 = PCURVE('',#1567,#1572);
#1567 = CYLINDRICAL_SURFACE('',#1568,0.1);
#1568 = AXIS2_PLACEMENT_3D('',#1569,#1570,#1571);
#1569 = CARTESIAN_POINT('',(-10.35218187575,1.128110089723,
    19.506348646944));
#1570 = DIRECTION('',(0.,0.,-1.));
#1571 = DIRECTION('',(-1.,0.,0.));
#1572 = DEFINITIONAL_REPRESENTATION('',(#1573),#1591);
#1573 = B_SPLINE_CURVE_WITH_KNOTS('',6,(#1574,#1575,#1576,#1577,#1578,
    #1579,#1580,#1581,#1582,#1583,#1584,#1585,#1586,#1587,#1588,#1589,
    #1590),.UNSPECIFIED.,.F.,.F.,(7,5,5,7),(0.,0.235521379435,
    0.650640291154,1.),.UNSPECIFIED.);
#1574 = CARTESIAN_POINT('',(5.210398170314,13.5000006));
#1575 = CARTESIAN_POINT('',(5.208502432229,13.489507526878));
#1576 = CARTESIAN_POINT('',(5.202888133594,13.479237559596));
#1577 = CARTESIAN_POINT('',(5.193874427078,13.469242382257));
#1578 = CARTESIAN_POINT('',(5.1819286342,13.459585618719));
#1579 = CARTESIAN_POINT('',(5.1676732033,13.450348861839));
#1580 = CARTESIAN_POINT('',(5.124078636974,13.426283823179));
#1581 = CARTESIAN_POINT('',(5.090707922285,13.412111613363));
#1582 = CARTESIAN_POINT('',(5.054066313506,13.39905026521));
#1583 = CARTESIAN_POINT('',(5.015577391415,13.38697406421));
#1584 = CARTESIAN_POINT('',(4.975731971968,13.375688639852));
#1585 = CARTESIAN_POINT('',(4.898951891031,13.355871437986));
#1586 = CARTESIAN_POINT('',(4.862843587996,13.34726106287));
#1587 = CARTESIAN_POINT('',(4.826022823319,13.339073234989));
#1588 = CARTESIAN_POINT('',(4.788665388942,13.331276489462));
#1589 = CARTESIAN_POINT('',(4.750815917464,13.323832367013));
#1590 = CARTESIAN_POINT('',(4.712388980385,13.316696527549));
#1591 = ( GEOMETRIC_REPRESENTATION_CONTEXT(2) 
PARAMETRIC_REPRESENTATION_CONTEXT() REPRESENTATION_CONTEXT('2D SPACE',''
  ) );
#1592 = ORIENTED_EDGE('',*,*,#1593,.T.);
#1593 = EDGE_CURVE('',#1524,#1395,#1594,.T.);
#1594 = SURFACE_CURVE('',#1595,(#1600,#1607),.PCURVE_S1.);
#1595 = CIRCLE('',#1596,0.4);
#1596 = AXIS2_PLACEMENT_3D('',#1597,#1598,#1599);
#1597 = CARTESIAN_POINT('',(-10.,1.028110089723,6.));
#1598 = DIRECTION('',(0.,1.,0.));
#1599 = DIRECTION('',(0.,-0.,1.));
#1600 = PCURVE('',#929,#1601);
#1601 = DEFINITIONAL_REPRESENTATION('',(#1602),#1606);
#1602 = LINE('',#1603,#1604);
#1603 = CARTESIAN_POINT('',(0.,1.028110089723));
#1604 = VECTOR('',#1605,1.);
#1605 = DIRECTION('',(1.,0.));
#1606 = ( GEOMETRIC_REPRESENTATION_CONTEXT(2) 
PARAMETRIC_REPRESENTATION_CONTEXT() REPRESENTATION_CONTEXT('2D SPACE',''
  ) );
#1607 = PCURVE('',#1434,#1608);
#1608 = DEFINITIONAL_REPRESENTATION('',(#1609),#1617);
#1609 = ( BOUNDED_CURVE() B_SPLINE_CURVE(2,(#1610,#1611,#1612,#1613,
#1614,#1615,#1616),.UNSPECIFIED.,.T.,.F.) B_SPLINE_CURVE_WITH_KNOTS((1,2
    ,2,2,2,1),(-2.094395102393,0.,2.094395102393,4.188790204786,
6.28318530718,8.377580409573),.UNSPECIFIED.) CURVE() 
GEOMETRIC_REPRESENTATION_ITEM() RATIONAL_B_SPLINE_CURVE((1.,0.5,1.,0.5,
1.,0.5,1.)) REPRESENTATION_ITEM('') );
#1610 = CARTESIAN_POINT('',(5.606348646944,-7.047818124247));
#1611 = CARTESIAN_POINT('',(5.606348646944,-6.354997801219));
#1612 = CARTESIAN_POINT('',(6.206348646944,-6.701407962733));
#1613 = CARTESIAN_POINT('',(6.806348646944,-7.047818124247));
#1614 = CARTESIAN_POINT('',(6.206348646944,-7.394228285761));
#1615 = CARTESIAN_POINT('',(5.606348646944,-7.740638447274));
#1616 = CARTESIAN_POINT('',(5.606348646944,-7.047818124247));
#1617 = ( GEOMETRIC_REPRESENTATION_CONTEXT(2) 
PARAMETRIC_REPRESENTATION_CONTEXT() REPRESENTATION_CONTEXT('2D SPACE',''
  ) );
#1618 = ORIENTED_EDGE('',*,*,#1394,.T.);
#1619 = ORIENTED_EDGE('',*,*,#908,.F.);
#1620 = ORIENTED_EDGE('',*,*,#1621,.F.);
#1621 = EDGE_CURVE('',#1289,#881,#1622,.T.);
#1622 = SURFACE_CURVE('',#1623,(#1641,#1662),.PCURVE_S1.);
#1623 = B_SPLINE_CURVE_WITH_KNOTS('',6,(#1624,#1625,#1626,#1627,#1628,
    #1629,#1630,#1631,#1632,#1633,#1634,#1635,#1636,#1637,#1638,#1639,
    #1640),.UNSPECIFIED.,.F.,.F.,(7,5,5,7),(0.,0.235521379435,
    0.650640291153,1.),.UNSPECIFIED.);
#1624 = CARTESIAN_POINT('',(-10.3999496247,5.335963616461,6.006348046944
    ));
#1625 = CARTESIAN_POINT('',(-10.39978307742,5.336054171602,
    6.016841120066));
#1626 = CARTESIAN_POINT('',(-10.39928961806,5.336321897802,
    6.027111087348));
#1627 = CARTESIAN_POINT('',(-10.39849588319,5.336749151733,
    6.037106264686));
#1628 = CARTESIAN_POINT('',(-10.39743635186,5.337301281685,
    6.046763028224));
#1629 = CARTESIAN_POINT('',(-10.39615899304,5.33793493822,6.055999785104
    ));
#1630 = CARTESIAN_POINT('',(-10.39221384631,5.339789845047,
    6.080064823764));
#1631 = CARTESIAN_POINT('',(-10.38915457626,5.341125857883,6.09423703358
    ));
#1632 = CARTESIAN_POINT('',(-10.38573274391,5.342451616971,
    6.107298381733));
#1633 = CARTESIAN_POINT('',(-10.38207420158,5.343667549179,
    6.119374582733));
#1634 = CARTESIAN_POINT('',(-10.37823313231,5.344747114207,
    6.130660007091));
#1635 = CARTESIAN_POINT('',(-10.37074295987,5.34643504936,6.150477208958
    ));
#1636 = CARTESIAN_POINT('',(-10.36718793088,5.347084777108,
    6.159087584074));
#1637 = CARTESIAN_POINT('',(-10.36353516717,5.347588428636,
    6.167275411955));
#1638 = CARTESIAN_POINT('',(-10.35980945204,5.347932932159,
    6.175072157482));
#1639 = CARTESIAN_POINT('',(-10.35602456946,5.348110089723,
    6.182516279931));
#1640 = CARTESIAN_POINT('',(-10.35218187575,5.348110089723,
    6.189652119395));
#1641 = PCURVE('',#929,#1642);
#1642 = DEFINITIONAL_REPRESENTATION('',(#1643),#1661);
#1643 = B_SPLINE_CURVE_WITH_KNOTS('',6,(#1644,#1645,#1646,#1647,#1648,
    #1649,#1650,#1651,#1652,#1653,#1654,#1655,#1656,#1657,#1658,#1659,
    #1660),.UNSPECIFIED.,.F.,.F.,(7,5,5,7),(0.,0.235521379435,
    0.650640291153,1.),.UNSPECIFIED.);
#1644 = CARTESIAN_POINT('',(4.728259763995,5.335963616461));
#1645 = CARTESIAN_POINT('',(4.754495750915,5.336054171602));
#1646 = CARTESIAN_POINT('',(4.780187066149,5.336321897802));
#1647 = CARTESIAN_POINT('',(4.805235703335,5.336749151733));
#1648 = CARTESIAN_POINT('',(4.829507565314,5.337301281685));
#1649 = CARTESIAN_POINT('',(4.852811852995,5.33793493822));
#1650 = CARTESIAN_POINT('',(4.913777533326,5.339789845047));
#1651 = CARTESIAN_POINT('',(4.949978660137,5.341125857883));
#1652 = CARTESIAN_POINT('',(4.983691683765,5.342451616971));
#1653 = CARTESIAN_POINT('',(5.01520875329,5.343667549179));
#1654 = CARTESIAN_POINT('',(5.044995201308,5.344747114207));
#1655 = CARTESIAN_POINT('',(5.097958878309,5.34643504936));
#1656 = CARTESIAN_POINT('',(5.121236779545,5.347084777108));
#1657 = CARTESIAN_POINT('',(5.143638450612,5.347588428636));
#1658 = CARTESIAN_POINT('',(5.165231308238,5.347932932159));
#1659 = CARTESIAN_POINT('',(5.186103160209,5.348110089723));
#1660 = CARTESIAN_POINT('',(5.206364962293,5.348110089723));
#1661 = ( GEOMETRIC_REPRESENTATION_CONTEXT(2) 
PARAMETRIC_REPRESENTATION_CONTEXT() REPRESENTATION_CONTEXT('2D SPACE',''
  ) );
#1662 = PCURVE('',#896,#1663);
#1663 = DEFINITIONAL_REPRESENTATION('',(#1664),#1682);
#1664 = B_SPLINE_CURVE_WITH_KNOTS('',6,(#1665,#1666,#1667,#1668,#1669,
    #1670,#1671,#1672,#1673,#1674,#1675,#1676,#1677,#1678,#1679,#1680,
    #1681),.UNSPECIFIED.,.F.,.F.,(7,5,5,7),(0.,0.235521379435,
    0.650640291153,1.),.UNSPECIFIED.);
#1665 = CARTESIAN_POINT('',(2.068805516724,-6.0000006));
#1666 = CARTESIAN_POINT('',(2.066909778639,-5.989507526878));
#1667 = CARTESIAN_POINT('',(2.061295480004,-5.979237559596));
#1668 = CARTESIAN_POINT('',(2.052281773489,-5.969242382257));
#1669 = CARTESIAN_POINT('',(2.04033598061,-5.959585618719));
#1670 = CARTESIAN_POINT('',(2.02608054971,-5.95034886184));
#1671 = CARTESIAN_POINT('',(1.982485983385,-5.92628382318));
#1672 = CARTESIAN_POINT('',(1.949115268696,-5.912111613363));
#1673 = CARTESIAN_POINT('',(1.912473659916,-5.89905026521));
#1674 = CARTESIAN_POINT('',(1.873984737825,-5.88697406421));
#1675 = CARTESIAN_POINT('',(1.834139318378,-5.875688639853));
#1676 = CARTESIAN_POINT('',(1.757359237441,-5.855871437986));
#1677 = CARTESIAN_POINT('',(1.721250934406,-5.84726106287));
#1678 = CARTESIAN_POINT('',(1.684430169729,-5.839073234989));
#1679 = CARTESIAN_POINT('',(1.647072735352,-5.831276489462));
#1680 = CARTESIAN_POINT('',(1.609223263874,-5.823832367013));
#1681 = CARTESIAN_POINT('',(1.570796326795,-5.816696527549));
#1682 = ( GEOMETRIC_REPRESENTATION_CONTEXT(2) 
PARAMETRIC_REPRESENTATION_CONTEXT() REPRESENTATION_CONTEXT('2D SPACE',''
  ) );
#1683 = ORIENTED_EDGE('',*,*,#1334,.T.);
#1684 = ADVANCED_FACE('',(#1685),#896,.T.);
#1685 = FACE_BOUND('',#1686,.T.);
#1686 = EDGE_LOOP('',(#1687,#1733,#1734,#1735,#1736));
#1687 = ORIENTED_EDGE('',*,*,#1688,.T.);
#1688 = EDGE_CURVE('',#1689,#839,#1691,.T.);
#1689 = VERTEX_POINT('',#1690);
#1690 = CARTESIAN_POINT('',(-10.45218187575,5.248110089723,
    18.006348646944));
#1691 = SURFACE_CURVE('',#1692,(#1697,#1704),.PCURVE_S1.);
#1692 = CIRCLE('',#1693,0.1);
#1693 = AXIS2_PLACEMENT_3D('',#1694,#1695,#1696);
#1694 = CARTESIAN_POINT('',(-10.35218187575,5.248110089723,
    18.006348646944));
#1695 = DIRECTION('',(0.,0.,-1.));
#1696 = DIRECTION('',(1.,0.,0.));
#1697 = PCURVE('',#896,#1698);
#1698 = DEFINITIONAL_REPRESENTATION('',(#1699),#1703);
#1699 = LINE('',#1700,#1701);
#1700 = CARTESIAN_POINT('',(6.28318530718,6.));
#1701 = VECTOR('',#1702,1.);
#1702 = DIRECTION('',(-1.,0.));
#1703 = ( GEOMETRIC_REPRESENTATION_CONTEXT(2) 
PARAMETRIC_REPRESENTATION_CONTEXT() REPRESENTATION_CONTEXT('2D SPACE',''
  ) );
#1704 = PCURVE('',#856,#1705);
#1705 = DEFINITIONAL_REPRESENTATION('',(#1706),#1732);
#1706 = B_SPLINE_CURVE_WITH_KNOTS('',3,(#1707,#1708,#1709,#1710,#1711,
    #1712,#1713,#1714,#1715,#1716,#1717,#1718,#1719,#1720,#1721,#1722,
    #1723,#1724,#1725,#1726,#1727,#1728,#1729,#1730,#1731),
  .UNSPECIFIED.,.F.,.F.,(4,1,1,1,1,1,1,1,1,1,1,1,1,1,1,1,1,1,1,1,1,1,4),
  (3.14159265359,3.212992486626,3.284392319662,3.355792152698,
    3.427191985734,3.49859181877,3.569991651807,3.641391484843,
    3.712791317879,3.784191150915,3.855590983951,3.926990816987,
    3.998390650023,4.06979048306,4.141190316096,4.212590149132,
    4.283989982168,4.355389815204,4.42678964824,4.498189481276,
    4.569589314312,4.640989147349,4.712388980385),
  .QUASI_UNIFORM_KNOTS.);
#1707 = CARTESIAN_POINT('',(0.,1.));
#1708 = CARTESIAN_POINT('',(1.682780133705E-02,1.));
#1709 = CARTESIAN_POINT('',(4.999070298881E-02,1.));
#1710 = CARTESIAN_POINT('',(9.842552590405E-02,1.));
#1711 = CARTESIAN_POINT('',(0.145724913075,1.));
#1712 = CARTESIAN_POINT('',(0.192043637223,1.));
#1713 = CARTESIAN_POINT('',(0.237526724423,1.));
#1714 = CARTESIAN_POINT('',(0.282309422539,1.));
#1715 = CARTESIAN_POINT('',(0.326519436214,1.));
#1716 = CARTESIAN_POINT('',(0.370278310591,1.));
#1717 = CARTESIAN_POINT('',(0.413702852292,1.));
#1718 = CARTESIAN_POINT('',(0.456906394885,1.));
#1719 = CARTESIAN_POINT('',(0.5,1.));
#1720 = CARTESIAN_POINT('',(0.543093605115,1.));
#1721 = CARTESIAN_POINT('',(0.586297147708,1.));
#1722 = CARTESIAN_POINT('',(0.629721689409,1.));
#1723 = CARTESIAN_POINT('',(0.673480563786,1.));
#1724 = CARTESIAN_POINT('',(0.717690577461,1.));
#1725 = CARTESIAN_POINT('',(0.762473275577,1.));
#1726 = CARTESIAN_POINT('',(0.807956362777,1.));
#1727 = CARTESIAN_POINT('',(0.854275086925,1.));
#1728 = CARTESIAN_POINT('',(0.901574474096,1.));
#1729 = CARTESIAN_POINT('',(0.950009297011,1.));
#1730 = CARTESIAN_POINT('',(0.983172198663,1.));
#1731 = CARTESIAN_POINT('',(1.,1.));
#1732 = ( GEOMETRIC_REPRESENTATION_CONTEXT(2) 
PARAMETRIC_REPRESENTATION_CONTEXT() REPRESENTATION_CONTEXT('2D SPACE',''
  ) );
#1733 = ORIENTED_EDGE('',*,*,#880,.T.);
#1734 = ORIENTED_EDGE('',*,*,#1621,.F.);
#1735 = ORIENTED_EDGE('',*,*,#1288,.F.);
#1736 = ORIENTED_EDGE('',*,*,#1737,.T.);
#1737 = EDGE_CURVE('',#1238,#1689,#1738,.T.);
#1738 = SURFACE_CURVE('',#1739,(#1743,#1750),.PCURVE_S1.);
#1739 = LINE('',#1740,#1741);
#1740 = CARTESIAN_POINT('',(-10.45218187575,5.248110089723,
    19.506348646944));
#1741 = VECTOR('',#1742,1.);
#1742 = DIRECTION('',(0.,0.,1.));
#1743 = PCURVE('',#896,#1744);
#1744 = DEFINITIONAL_REPRESENTATION('',(#1745),#1749);
#1745 = LINE('',#1746,#1747);
#1746 = CARTESIAN_POINT('',(3.14159265359,7.5));
#1747 = VECTOR('',#1748,1.);
#1748 = DIRECTION('',(0.,1.));
#1749 = ( GEOMETRIC_REPRESENTATION_CONTEXT(2) 
PARAMETRIC_REPRESENTATION_CONTEXT() REPRESENTATION_CONTEXT('2D SPACE',''
  ) );
#1750 = PCURVE('',#1751,#1756);
#1751 = PLANE('',#1752);
#1752 = AXIS2_PLACEMENT_3D('',#1753,#1754,#1755);
#1753 = CARTESIAN_POINT('',(-10.45218187575,5.348110089723,
    19.506348646944));
#1754 = DIRECTION('',(1.,0.,0.));
#1755 = DIRECTION('',(0.,0.,-1.));
#1756 = DEFINITIONAL_REPRESENTATION('',(#1757),#1761);
#1757 = LINE('',#1758,#1759);
#1758 = CARTESIAN_POINT('',(0.,-0.1));
#1759 = VECTOR('',#1760,1.);
#1760 = DIRECTION('',(-1.,0.));
#1761 = ( GEOMETRIC_REPRESENTATION_CONTEXT(2) 
PARAMETRIC_REPRESENTATION_CONTEXT() REPRESENTATION_CONTEXT('2D SPACE',''
  ) );
#1762 = ADVANCED_FACE('',(#1763),#856,.T.);
#1763 = FACE_BOUND('',#1764,.T.);
#1764 = EDGE_LOOP('',(#1765,#1816,#1860,#1861));
#1765 = ORIENTED_EDGE('',*,*,#1766,.F.);
#1766 = EDGE_CURVE('',#1767,#1689,#1769,.T.);
#1767 = VERTEX_POINT('',#1768);
#1768 = CARTESIAN_POINT('',(-8.952181875753,5.248110089723,
    19.506348646944));
#1769 = SURFACE_CURVE('',#1770,(#1775,#1804),.PCURVE_S1.);
#1770 = CIRCLE('',#1771,1.5);
#1771 = AXIS2_PLACEMENT_3D('',#1772,#1773,#1774);
#1772 = CARTESIAN_POINT('',(-8.952181875753,5.248110089723,
    18.006348646944));
#1773 = DIRECTION('',(0.,-1.,0.));
#1774 = DIRECTION('',(0.,0.,-1.));
#1775 = PCURVE('',#856,#1776);
#1776 = DEFINITIONAL_REPRESENTATION('',(#1777),#1803);
#1777 = B_SPLINE_CURVE_WITH_KNOTS('',3,(#1778,#1779,#1780,#1781,#1782,
    #1783,#1784,#1785,#1786,#1787,#1788,#1789,#1790,#1791,#1792,#1793,
    #1794,#1795,#1796,#1797,#1798,#1799,#1800,#1801,#1802),
  .UNSPECIFIED.,.F.,.F.,(4,1,1,1,1,1,1,1,1,1,1,1,1,1,1,1,1,1,1,1,1,1,4),
  (3.14159265359,3.212992486626,3.284392319662,3.355792152698,
    3.427191985734,3.49859181877,3.569991651807,3.641391484843,
    3.712791317879,3.784191150915,3.855590983951,3.926990816987,
    3.998390650023,4.06979048306,4.141190316096,4.212590149132,
    4.283989982168,4.355389815204,4.42678964824,4.498189481276,
    4.569589314312,4.640989147349,4.712388980385),
  .QUASI_UNIFORM_KNOTS.);
#1778 = CARTESIAN_POINT('',(0.,0.));
#1779 = CARTESIAN_POINT('',(0.,1.682780133706E-02));
#1780 = CARTESIAN_POINT('',(0.,4.999070298881E-02));
#1781 = CARTESIAN_POINT('',(0.,9.842552590405E-02));
#1782 = CARTESIAN_POINT('',(0.,0.145724913075));
#1783 = CARTESIAN_POINT('',(0.,0.192043637223));
#1784 = CARTESIAN_POINT('',(0.,0.237526724423));
#1785 = CARTESIAN_POINT('',(0.,0.282309422539));
#1786 = CARTESIAN_POINT('',(0.,0.326519436214));
#1787 = CARTESIAN_POINT('',(0.,0.370278310591));
#1788 = CARTESIAN_POINT('',(0.,0.413702852292));
#1789 = CARTESIAN_POINT('',(0.,0.456906394885));
#1790 = CARTESIAN_POINT('',(0.,0.5));
#1791 = CARTESIAN_POINT('',(0.,0.543093605115));
#1792 = CARTESIAN_POINT('',(0.,0.586297147708));
#1793 = CARTESIAN_POINT('',(0.,0.629721689409));
#1794 = CARTESIAN_POINT('',(0.,0.673480563786));
#1795 = CARTESIAN_POINT('',(0.,0.717690577461));
#1796 = CARTESIAN_POINT('',(0.,0.762473275577));
#1797 = CARTESIAN_POINT('',(0.,0.807956362777));
#1798 = CARTESIAN_POINT('',(0.,0.854275086925));
#1799 = CARTESIAN_POINT('',(0.,0.901574474096));
#1800 = CARTESIAN_POINT('',(0.,0.950009297011));
#1801 = CARTESIAN_POINT('',(-0.,0.983172198663));
#1802 = CARTESIAN_POINT('',(0.,1.));
#1803 = ( GEOMETRIC_REPRESENTATION_CONTEXT(2) 
PARAMETRIC_REPRESENTATION_CONTEXT() REPRESENTATION_CONTEXT('2D SPACE',''
  ) );
#1804 = PCURVE('',#1805,#1810);
#1805 = CYLINDRICAL_SURFACE('',#1806,1.5);
#1806 = AXIS2_PLACEMENT_3D('',#1807,#1808,#1809);
#1807 = CARTESIAN_POINT('',(-8.952181875753,5.348110089723,
    18.006348646944));
#1808 = DIRECTION('',(0.,-1.,0.));
#1809 = DIRECTION('',(0.,0.,-1.));
#1810 = DEFINITIONAL_REPRESENTATION('',(#1811),#1815);
#1811 = LINE('',#1812,#1813);
#1812 = CARTESIAN_POINT('',(0.,0.1));
#1813 = VECTOR('',#1814,1.);
#1814 = DIRECTION('',(1.,0.));
#1815 = ( GEOMETRIC_REPRESENTATION_CONTEXT(2) 
PARAMETRIC_REPRESENTATION_CONTEXT() REPRESENTATION_CONTEXT('2D SPACE',''
  ) );
#1816 = ORIENTED_EDGE('',*,*,#1817,.T.);
#1817 = EDGE_CURVE('',#1767,#811,#1818,.T.);
#1818 = SURFACE_CURVE('',#1819,(#1824,#1853),.PCURVE_S1.);
#1819 = CIRCLE('',#1820,0.1);
#1820 = AXIS2_PLACEMENT_3D('',#1821,#1822,#1823);
#1821 = CARTESIAN_POINT('',(-8.952181875753,5.248110089723,
    19.406348646944));
#1822 = DIRECTION('',(-1.,0.,1.224646799147E-16));
#1823 = DIRECTION('',(1.224646799147E-16,0.,1.));
#1824 = PCURVE('',#856,#1825);
#1825 = DEFINITIONAL_REPRESENTATION('',(#1826),#1852);
#1826 = B_SPLINE_CURVE_WITH_KNOTS('',3,(#1827,#1828,#1829,#1830,#1831,
    #1832,#1833,#1834,#1835,#1836,#1837,#1838,#1839,#1840,#1841,#1842,
    #1843,#1844,#1845,#1846,#1847,#1848,#1849,#1850,#1851),
  .UNSPECIFIED.,.F.,.F.,(4,1,1,1,1,1,1,1,1,1,1,1,1,1,1,1,1,1,1,1,1,1,4),
  (0.,7.139983303613E-02,0.142799666072,0.214199499108,0.285599332145,
    0.356999165181,0.428398998217,0.499798831253,0.571198664289,
    0.642598497325,0.713998330361,0.785398163397,0.856797996434,
    0.92819782947,0.999597662506,1.070997495542,1.142397328578,
    1.213797161614,1.28519699465,1.356596827687,1.427996660723,
    1.499396493759,1.570796326795),.QUASI_UNIFORM_KNOTS.);
#1827 = CARTESIAN_POINT('',(0.,0.));
#1828 = CARTESIAN_POINT('',(1.682780133705E-02,0.));
#1829 = CARTESIAN_POINT('',(4.99907029888E-02,0.));
#1830 = CARTESIAN_POINT('',(9.842552590406E-02,0.));
#1831 = CARTESIAN_POINT('',(0.145724913075,0.));
#1832 = CARTESIAN_POINT('',(0.192043637223,0.));
#1833 = CARTESIAN_POINT('',(0.237526724423,0.));
#1834 = CARTESIAN_POINT('',(0.282309422539,0.));
#1835 = CARTESIAN_POINT('',(0.326519436214,0.));
#1836 = CARTESIAN_POINT('',(0.370278310591,0.));
#1837 = CARTESIAN_POINT('',(0.413702852292,0.));
#1838 = CARTESIAN_POINT('',(0.456906394885,0.));
#1839 = CARTESIAN_POINT('',(0.5,0.));
#1840 = CARTESIAN_POINT('',(0.543093605115,0.));
#1841 = CARTESIAN_POINT('',(0.586297147708,0.));
#1842 = CARTESIAN_POINT('',(0.629721689409,0.));
#1843 = CARTESIAN_POINT('',(0.673480563786,0.));
#1844 = CARTESIAN_POINT('',(0.717690577461,0.));
#1845 = CARTESIAN_POINT('',(0.762473275577,0.));
#1846 = CARTESIAN_POINT('',(0.807956362777,0.));
#1847 = CARTESIAN_POINT('',(0.854275086925,0.));
#1848 = CARTESIAN_POINT('',(0.901574474096,0.));
#1849 = CARTESIAN_POINT('',(0.950009297011,0.));
#1850 = CARTESIAN_POINT('',(0.983172198663,-0.));
#1851 = CARTESIAN_POINT('',(1.,0.));
#1852 = ( GEOMETRIC_REPRESENTATION_CONTEXT(2) 
PARAMETRIC_REPRESENTATION_CONTEXT() REPRESENTATION_CONTEXT('2D SPACE',''
  ) );
#1853 = PCURVE('',#826,#1854);
#1854 = DEFINITIONAL_REPRESENTATION('',(#1855),#1859);
#1855 = LINE('',#1856,#1857);
#1856 = CARTESIAN_POINT('',(3.14159265359,-6.));
#1857 = VECTOR('',#1858,1.);
#1858 = DIRECTION('',(-1.,0.));
#1859 = ( GEOMETRIC_REPRESENTATION_CONTEXT(2) 
PARAMETRIC_REPRESENTATION_CONTEXT() REPRESENTATION_CONTEXT('2D SPACE',''
  ) );
#1860 = ORIENTED_EDGE('',*,*,#838,.T.);
#1861 = ORIENTED_EDGE('',*,*,#1688,.F.);
#1862 = ADVANCED_FACE('',(#1863),#826,.T.);
#1863 = FACE_BOUND('',#1864,.T.);
#1864 = EDGE_LOOP('',(#1865,#1866,#1867,#1895));
#1865 = ORIENTED_EDGE('',*,*,#810,.T.);
#1866 = ORIENTED_EDGE('',*,*,#1817,.F.);
#1867 = ORIENTED_EDGE('',*,*,#1868,.T.);
#1868 = EDGE_CURVE('',#1767,#1869,#1871,.T.);
#1869 = VERTEX_POINT('',#1870);
#1870 = CARTESIAN_POINT('',(3.047818124247,5.248110089723,
    19.506348646944));
#1871 = SURFACE_CURVE('',#1872,(#1876,#1883),.PCURVE_S1.);
#1872 = LINE('',#1873,#1874);
#1873 = CARTESIAN_POINT('',(-10.45218187575,5.248110089723,
    19.506348646944));
#1874 = VECTOR('',#1875,1.);
#1875 = DIRECTION('',(1.,0.,0.));
#1876 = PCURVE('',#826,#1877);
#1877 = DEFINITIONAL_REPRESENTATION('',(#1878),#1882);
#1878 = LINE('',#1879,#1880);
#1879 = CARTESIAN_POINT('',(3.14159265359,-7.5));
#1880 = VECTOR('',#1881,1.);
#1881 = DIRECTION('',(0.,1.));
#1882 = ( GEOMETRIC_REPRESENTATION_CONTEXT(2) 
PARAMETRIC_REPRESENTATION_CONTEXT() REPRESENTATION_CONTEXT('2D SPACE',''
  ) );
#1883 = PCURVE('',#1884,#1889);
#1884 = PLANE('',#1885);
#1885 = AXIS2_PLACEMENT_3D('',#1886,#1887,#1888);
#1886 = CARTESIAN_POINT('',(-10.45218187575,5.348110089723,
    19.506348646944));
#1887 = DIRECTION('',(0.,0.,-1.));
#1888 = DIRECTION('',(-1.,0.,0.));
#1889 = DEFINITIONAL_REPRESENTATION('',(#1890),#1894);
#1890 = LINE('',#1891,#1892);
#1891 = CARTESIAN_POINT('',(-0.,-0.1));
#1892 = VECTOR('',#1893,1.);
#1893 = DIRECTION('',(-1.,0.));
#1894 = ( GEOMETRIC_REPRESENTATION_CONTEXT(2) 
PARAMETRIC_REPRESENTATION_CONTEXT() REPRESENTATION_CONTEXT('2D SPACE',''
  ) );
#1895 = ORIENTED_EDGE('',*,*,#1896,.T.);
#1896 = EDGE_CURVE('',#1869,#769,#1897,.T.);
#1897 = SURFACE_CURVE('',#1898,(#1903,#1910),.PCURVE_S1.);
#1898 = CIRCLE('',#1899,0.1);
#1899 = AXIS2_PLACEMENT_3D('',#1900,#1901,#1902);
#1900 = CARTESIAN_POINT('',(3.047818124247,5.248110089723,
    19.406348646944));
#1901 = DIRECTION('',(-1.,-0.,-0.));
#1902 = DIRECTION('',(0.,0.,-1.));
#1903 = PCURVE('',#826,#1904);
#1904 = DEFINITIONAL_REPRESENTATION('',(#1905),#1909);
#1905 = LINE('',#1906,#1907);
#1906 = CARTESIAN_POINT('',(6.28318530718,6.));
#1907 = VECTOR('',#1908,1.);
#1908 = DIRECTION('',(-1.,0.));
#1909 = ( GEOMETRIC_REPRESENTATION_CONTEXT(2) 
PARAMETRIC_REPRESENTATION_CONTEXT() REPRESENTATION_CONTEXT('2D SPACE',''
  ) );
#1910 = PCURVE('',#786,#1911);
#1911 = DEFINITIONAL_REPRESENTATION('',(#1912),#1938);
#1912 = B_SPLINE_CURVE_WITH_KNOTS('',3,(#1913,#1914,#1915,#1916,#1917,
    #1918,#1919,#1920,#1921,#1922,#1923,#1924,#1925,#1926,#1927,#1928,
    #1929,#1930,#1931,#1932,#1933,#1934,#1935,#1936,#1937),
  .UNSPECIFIED.,.F.,.F.,(4,1,1,1,1,1,1,1,1,1,1,1,1,1,1,1,1,1,1,1,1,1,4),
  (3.14159265359,3.212992486626,3.284392319662,3.355792152698,
    3.427191985734,3.49859181877,3.569991651807,3.641391484843,
    3.712791317879,3.784191150915,3.855590983951,3.926990816987,
    3.998390650023,4.06979048306,4.141190316096,4.212590149132,
    4.283989982168,4.355389815204,4.42678964824,4.498189481276,
    4.569589314312,4.640989147349,4.712388980385),
  .QUASI_UNIFORM_KNOTS.);
#1913 = CARTESIAN_POINT('',(0.,1.));
#1914 = CARTESIAN_POINT('',(1.682780133705E-02,1.));
#1915 = CARTESIAN_POINT('',(4.99907029888E-02,1.));
#1916 = CARTESIAN_POINT('',(9.842552590405E-02,1.));
#1917 = CARTESIAN_POINT('',(0.145724913075,1.));
#1918 = CARTESIAN_POINT('',(0.192043637223,1.));
#1919 = CARTESIAN_POINT('',(0.237526724423,1.));
#1920 = CARTESIAN_POINT('',(0.282309422539,1.));
#1921 = CARTESIAN_POINT('',(0.326519436214,1.));
#1922 = CARTESIAN_POINT('',(0.370278310591,1.));
#1923 = CARTESIAN_POINT('',(0.413702852292,1.));
#1924 = CARTESIAN_POINT('',(0.456906394885,1.));
#1925 = CARTESIAN_POINT('',(0.5,1.));
#1926 = CARTESIAN_POINT('',(0.543093605115,1.));
#1927 = CARTESIAN_POINT('',(0.586297147708,1.));
#1928 = CARTESIAN_POINT('',(0.629721689409,1.));
#1929 = CARTESIAN_POINT('',(0.673480563786,1.));
#1930 = CARTESIAN_POINT('',(0.717690577461,1.));
#1931 = CARTESIAN_POINT('',(0.762473275577,1.));
#1932 = CARTESIAN_POINT('',(0.807956362777,1.));
#1933 = CARTESIAN_POINT('',(0.854275086925,1.));
#1934 = CARTESIAN_POINT('',(0.901574474096,1.));
#1935 = CARTESIAN_POINT('',(0.950009297011,1.));
#1936 = CARTESIAN_POINT('',(0.983172198663,1.));
#1937 = CARTESIAN_POINT('',(1.,1.));
#1938 = ( GEOMETRIC_REPRESENTATION_CONTEXT(2) 
PARAMETRIC_REPRESENTATION_CONTEXT() REPRESENTATION_CONTEXT('2D SPACE',''
  ) );
#1939 = ADVANCED_FACE('',(#1940),#786,.T.);
#1940 = FACE_BOUND('',#1941,.T.);
#1941 = EDGE_LOOP('',(#1942,#1993,#2037,#2038));
#1942 = ORIENTED_EDGE('',*,*,#1943,.F.);
#1943 = EDGE_CURVE('',#1944,#1869,#1946,.T.);
#1944 = VERTEX_POINT('',#1945);
#1945 = CARTESIAN_POINT('',(4.547818124247,5.248110089723,
    18.006348646944));
#1946 = SURFACE_CURVE('',#1947,(#1952,#1981),.PCURVE_S1.);
#1947 = CIRCLE('',#1948,1.5);
#1948 = AXIS2_PLACEMENT_3D('',#1949,#1950,#1951);
#1949 = CARTESIAN_POINT('',(3.047818124247,5.248110089723,
    18.006348646944));
#1950 = DIRECTION('',(0.,-1.,0.));
#1951 = DIRECTION('',(0.,0.,-1.));
#1952 = PCURVE('',#786,#1953);
#1953 = DEFINITIONAL_REPRESENTATION('',(#1954),#1980);
#1954 = B_SPLINE_CURVE_WITH_KNOTS('',3,(#1955,#1956,#1957,#1958,#1959,
    #1960,#1961,#1962,#1963,#1964,#1965,#1966,#1967,#1968,#1969,#1970,
    #1971,#1972,#1973,#1974,#1975,#1976,#1977,#1978,#1979),
  .UNSPECIFIED.,.F.,.F.,(4,1,1,1,1,1,1,1,1,1,1,1,1,1,1,1,1,1,1,1,1,1,4),
  (1.570796326795,1.642196159831,1.713595992867,1.784995825903,
    1.856395658939,1.927795491976,1.999195325012,2.070595158048,
    2.141994991084,2.21339482412,2.284794657156,2.356194490192,
    2.427594323228,2.498994156265,2.570393989301,2.641793822337,
    2.713193655373,2.784593488409,2.855993321445,2.927393154481,
    2.998792987518,3.070192820554,3.14159265359),.QUASI_UNIFORM_KNOTS.);
#1955 = CARTESIAN_POINT('',(0.,0.));
#1956 = CARTESIAN_POINT('',(0.,1.682780133706E-02));
#1957 = CARTESIAN_POINT('',(0.,4.999070298881E-02));
#1958 = CARTESIAN_POINT('',(0.,9.842552590405E-02));
#1959 = CARTESIAN_POINT('',(0.,0.145724913075));
#1960 = CARTESIAN_POINT('',(0.,0.192043637223));
#1961 = CARTESIAN_POINT('',(0.,0.237526724423));
#1962 = CARTESIAN_POINT('',(0.,0.282309422539));
#1963 = CARTESIAN_POINT('',(0.,0.326519436214));
#1964 = CARTESIAN_POINT('',(0.,0.370278310591));
#1965 = CARTESIAN_POINT('',(0.,0.413702852292));
#1966 = CARTESIAN_POINT('',(0.,0.456906394885));
#1967 = CARTESIAN_POINT('',(0.,0.5));
#1968 = CARTESIAN_POINT('',(0.,0.543093605115));
#1969 = CARTESIAN_POINT('',(0.,0.586297147708));
#1970 = CARTESIAN_POINT('',(0.,0.629721689409));
#1971 = CARTESIAN_POINT('',(0.,0.673480563786));
#1972 = CARTESIAN_POINT('',(0.,0.717690577461));
#1973 = CARTESIAN_POINT('',(0.,0.762473275577));
#1974 = CARTESIAN_POINT('',(0.,0.807956362777));
#1975 = CARTESIAN_POINT('',(0.,0.854275086925));
#1976 = CARTESIAN_POINT('',(0.,0.901574474096));
#1977 = CARTESIAN_POINT('',(0.,0.950009297011));
#1978 = CARTESIAN_POINT('',(-0.,0.983172198663));
#1979 = CARTESIAN_POINT('',(0.,1.));
#1980 = ( GEOMETRIC_REPRESENTATION_CONTEXT(2) 
PARAMETRIC_REPRESENTATION_CONTEXT() REPRESENTATION_CONTEXT('2D SPACE',''
  ) );
#1981 = PCURVE('',#1982,#1987);
#1982 = CYLINDRICAL_SURFACE('',#1983,1.5);
#1983 = AXIS2_PLACEMENT_3D('',#1984,#1985,#1986);
#1984 = CARTESIAN_POINT('',(3.047818124247,5.348110089723,
    18.006348646944));
#1985 = DIRECTION('',(0.,-1.,0.));
#1986 = DIRECTION('',(0.,0.,-1.));
#1987 = DEFINITIONAL_REPRESENTATION('',(#1988),#1992);
#1988 = LINE('',#1989,#1990);
#1989 = CARTESIAN_POINT('',(0.,0.1));
#1990 = VECTOR('',#1991,1.);
#1991 = DIRECTION('',(1.,0.));
#1992 = ( GEOMETRIC_REPRESENTATION_CONTEXT(2) 
PARAMETRIC_REPRESENTATION_CONTEXT() REPRESENTATION_CONTEXT('2D SPACE',''
  ) );
#1993 = ORIENTED_EDGE('',*,*,#1994,.T.);
#1994 = EDGE_CURVE('',#1944,#741,#1995,.T.);
#1995 = SURFACE_CURVE('',#1996,(#2001,#2030),.PCURVE_S1.);
#1996 = CIRCLE('',#1997,0.1);
#1997 = AXIS2_PLACEMENT_3D('',#1998,#1999,#2000);
#1998 = CARTESIAN_POINT('',(4.447818124247,5.248110089723,
    18.006348646944));
#1999 = DIRECTION('',(6.123233995737E-17,-0.,1.));
#2000 = DIRECTION('',(1.,0.,-6.123233995737E-17));
#2001 = PCURVE('',#786,#2002);
#2002 = DEFINITIONAL_REPRESENTATION('',(#2003),#2029);
#2003 = B_SPLINE_CURVE_WITH_KNOTS('',3,(#2004,#2005,#2006,#2007,#2008,
    #2009,#2010,#2011,#2012,#2013,#2014,#2015,#2016,#2017,#2018,#2019,
    #2020,#2021,#2022,#2023,#2024,#2025,#2026,#2027,#2028),
  .UNSPECIFIED.,.F.,.F.,(4,1,1,1,1,1,1,1,1,1,1,1,1,1,1,1,1,1,1,1,1,1,4),
  (0.,7.139983303613E-02,0.142799666072,0.214199499108,0.285599332145,
    0.356999165181,0.428398998217,0.499798831253,0.571198664289,
    0.642598497325,0.713998330361,0.785398163397,0.856797996434,
    0.92819782947,0.999597662506,1.070997495542,1.142397328578,
    1.213797161614,1.28519699465,1.356596827687,1.427996660723,
    1.499396493759,1.570796326795),.QUASI_UNIFORM_KNOTS.);
#2004 = CARTESIAN_POINT('',(0.,0.));
#2005 = CARTESIAN_POINT('',(1.682780133706E-02,0.));
#2006 = CARTESIAN_POINT('',(4.999070298881E-02,0.));
#2007 = CARTESIAN_POINT('',(9.842552590405E-02,0.));
#2008 = CARTESIAN_POINT('',(0.145724913075,0.));
#2009 = CARTESIAN_POINT('',(0.192043637223,0.));
#2010 = CARTESIAN_POINT('',(0.237526724423,0.));
#2011 = CARTESIAN_POINT('',(0.282309422539,0.));
#2012 = CARTESIAN_POINT('',(0.326519436214,0.));
#2013 = CARTESIAN_POINT('',(0.370278310591,0.));
#2014 = CARTESIAN_POINT('',(0.413702852292,0.));
#2015 = CARTESIAN_POINT('',(0.456906394885,0.));
#2016 = CARTESIAN_POINT('',(0.5,0.));
#2017 = CARTESIAN_POINT('',(0.543093605115,0.));
#2018 = CARTESIAN_POINT('',(0.586297147708,0.));
#2019 = CARTESIAN_POINT('',(0.629721689409,0.));
#2020 = CARTESIAN_POINT('',(0.673480563786,0.));
#2021 = CARTESIAN_POINT('',(0.717690577461,0.));
#2022 = CARTESIAN_POINT('',(0.762473275577,0.));
#2023 = CARTESIAN_POINT('',(0.807956362777,0.));
#2024 = CARTESIAN_POINT('',(0.854275086925,0.));
#2025 = CARTESIAN_POINT('',(0.901574474096,0.));
#2026 = CARTESIAN_POINT('',(0.950009297011,0.));
#2027 = CARTESIAN_POINT('',(0.983172198663,-0.));
#2028 = CARTESIAN_POINT('',(1.,0.));
#2029 = ( GEOMETRIC_REPRESENTATION_CONTEXT(2) 
PARAMETRIC_REPRESENTATION_CONTEXT() REPRESENTATION_CONTEXT('2D SPACE',''
  ) );
#2030 = PCURVE('',#756,#2031);
#2031 = DEFINITIONAL_REPRESENTATION('',(#2032),#2036);
#2032 = LINE('',#2033,#2034);
#2033 = CARTESIAN_POINT('',(3.14159265359,-6.));
#2034 = VECTOR('',#2035,1.);
#2035 = DIRECTION('',(-1.,0.));
#2036 = ( GEOMETRIC_REPRESENTATION_CONTEXT(2) 
PARAMETRIC_REPRESENTATION_CONTEXT() REPRESENTATION_CONTEXT('2D SPACE',''
  ) );
#2037 = ORIENTED_EDGE('',*,*,#768,.T.);
#2038 = ORIENTED_EDGE('',*,*,#1896,.F.);
#2039 = ADVANCED_FACE('',(#2040),#756,.T.);
#2040 = FACE_BOUND('',#2041,.T.);
#2041 = EDGE_LOOP('',(#2042,#2043,#2044,#2072,#2145));
#2042 = ORIENTED_EDGE('',*,*,#740,.T.);
#2043 = ORIENTED_EDGE('',*,*,#1994,.F.);
#2044 = ORIENTED_EDGE('',*,*,#2045,.T.);
#2045 = EDGE_CURVE('',#1944,#2046,#2048,.T.);
#2046 = VERTEX_POINT('',#2047);
#2047 = CARTESIAN_POINT('',(4.547818124247,5.248110089723,5.589191359418
    ));
#2048 = SURFACE_CURVE('',#2049,(#2053,#2060),.PCURVE_S1.);
#2049 = LINE('',#2050,#2051);
#2050 = CARTESIAN_POINT('',(4.547818124247,5.248110089723,
    19.506348646944));
#2051 = VECTOR('',#2052,1.);
#2052 = DIRECTION('',(-0.,-0.,-1.));
#2053 = PCURVE('',#756,#2054);
#2054 = DEFINITIONAL_REPRESENTATION('',(#2055),#2059);
#2055 = LINE('',#2056,#2057);
#2056 = CARTESIAN_POINT('',(3.14159265359,-7.5));
#2057 = VECTOR('',#2058,1.);
#2058 = DIRECTION('',(0.,1.));
#2059 = ( GEOMETRIC_REPRESENTATION_CONTEXT(2) 
PARAMETRIC_REPRESENTATION_CONTEXT() REPRESENTATION_CONTEXT('2D SPACE',''
  ) );
#2060 = PCURVE('',#2061,#2066);
#2061 = PLANE('',#2062);
#2062 = AXIS2_PLACEMENT_3D('',#2063,#2064,#2065);
#2063 = CARTESIAN_POINT('',(4.547818124247,5.348110089723,
    19.506348646944));
#2064 = DIRECTION('',(-1.,0.,0.));
#2065 = DIRECTION('',(0.,0.,1.));
#2066 = DEFINITIONAL_REPRESENTATION('',(#2067),#2071);
#2067 = LINE('',#2068,#2069);
#2068 = CARTESIAN_POINT('',(0.,-0.1));
#2069 = VECTOR('',#2070,1.);
#2070 = DIRECTION('',(-1.,0.));
#2071 = ( GEOMETRIC_REPRESENTATION_CONTEXT(2) 
PARAMETRIC_REPRESENTATION_CONTEXT() REPRESENTATION_CONTEXT('2D SPACE',''
  ) );
#2072 = ORIENTED_EDGE('',*,*,#2073,.F.);
#2073 = EDGE_CURVE('',#2074,#2046,#2076,.T.);
#2074 = VERTEX_POINT('',#2075);
#2075 = CARTESIAN_POINT('',(4.532594030749,5.301148242752,5.512654672945
    ));
#2076 = SURFACE_CURVE('',#2077,(#2082,#2111),.PCURVE_S1.);
#2077 = B_SPLINE_CURVE_WITH_KNOTS('',3,(#2078,#2079,#2080,#2081),
  .UNSPECIFIED.,.F.,.F.,(4,4),(1.226634733347E-18,9.439017285626E-05),
  .PIECEWISE_BEZIER_KNOTS.);
#2078 = CARTESIAN_POINT('',(4.532594030749,5.301148242752,5.512654672945
    ));
#2079 = CARTESIAN_POINT('',(4.543010087949,5.284499271382,5.537801259503
    ));
#2080 = CARTESIAN_POINT('',(4.547818124247,5.266275487498,5.563501180465
    ));
#2081 = CARTESIAN_POINT('',(4.547818124247,5.248110089723,5.589191359418
    ));
#2082 = PCURVE('',#756,#2083);
#2083 = DEFINITIONAL_REPRESENTATION('',(#2084),#2110);
#2084 = B_SPLINE_CURVE_WITH_KNOTS('',3,(#2085,#2086,#2087,#2088,#2089,
    #2090,#2091,#2092,#2093,#2094,#2095,#2096,#2097,#2098,#2099,#2100,
    #2101,#2102,#2103,#2104,#2105,#2106,#2107,#2108,#2109),
  .UNSPECIFIED.,.F.,.F.,(4,1,1,1,1,1,1,1,1,1,1,1,1,1,1,1,1,1,1,1,1,1,4),
  (1.226634733347E-18,4.290462402558E-06,8.580924805116E-06,
    1.287138720767E-05,1.716184961023E-05,2.145231201279E-05,
    2.574277441534E-05,3.00332368179E-05,3.432369922046E-05,
    3.861416162302E-05,4.290462402557E-05,4.719508642813E-05,
    5.148554883069E-05,5.577601123324E-05,6.00664736358E-05,
    6.435693603836E-05,6.864739844092E-05,7.293786084347E-05,
    7.722832324603E-05,8.151878564859E-05,8.580924805114E-05,
    9.00997104537E-05,9.439017285626E-05),.QUASI_UNIFORM_KNOTS.);
#2085 = CARTESIAN_POINT('',(2.58254210591,6.493693973998));
#2086 = CARTESIAN_POINT('',(2.591468825858,6.492550947337));
#2087 = CARTESIAN_POINT('',(2.609254552607,6.490262607507));
#2088 = CARTESIAN_POINT('',(2.63574172773,6.486823555532));
#2089 = CARTESIAN_POINT('',(2.662049259662,6.48337827861));
#2090 = CARTESIAN_POINT('',(2.688188754411,6.479927094029));
#2091 = CARTESIAN_POINT('',(2.714171653371,6.476470319072));
#2092 = CARTESIAN_POINT('',(2.740009183536,6.473008271028));
#2093 = CARTESIAN_POINT('',(2.765712327262,6.46954126718));
#2094 = CARTESIAN_POINT('',(2.791291792104,6.466069624814));
#2095 = CARTESIAN_POINT('',(2.816757985455,6.462593661218));
#2096 = CARTESIAN_POINT('',(2.84212099222,6.459113693675));
#2097 = CARTESIAN_POINT('',(2.867390555562,6.455630039472));
#2098 = CARTESIAN_POINT('',(2.892576060319,6.452143015895));
#2099 = CARTESIAN_POINT('',(2.917686518842,6.44865294023));
#2100 = CARTESIAN_POINT('',(2.942730558987,6.445160129761));
#2101 = CARTESIAN_POINT('',(2.967716414098,6.441664901776));
#2102 = CARTESIAN_POINT('',(2.992651914663,6.438167573558));
#2103 = CARTESIAN_POINT('',(3.017544481938,6.434668462396));
#2104 = CARTESIAN_POINT('',(3.042401121754,6.431167885573));
#2105 = CARTESIAN_POINT('',(3.06722842455,6.427666160376));
#2106 = CARTESIAN_POINT('',(3.092032548559,6.424163604091));
#2107 = CARTESIAN_POINT('',(3.11681927194,6.420660534002));
#2108 = CARTESIAN_POINT('',(3.133335619476,6.418325022932));
#2109 = CARTESIAN_POINT('',(3.14159265359,6.417157287525));
#2110 = ( GEOMETRIC_REPRESENTATION_CONTEXT(2) 
PARAMETRIC_REPRESENTATION_CONTEXT() REPRESENTATION_CONTEXT('2D SPACE',''
  ) );
#2111 = PCURVE('',#2112,#2117);
#2112 = CYLINDRICAL_SURFACE('',#2113,0.2);
#2113 = AXIS2_PLACEMENT_3D('',#2114,#2115,#2116);
#2114 = CARTESIAN_POINT('',(4.347818124247,5.348110089723,5.589191359418
    ));
#2115 = DIRECTION('',(0.,1.,0.));
#2116 = DIRECTION('',(0.,0.,1.));
#2117 = DEFINITIONAL_REPRESENTATION('',(#2118),#2144);
#2118 = B_SPLINE_CURVE_WITH_KNOTS('',3,(#2119,#2120,#2121,#2122,#2123,
    #2124,#2125,#2126,#2127,#2128,#2129,#2130,#2131,#2132,#2133,#2134,
    #2135,#2136,#2137,#2138,#2139,#2140,#2141,#2142,#2143),
  .UNSPECIFIED.,.F.,.F.,(4,1,1,1,1,1,1,1,1,1,1,1,1,1,1,1,1,1,1,1,1,1,4),
  (1.226634733347E-18,4.290462402558E-06,8.580924805116E-06,
    1.287138720767E-05,1.716184961023E-05,2.145231201279E-05,
    2.574277441534E-05,3.00332368179E-05,3.432369922046E-05,
    3.861416162302E-05,4.290462402557E-05,4.719508642813E-05,
    5.148554883069E-05,5.577601123324E-05,6.00664736358E-05,
    6.435693603836E-05,6.864739844092E-05,7.293786084347E-05,
    7.722832324603E-05,8.151878564859E-05,8.580924805114E-05,
    9.00997104537E-05,9.439017285626E-05),.QUASI_UNIFORM_KNOTS.);
#2119 = CARTESIAN_POINT('',(1.963495408494,-4.696184697107E-02));
#2120 = CARTESIAN_POINT('',(1.957309392787,-4.771861839696E-02));
#2121 = CARTESIAN_POINT('',(1.944971140251,-4.923866873849E-02));
#2122 = CARTESIAN_POINT('',(1.926559867535,-5.153734643524E-02));
#2123 = CARTESIAN_POINT('',(1.908239467386,-5.385370603173E-02));
#2124 = CARTESIAN_POINT('',(1.890004716725,-5.618682724325E-02));
#2125 = CARTESIAN_POINT('',(1.871850414546,-5.853578978505E-02));
#2126 = CARTESIAN_POINT('',(1.853771393039,-6.089967337243E-02));
#2127 = CARTESIAN_POINT('',(1.835762527931,-6.327755772066E-02));
#2128 = CARTESIAN_POINT('',(1.8178187482,-6.5668522545E-02));
#2129 = CARTESIAN_POINT('',(1.799935045183,-6.807164756073E-02));
#2130 = CARTESIAN_POINT('',(1.782106481144,-7.048601248314E-02));
#2131 = CARTESIAN_POINT('',(1.764328197353,-7.291069702749E-02));
#2132 = CARTESIAN_POINT('',(1.746595421713,-7.534478090906E-02));
#2133 = CARTESIAN_POINT('',(1.728903475996,-7.778734384314E-02));
#2134 = CARTESIAN_POINT('',(1.711247782718,-8.023746554497E-02));
#2135 = CARTESIAN_POINT('',(1.69362387169,-8.269422572986E-02));
#2136 = CARTESIAN_POINT('',(1.676027386323,-8.515670411307E-02));
#2137 = CARTESIAN_POINT('',(1.658454089551,-8.762398040987E-02));
#2138 = CARTESIAN_POINT('',(1.640899870006,-9.009513433554E-02));
#2139 = CARTESIAN_POINT('',(1.623360746255,-9.256924560536E-02));
#2140 = CARTESIAN_POINT('',(1.605832877354,-9.504539393461E-02));
#2141 = CARTESIAN_POINT('',(1.588312549021,-9.752265903855E-02));
#2142 = CARTESIAN_POINT('',(1.576635016403,-9.917430010115E-02));
#2143 = CARTESIAN_POINT('',(1.570796326795,-0.1));
#2144 = ( GEOMETRIC_REPRESENTATION_CONTEXT(2) 
PARAMETRIC_REPRESENTATION_CONTEXT() REPRESENTATION_CONTEXT('2D SPACE',''
  ) );
#2145 = ORIENTED_EDGE('',*,*,#2146,.F.);
#2146 = EDGE_CURVE('',#713,#2074,#2147,.T.);
#2147 = SURFACE_CURVE('',#2148,(#2153,#2182),.PCURVE_S1.);
#2148 = ( BOUNDED_CURVE() B_SPLINE_CURVE(3,(#2149,#2150,#2151,#2152),
.UNSPECIFIED.,.F.,.F.) B_SPLINE_CURVE_WITH_KNOTS((4,4),(1.570796326795,
2.58254210591),.PIECEWISE_BEZIER_KNOTS.) CURVE() 
GEOMETRIC_REPRESENTATION_ITEM() RATIONAL_B_SPLINE_CURVE((1.,
0.916501220403,0.916501220403,1.)) REPRESENTATION_ITEM('') );
#2149 = CARTESIAN_POINT('',(4.447818124247,5.348110089723,5.547770003181
    ));
#2150 = CARTESIAN_POINT('',(4.483066026871,5.348110089723,5.533169843869
    ));
#2151 = CARTESIAN_POINT('',(4.513899194216,5.331029971725,5.520398327784
    ));
#2152 = CARTESIAN_POINT('',(4.532594030749,5.301148242752,5.512654672945
    ));
#2153 = PCURVE('',#756,#2154);
#2154 = DEFINITIONAL_REPRESENTATION('',(#2155),#2181);
#2155 = B_SPLINE_CURVE_WITH_KNOTS('',3,(#2156,#2157,#2158,#2159,#2160,
    #2161,#2162,#2163,#2164,#2165,#2166,#2167,#2168,#2169,#2170,#2171,
    #2172,#2173,#2174,#2175,#2176,#2177,#2178,#2179,#2180),
  .UNSPECIFIED.,.F.,.F.,(4,1,1,1,1,1,1,1,1,1,1,1,1,1,1,1,1,1,1,1,1,1,4),
  (1.570796326795,1.6167847713,1.662773215805,1.708761660311,
    1.754750104816,1.800738549321,1.846726993826,1.892715438332,
    1.938703882837,1.984692327342,2.030680771847,2.076669216352,
    2.122657660858,2.168646105363,2.214634549868,2.260622994373,
    2.306611438879,2.352599883384,2.398588327889,2.444576772394,
    2.4905652169,2.536553661405,2.58254210591),.QUASI_UNIFORM_KNOTS.);
#2156 = CARTESIAN_POINT('',(1.570796326795,6.458578643763));
#2157 = CARTESIAN_POINT('',(1.585480086207,6.459186848007));
#2158 = CARTESIAN_POINT('',(1.615015622864,6.46041028141));
#2159 = CARTESIAN_POINT('',(1.659784606666,6.462261033974));
#2160 = CARTESIAN_POINT('',(1.704981879597,6.464122029101));
#2161 = CARTESIAN_POINT('',(1.750566604481,6.465987513527));
#2162 = CARTESIAN_POINT('',(1.796495893644,6.467851536811));
#2163 = CARTESIAN_POINT('',(1.842724685509,6.469707967649));
#2164 = CARTESIAN_POINT('',(1.889206068172,6.471550565477));
#2165 = CARTESIAN_POINT('',(1.935891519788,6.473373042982));
#2166 = CARTESIAN_POINT('',(1.98273120379,6.475169135125));
#2167 = CARTESIAN_POINT('',(2.029674277034,6.476932668643));
#2168 = CARTESIAN_POINT('',(2.076669216352,6.478657631687));
#2169 = CARTESIAN_POINT('',(2.123664155671,6.480338241632));
#2170 = CARTESIAN_POINT('',(2.170607228915,6.481969009553));
#2171 = CARTESIAN_POINT('',(2.217446912917,6.483544799857));
#2172 = CARTESIAN_POINT('',(2.264132364533,6.485060883676));
#2173 = CARTESIAN_POINT('',(2.310613747196,6.486512985012));
#2174 = CARTESIAN_POINT('',(2.356842539061,6.487897318175));
#2175 = CARTESIAN_POINT('',(2.402771828224,6.489210617952));
#2176 = CARTESIAN_POINT('',(2.448356553108,6.490450154395));
#2177 = CARTESIAN_POINT('',(2.493553826039,6.491613761159));
#2178 = CARTESIAN_POINT('',(2.538322809841,6.492699769384));
#2179 = CARTESIAN_POINT('',(2.567858346498,6.493371424169));
#2180 = CARTESIAN_POINT('',(2.58254210591,6.493693973998));
#2181 = ( GEOMETRIC_REPRESENTATION_CONTEXT(2) 
PARAMETRIC_REPRESENTATION_CONTEXT() REPRESENTATION_CONTEXT('2D SPACE',''
  ) );
#2182 = PCURVE('',#728,#2183);
#2183 = DEFINITIONAL_REPRESENTATION('',(#2184),#2210);
#2184 = B_SPLINE_CURVE_WITH_KNOTS('',3,(#2185,#2186,#2187,#2188,#2189,
    #2190,#2191,#2192,#2193,#2194,#2195,#2196,#2197,#2198,#2199,#2200,
    #2201,#2202,#2203,#2204,#2205,#2206,#2207,#2208,#2209),
  .UNSPECIFIED.,.F.,.F.,(4,1,1,1,1,1,1,1,1,1,1,1,1,1,1,1,1,1,1,1,1,1,4),
  (1.570796326795,1.6167847713,1.662773215805,1.708761660311,
    1.754750104816,1.800738549321,1.846726993826,1.892715438332,
    1.938703882837,1.984692327342,2.030680771847,2.076669216352,
    2.122657660858,2.168646105363,2.214634549868,2.260622994373,
    2.306611438879,2.352599883384,2.398588327889,2.444576772394,
    2.4905652169,2.536553661405,2.58254210591),.QUASI_UNIFORM_KNOTS.);
#2185 = CARTESIAN_POINT('',(1.570796326795,-0.665685424949));
#2186 = CARTESIAN_POINT('',(1.585480086207,-0.666293629193));
#2187 = CARTESIAN_POINT('',(1.615015622864,-0.667517062596));
#2188 = CARTESIAN_POINT('',(1.659784606666,-0.669367815161));
#2189 = CARTESIAN_POINT('',(1.704981879597,-0.671228810288));
#2190 = CARTESIAN_POINT('',(1.750566604481,-0.673094294713));
#2191 = CARTESIAN_POINT('',(1.796495893644,-0.674958317998));
#2192 = CARTESIAN_POINT('',(1.842724685509,-0.676814748835));
#2193 = CARTESIAN_POINT('',(1.889206068172,-0.678657346663));
#2194 = CARTESIAN_POINT('',(1.935891519788,-0.680479824169));
#2195 = CARTESIAN_POINT('',(1.98273120379,-0.682275916311));
#2196 = CARTESIAN_POINT('',(2.029674277034,-0.684039449829));
#2197 = CARTESIAN_POINT('',(2.076669216352,-0.685764412874));
#2198 = CARTESIAN_POINT('',(2.123664155671,-0.687445022819));
#2199 = CARTESIAN_POINT('',(2.170607228915,-0.68907579074));
#2200 = CARTESIAN_POINT('',(2.217446912917,-0.690651581044));
#2201 = CARTESIAN_POINT('',(2.264132364533,-0.692167664863));
#2202 = CARTESIAN_POINT('',(2.310613747196,-0.693619766198));
#2203 = CARTESIAN_POINT('',(2.356842539061,-0.695004099361));
#2204 = CARTESIAN_POINT('',(2.402771828224,-0.696317399139));
#2205 = CARTESIAN_POINT('',(2.448356553108,-0.697556935581));
#2206 = CARTESIAN_POINT('',(2.493553826039,-0.698720542345));
#2207 = CARTESIAN_POINT('',(2.538322809841,-0.699806550571));
#2208 = CARTESIAN_POINT('',(2.567858346498,-0.700478205355));
#2209 = CARTESIAN_POINT('',(2.58254210591,-0.700800755185));
#2210 = ( GEOMETRIC_REPRESENTATION_CONTEXT(2) 
PARAMETRIC_REPRESENTATION_CONTEXT() REPRESENTATION_CONTEXT('2D SPACE',''
  ) );
#2211 = ADVANCED_FACE('',(#2212),#728,.T.);
#2212 = FACE_BOUND('',#2213,.T.);
#2213 = EDGE_LOOP('',(#2214,#2215,#2283,#2311,#2377,#2378));
#2214 = ORIENTED_EDGE('',*,*,#2146,.T.);
#2215 = ORIENTED_EDGE('',*,*,#2216,.T.);
#2216 = EDGE_CURVE('',#2074,#2217,#2219,.T.);
#2217 = VERTEX_POINT('',#2218);
#2218 = CARTESIAN_POINT('',(4.489239480484,5.248110089723,5.447770003181
    ));
#2219 = SURFACE_CURVE('',#2220,(#2225,#2254),.PCURVE_S1.);
#2220 = B_SPLINE_CURVE_WITH_KNOTS('',3,(#2221,#2222,#2223,#2224),
  .UNSPECIFIED.,.F.,.F.,(4,4),(0.,9.439017285626E-05),
  .PIECEWISE_BEZIER_KNOTS.);
#2221 = CARTESIAN_POINT('',(4.532594030749,5.301148242752,5.512654672945
    ));
#2222 = CARTESIAN_POINT('',(4.522177973549,5.284499271382,5.487508086387
    ));
#2223 = CARTESIAN_POINT('',(4.507405180231,5.266275487498,5.465935702928
    ));
#2224 = CARTESIAN_POINT('',(4.489239480484,5.248110089723,5.447770003181
    ));
#2225 = PCURVE('',#728,#2226);
#2226 = DEFINITIONAL_REPRESENTATION('',(#2227),#2253);
#2227 = B_SPLINE_CURVE_WITH_KNOTS('',3,(#2228,#2229,#2230,#2231,#2232,
    #2233,#2234,#2235,#2236,#2237,#2238,#2239,#2240,#2241,#2242,#2243,
    #2244,#2245,#2246,#2247,#2248,#2249,#2250,#2251,#2252),
  .UNSPECIFIED.,.F.,.F.,(4,1,1,1,1,1,1,1,1,1,1,1,1,1,1,1,1,1,1,1,1,1,4),
  (0.,4.290462402557E-06,8.580924805114E-06,1.287138720767E-05,
    1.716184961023E-05,2.145231201279E-05,2.574277441534E-05,
    3.00332368179E-05,3.432369922046E-05,3.861416162301E-05,
    4.290462402557E-05,4.719508642813E-05,5.148554883069E-05,
    5.577601123324E-05,6.00664736358E-05,6.435693603836E-05,
    6.864739844091E-05,7.293786084347E-05,7.722832324603E-05,
    8.151878564859E-05,8.580924805114E-05,9.00997104537E-05,
    9.439017285626E-05),.QUASI_UNIFORM_KNOTS.);
#2228 = CARTESIAN_POINT('',(2.58254210591,-0.700800755185));
#2229 = CARTESIAN_POINT('',(2.591468825858,-0.699657728523));
#2230 = CARTESIAN_POINT('',(2.609254552607,-0.697369388694));
#2231 = CARTESIAN_POINT('',(2.63574172773,-0.693930336718));
#2232 = CARTESIAN_POINT('',(2.662049259662,-0.690485059797));
#2233 = CARTESIAN_POINT('',(2.688188754411,-0.687033875215));
#2234 = CARTESIAN_POINT('',(2.71417165337,-0.683577100259));
#2235 = CARTESIAN_POINT('',(2.740009183536,-0.680115052214));
#2236 = CARTESIAN_POINT('',(2.765712327261,-0.676648048366));
#2237 = CARTESIAN_POINT('',(2.791291792103,-0.673176406001));
#2238 = CARTESIAN_POINT('',(2.816757985455,-0.669700442404));
#2239 = CARTESIAN_POINT('',(2.842120992219,-0.666220474861));
#2240 = CARTESIAN_POINT('',(2.867390555561,-0.662736820659));
#2241 = CARTESIAN_POINT('',(2.892576060318,-0.659249797082));
#2242 = CARTESIAN_POINT('',(2.917686518841,-0.655759721416));
#2243 = CARTESIAN_POINT('',(2.942730558986,-0.652266910948));
#2244 = CARTESIAN_POINT('',(2.967716414096,-0.648771682962));
#2245 = CARTESIAN_POINT('',(2.992651914661,-0.645274354745));
#2246 = CARTESIAN_POINT('',(3.017544481937,-0.641775243582));
#2247 = CARTESIAN_POINT('',(3.042401121752,-0.638274666759));
#2248 = CARTESIAN_POINT('',(3.067228424549,-0.634772941563));
#2249 = CARTESIAN_POINT('',(3.092032548559,-0.631270385277));
#2250 = CARTESIAN_POINT('',(3.11681927194,-0.627767315189));
#2251 = CARTESIAN_POINT('',(3.133335619476,-0.625431804119));
#2252 = CARTESIAN_POINT('',(3.14159265359,-0.624264068712));
#2253 = ( GEOMETRIC_REPRESENTATION_CONTEXT(2) 
PARAMETRIC_REPRESENTATION_CONTEXT() REPRESENTATION_CONTEXT('2D SPACE',''
  ) );
#2254 = PCURVE('',#2112,#2255);
#2255 = DEFINITIONAL_REPRESENTATION('',(#2256),#2282);
#2256 = B_SPLINE_CURVE_WITH_KNOTS('',3,(#2257,#2258,#2259,#2260,#2261,
    #2262,#2263,#2264,#2265,#2266,#2267,#2268,#2269,#2270,#2271,#2272,
    #2273,#2274,#2275,#2276,#2277,#2278,#2279,#2280,#2281),
  .UNSPECIFIED.,.F.,.F.,(4,1,1,1,1,1,1,1,1,1,1,1,1,1,1,1,1,1,1,1,1,1,4),
  (0.,4.290462402557E-06,8.580924805114E-06,1.287138720767E-05,
    1.716184961023E-05,2.145231201279E-05,2.574277441534E-05,
    3.00332368179E-05,3.432369922046E-05,3.861416162301E-05,
    4.290462402557E-05,4.719508642813E-05,5.148554883069E-05,
    5.577601123324E-05,6.00664736358E-05,6.435693603836E-05,
    6.864739844091E-05,7.293786084347E-05,7.722832324603E-05,
    8.151878564859E-05,8.580924805114E-05,9.00997104537E-05,
    9.439017285626E-05),.QUASI_UNIFORM_KNOTS.);
#2257 = CARTESIAN_POINT('',(1.963495408494,-4.696184697107E-02));
#2258 = CARTESIAN_POINT('',(1.9696814242,-4.771861839696E-02));
#2259 = CARTESIAN_POINT('',(1.982019676737,-4.923866873848E-02));
#2260 = CARTESIAN_POINT('',(2.000430949452,-5.153734643523E-02));
#2261 = CARTESIAN_POINT('',(2.018751349601,-5.385370603172E-02));
#2262 = CARTESIAN_POINT('',(2.036986100262,-5.618682724322E-02));
#2263 = CARTESIAN_POINT('',(2.055140402441,-5.853578978502E-02));
#2264 = CARTESIAN_POINT('',(2.073219423948,-6.089967337238E-02));
#2265 = CARTESIAN_POINT('',(2.091228289056,-6.327755772059E-02));
#2266 = CARTESIAN_POINT('',(2.109172068787,-6.566852254492E-02));
#2267 = CARTESIAN_POINT('',(2.127055771805,-6.807164756064E-02));
#2268 = CARTESIAN_POINT('',(2.144884335843,-7.048601248304E-02));
#2269 = CARTESIAN_POINT('',(2.162662619634,-7.291069702738E-02));
#2270 = CARTESIAN_POINT('',(2.180395395274,-7.534478090894E-02));
#2271 = CARTESIAN_POINT('',(2.198087340992,-7.7787343843E-02));
#2272 = CARTESIAN_POINT('',(2.21574303427,-8.023746554484E-02));
#2273 = CARTESIAN_POINT('',(2.233366945298,-8.269422572972E-02));
#2274 = CARTESIAN_POINT('',(2.250963430665,-8.515670411293E-02));
#2275 = CARTESIAN_POINT('',(2.268536727437,-8.762398040974E-02));
#2276 = CARTESIAN_POINT('',(2.286090946982,-9.009513433543E-02));
#2277 = CARTESIAN_POINT('',(2.303630070733,-9.256924560527E-02));
#2278 = CARTESIAN_POINT('',(2.321157939634,-9.504539393454E-02));
#2279 = CARTESIAN_POINT('',(2.338678267966,-9.752265903851E-02));
#2280 = CARTESIAN_POINT('',(2.350355800585,-9.917430010114E-02));
#2281 = CARTESIAN_POINT('',(2.356194490192,-0.1));
#2282 = ( GEOMETRIC_REPRESENTATION_CONTEXT(2) 
PARAMETRIC_REPRESENTATION_CONTEXT() REPRESENTATION_CONTEXT('2D SPACE',''
  ) );
#2283 = ORIENTED_EDGE('',*,*,#2284,.T.);
#2284 = EDGE_CURVE('',#2217,#2285,#2287,.T.);
#2285 = VERTEX_POINT('',#2286);
#2286 = CARTESIAN_POINT('',(3.606396768009,5.248110089723,4.564927290706
    ));
#2287 = SURFACE_CURVE('',#2288,(#2292,#2299),.PCURVE_S1.);
#2288 = LINE('',#2289,#2290);
#2289 = CARTESIAN_POINT('',(3.547818124247,5.248110089723,4.506348646944
    ));
#2290 = VECTOR('',#2291,1.);
#2291 = DIRECTION('',(-0.707106781187,-0.,-0.707106781187));
#2292 = PCURVE('',#728,#2293);
#2293 = DEFINITIONAL_REPRESENTATION('',(#2294),#2298);
#2294 = LINE('',#2295,#2296);
#2295 = CARTESIAN_POINT('',(3.14159265359,0.707106781187));
#2296 = VECTOR('',#2297,1.);
#2297 = DIRECTION('',(0.,1.));
#2298 = ( GEOMETRIC_REPRESENTATION_CONTEXT(2) 
PARAMETRIC_REPRESENTATION_CONTEXT() REPRESENTATION_CONTEXT('2D SPACE',''
  ) );
#2299 = PCURVE('',#2300,#2305);
#2300 = PLANE('',#2301);
#2301 = AXIS2_PLACEMENT_3D('',#2302,#2303,#2304);
#2302 = CARTESIAN_POINT('',(3.547818124247,5.348110089723,4.506348646944
    ));
#2303 = DIRECTION('',(-0.707106781187,0.,0.707106781187));
#2304 = DIRECTION('',(0.707106781187,0.,0.707106781187));
#2305 = DEFINITIONAL_REPRESENTATION('',(#2306),#2310);
#2306 = LINE('',#2307,#2308);
#2307 = CARTESIAN_POINT('',(0.,-0.1));
#2308 = VECTOR('',#2309,1.);
#2309 = DIRECTION('',(-1.,0.));
#2310 = ( GEOMETRIC_REPRESENTATION_CONTEXT(2) 
PARAMETRIC_REPRESENTATION_CONTEXT() REPRESENTATION_CONTEXT('2D SPACE',''
  ) );
#2311 = ORIENTED_EDGE('',*,*,#2312,.T.);
#2312 = EDGE_CURVE('',#2285,#1068,#2313,.T.);
#2313 = SURFACE_CURVE('',#2314,(#2319,#2348),.PCURVE_S1.);
#2314 = B_SPLINE_CURVE_WITH_KNOTS('',3,(#2315,#2316,#2317,#2318),
  .UNSPECIFIED.,.F.,.F.,(4,4),(-2.828458556497E-06,9.156171429976E-05),
  .PIECEWISE_BEZIER_KNOTS.);
#2315 = CARTESIAN_POINT('',(3.606396768009,5.248110089723,4.564927290706
    ));
#2316 = CARTESIAN_POINT('',(3.588231068262,5.266275487499,4.546761590959
    ));
#2317 = CARTESIAN_POINT('',(3.566658684803,5.284499271382,4.531988797641
    ));
#2318 = CARTESIAN_POINT('',(3.541512098245,5.301148242752,4.521572740441
    ));
#2319 = PCURVE('',#728,#2320);
#2320 = DEFINITIONAL_REPRESENTATION('',(#2321),#2347);
#2321 = B_SPLINE_CURVE_WITH_KNOTS('',3,(#2322,#2323,#2324,#2325,#2326,
    #2327,#2328,#2329,#2330,#2331,#2332,#2333,#2334,#2335,#2336,#2337,
    #2338,#2339,#2340,#2341,#2342,#2343,#2344,#2345,#2346),
  .UNSPECIFIED.,.F.,.F.,(4,1,1,1,1,1,1,1,1,1,1,1,1,1,1,1,1,1,1,1,1,1,4),
  (-2.828458556497E-06,1.462003846061E-06,5.752466248618E-06,
    1.004292865117E-05,1.433339105373E-05,1.862385345629E-05,
    2.291431585885E-05,2.72047782614E-05,3.149524066396E-05,
    3.578570306652E-05,4.007616546908E-05,4.436662787163E-05,
    4.865709027419E-05,5.294755267675E-05,5.72380150793E-05,
    6.152847748186E-05,6.581893988442E-05,7.010940228698E-05,
    7.439986468953E-05,7.869032709209E-05,8.298078949465E-05,
    8.72712518972E-05,9.156171429976E-05),.UNSPECIFIED.);
#2322 = CARTESIAN_POINT('',(3.14159265359,0.624264068712));
#2323 = CARTESIAN_POINT('',(3.133335619476,0.625431804119));
#2324 = CARTESIAN_POINT('',(3.116819271939,0.627767315189));
#2325 = CARTESIAN_POINT('',(3.092032548558,0.631270385277));
#2326 = CARTESIAN_POINT('',(3.067228424548,0.634772941562));
#2327 = CARTESIAN_POINT('',(3.042401121751,0.638274666759));
#2328 = CARTESIAN_POINT('',(3.017544481935,0.641775243582));
#2329 = CARTESIAN_POINT('',(2.992651914659,0.645274354745));
#2330 = CARTESIAN_POINT('',(2.967716414094,0.648771682962));
#2331 = CARTESIAN_POINT('',(2.942730558984,0.652266910948));
#2332 = CARTESIAN_POINT('',(2.917686518839,0.655759721416));
#2333 = CARTESIAN_POINT('',(2.892576060316,0.659249797082));
#2334 = CARTESIAN_POINT('',(2.867390555559,0.662736820659));
#2335 = CARTESIAN_POINT('',(2.842120992217,0.666220474861));
#2336 = CARTESIAN_POINT('',(2.816757985453,0.669700442404));
#2337 = CARTESIAN_POINT('',(2.791291792102,0.673176406001));
#2338 = CARTESIAN_POINT('',(2.76571232726,0.676648048366));
#2339 = CARTESIAN_POINT('',(2.740009183535,0.680115052214));
#2340 = CARTESIAN_POINT('',(2.71417165337,0.683577100259));
#2341 = CARTESIAN_POINT('',(2.68818875441,0.687033875215));
#2342 = CARTESIAN_POINT('',(2.662049259662,0.690485059797));
#2343 = CARTESIAN_POINT('',(2.63574172773,0.693930336718));
#2344 = CARTESIAN_POINT('',(2.609254552607,0.697369388694));
#2345 = CARTESIAN_POINT('',(2.591468825858,0.699657728523));
#2346 = CARTESIAN_POINT('',(2.58254210591,0.700800755185));
#2347 = ( GEOMETRIC_REPRESENTATION_CONTEXT(2) 
PARAMETRIC_REPRESENTATION_CONTEXT() REPRESENTATION_CONTEXT('2D SPACE',''
  ) );
#2348 = PCURVE('',#1174,#2349);
#2349 = DEFINITIONAL_REPRESENTATION('',(#2350),#2376);
#2350 = B_SPLINE_CURVE_WITH_KNOTS('',3,(#2351,#2352,#2353,#2354,#2355,
    #2356,#2357,#2358,#2359,#2360,#2361,#2362,#2363,#2364,#2365,#2366,
    #2367,#2368,#2369,#2370,#2371,#2372,#2373,#2374,#2375),
  .UNSPECIFIED.,.F.,.F.,(4,1,1,1,1,1,1,1,1,1,1,1,1,1,1,1,1,1,1,1,1,1,4),
  (-2.828458556497E-06,1.462003846061E-06,5.752466248618E-06,
    1.004292865117E-05,1.433339105373E-05,1.862385345629E-05,
    2.291431585885E-05,2.72047782614E-05,3.149524066396E-05,
    3.578570306652E-05,4.007616546908E-05,4.436662787163E-05,
    4.865709027419E-05,5.294755267675E-05,5.72380150793E-05,
    6.152847748186E-05,6.581893988442E-05,7.010940228698E-05,
    7.439986468953E-05,7.869032709209E-05,8.298078949465E-05,
    8.72712518972E-05,9.156171429976E-05),.UNSPECIFIED.);
#2351 = CARTESIAN_POINT('',(0.785398163397,0.1));
#2352 = CARTESIAN_POINT('',(0.77955947379,9.917430010112E-02));
#2353 = CARTESIAN_POINT('',(0.767881941172,9.752265903844E-02));
#2354 = CARTESIAN_POINT('',(0.750361612839,9.504539393442E-02));
#2355 = CARTESIAN_POINT('',(0.732833743939,9.256924560511E-02));
#2356 = CARTESIAN_POINT('',(0.715294620187,9.009513433524E-02));
#2357 = CARTESIAN_POINT('',(0.697740400643,8.762398040954E-02));
#2358 = CARTESIAN_POINT('',(0.680167103871,8.515670411271E-02));
#2359 = CARTESIAN_POINT('',(0.662570618503,8.26942257295E-02));
#2360 = CARTESIAN_POINT('',(0.644946707476,8.023746554461E-02));
#2361 = CARTESIAN_POINT('',(0.627291014197,7.778734384279E-02));
#2362 = CARTESIAN_POINT('',(0.60959906848,7.534478090874E-02));
#2363 = CARTESIAN_POINT('',(0.59186629284,7.291069702719E-02));
#2364 = CARTESIAN_POINT('',(0.574088009049,7.048601248287E-02));
#2365 = CARTESIAN_POINT('',(0.55625944501,6.807164756049E-02));
#2366 = CARTESIAN_POINT('',(0.538375741993,6.566852254479E-02));
#2367 = CARTESIAN_POINT('',(0.520431962261,6.327755772049E-02));
#2368 = CARTESIAN_POINT('',(0.502423097154,6.08996733723E-02));
#2369 = CARTESIAN_POINT('',(0.484344075646,5.853578978496E-02));
#2370 = CARTESIAN_POINT('',(0.466189773468,5.618682724318E-02));
#2371 = CARTESIAN_POINT('',(0.447955022806,5.385370603169E-02));
#2372 = CARTESIAN_POINT('',(0.429634622657,5.153734643522E-02));
#2373 = CARTESIAN_POINT('',(0.411223349942,4.923866873848E-02));
#2374 = CARTESIAN_POINT('',(0.398885097405,4.771861839696E-02));
#2375 = CARTESIAN_POINT('',(0.392699081699,4.696184697107E-02));
#2376 = ( GEOMETRIC_REPRESENTATION_CONTEXT(2) 
PARAMETRIC_REPRESENTATION_CONTEXT() REPRESENTATION_CONTEXT('2D SPACE',''
  ) );
#2377 = ORIENTED_EDGE('',*,*,#1067,.T.);
#2378 = ORIENTED_EDGE('',*,*,#712,.T.);
#2379 = ADVANCED_FACE('',(#2380),#1174,.T.);
#2380 = FACE_BOUND('',#2381,.T.);
#2381 = EDGE_LOOP('',(#2382,#2405,#2406,#2407,#2430,#2503));
#2382 = ORIENTED_EDGE('',*,*,#2383,.T.);
#2383 = EDGE_CURVE('',#2384,#1136,#2386,.T.);
#2384 = VERTEX_POINT('',#2385);
#2385 = CARTESIAN_POINT('',(3.464975411772,1.128110089723,4.506348646944
    ));
#2386 = SURFACE_CURVE('',#2387,(#2391,#2398),.PCURVE_S1.);
#2387 = LINE('',#2388,#2389);
#2388 = CARTESIAN_POINT('',(3.464975411772,5.348110089723,4.506348646944
    ));
#2389 = VECTOR('',#2390,1.);
#2390 = DIRECTION('',(0.,1.,0.));
#2391 = PCURVE('',#1174,#2392);
#2392 = DEFINITIONAL_REPRESENTATION('',(#2393),#2397);
#2393 = LINE('',#2394,#2395);
#2394 = CARTESIAN_POINT('',(0.,0.));
#2395 = VECTOR('',#2396,1.);
#2396 = DIRECTION('',(0.,-1.));
#2397 = ( GEOMETRIC_REPRESENTATION_CONTEXT(2) 
PARAMETRIC_REPRESENTATION_CONTEXT() REPRESENTATION_CONTEXT('2D SPACE',''
  ) );
#2398 = PCURVE('',#1222,#2399);
#2399 = DEFINITIONAL_REPRESENTATION('',(#2400),#2404);
#2400 = LINE('',#2401,#2402);
#2401 = CARTESIAN_POINT('',(13.917157287525,0.));
#2402 = VECTOR('',#2403,1.);
#2403 = DIRECTION('',(0.,1.));
#2404 = ( GEOMETRIC_REPRESENTATION_CONTEXT(2) 
PARAMETRIC_REPRESENTATION_CONTEXT() REPRESENTATION_CONTEXT('2D SPACE',''
  ) );
#2405 = ORIENTED_EDGE('',*,*,#1135,.F.);
#2406 = ORIENTED_EDGE('',*,*,#2312,.F.);
#2407 = ORIENTED_EDGE('',*,*,#2408,.T.);
#2408 = EDGE_CURVE('',#2285,#2409,#2411,.T.);
#2409 = VERTEX_POINT('',#2410);
#2410 = CARTESIAN_POINT('',(3.606396768009,1.128110089723,4.564927290706
    ));
#2411 = SURFACE_CURVE('',#2412,(#2416,#2423),.PCURVE_S1.);
#2412 = LINE('',#2413,#2414);
#2413 = CARTESIAN_POINT('',(3.606396768009,5.348110089723,4.564927290706
    ));
#2414 = VECTOR('',#2415,1.);
#2415 = DIRECTION('',(0.,-1.,0.));
#2416 = PCURVE('',#1174,#2417);
#2417 = DEFINITIONAL_REPRESENTATION('',(#2418),#2422);
#2418 = LINE('',#2419,#2420);
#2419 = CARTESIAN_POINT('',(0.785398163397,0.));
#2420 = VECTOR('',#2421,1.);
#2421 = DIRECTION('',(0.,1.));
#2422 = ( GEOMETRIC_REPRESENTATION_CONTEXT(2) 
PARAMETRIC_REPRESENTATION_CONTEXT() REPRESENTATION_CONTEXT('2D SPACE',''
  ) );
#2423 = PCURVE('',#2300,#2424);
#2424 = DEFINITIONAL_REPRESENTATION('',(#2425),#2429);
#2425 = LINE('',#2426,#2427);
#2426 = CARTESIAN_POINT('',(8.284271247462E-02,0.));
#2427 = VECTOR('',#2428,1.);
#2428 = DIRECTION('',(0.,-1.));
#2429 = ( GEOMETRIC_REPRESENTATION_CONTEXT(2) 
PARAMETRIC_REPRESENTATION_CONTEXT() REPRESENTATION_CONTEXT('2D SPACE',''
  ) );
#2430 = ORIENTED_EDGE('',*,*,#2431,.T.);
#2431 = EDGE_CURVE('',#2409,#2432,#2434,.T.);
#2432 = VERTEX_POINT('',#2433);
#2433 = CARTESIAN_POINT('',(3.541512098245,1.075071936694,4.521572740441
    ));
#2434 = SURFACE_CURVE('',#2435,(#2440,#2469),.PCURVE_S1.);
#2435 = B_SPLINE_CURVE_WITH_KNOTS('',3,(#2436,#2437,#2438,#2439),
  .UNSPECIFIED.,.F.,.F.,(4,4),(-2.828458556496E-06,9.156171429976E-05),
  .PIECEWISE_BEZIER_KNOTS.);
#2436 = CARTESIAN_POINT('',(3.606396768009,1.128110089723,4.564927290706
    ));
#2437 = CARTESIAN_POINT('',(3.588231068262,1.109944691948,4.546761590959
    ));
#2438 = CARTESIAN_POINT('',(3.566658684803,1.091720908064,4.531988797641
    ));
#2439 = CARTESIAN_POINT('',(3.541512098245,1.075071936694,4.521572740441
    ));
#2440 = PCURVE('',#1174,#2441);
#2441 = DEFINITIONAL_REPRESENTATION('',(#2442),#2468);
#2442 = B_SPLINE_CURVE_WITH_KNOTS('',3,(#2443,#2444,#2445,#2446,#2447,
    #2448,#2449,#2450,#2451,#2452,#2453,#2454,#2455,#2456,#2457,#2458,
    #2459,#2460,#2461,#2462,#2463,#2464,#2465,#2466,#2467),
  .UNSPECIFIED.,.F.,.F.,(4,1,1,1,1,1,1,1,1,1,1,1,1,1,1,1,1,1,1,1,1,1,4),
  (-2.828458556496E-06,1.462003846061E-06,5.752466248618E-06,
    1.004292865118E-05,1.433339105373E-05,1.862385345629E-05,
    2.291431585885E-05,2.72047782614E-05,3.149524066396E-05,
    3.578570306652E-05,4.007616546908E-05,4.436662787163E-05,
    4.865709027419E-05,5.294755267675E-05,5.72380150793E-05,
    6.152847748186E-05,6.581893988442E-05,7.010940228698E-05,
    7.439986468953E-05,7.869032709209E-05,8.298078949465E-05,
    8.727125189721E-05,9.156171429976E-05),.UNSPECIFIED.);
#2443 = CARTESIAN_POINT('',(0.785398163397,4.22));
#2444 = CARTESIAN_POINT('',(0.77955947379,4.220825699899));
#2445 = CARTESIAN_POINT('',(0.767881941172,4.222477340962));
#2446 = CARTESIAN_POINT('',(0.750361612839,4.224954606066));
#2447 = CARTESIAN_POINT('',(0.732833743939,4.227430754395));
#2448 = CARTESIAN_POINT('',(0.715294620187,4.229904865665));
#2449 = CARTESIAN_POINT('',(0.697740400643,4.23237601959));
#2450 = CARTESIAN_POINT('',(0.680167103871,4.234843295887));
#2451 = CARTESIAN_POINT('',(0.662570618503,4.237305774271));
#2452 = CARTESIAN_POINT('',(0.644946707476,4.239762534455));
#2453 = CARTESIAN_POINT('',(0.627291014197,4.242212656157));
#2454 = CARTESIAN_POINT('',(0.60959906848,4.244655219091));
#2455 = CARTESIAN_POINT('',(0.59186629284,4.247089302973));
#2456 = CARTESIAN_POINT('',(0.574088009049,4.249513987517));
#2457 = CARTESIAN_POINT('',(0.55625944501,4.25192835244));
#2458 = CARTESIAN_POINT('',(0.538375741993,4.254331477455));
#2459 = CARTESIAN_POINT('',(0.520431962261,4.25672244228));
#2460 = CARTESIAN_POINT('',(0.502423097154,4.259100326628));
#2461 = CARTESIAN_POINT('',(0.484344075646,4.261464210215));
#2462 = CARTESIAN_POINT('',(0.466189773468,4.263813172757));
#2463 = CARTESIAN_POINT('',(0.447955022806,4.266146293968));
#2464 = CARTESIAN_POINT('',(0.429634622657,4.268462653565));
#2465 = CARTESIAN_POINT('',(0.411223349942,4.270761331262));
#2466 = CARTESIAN_POINT('',(0.398885097405,4.272281381603));
#2467 = CARTESIAN_POINT('',(0.392699081699,4.273038153029));
#2468 = ( GEOMETRIC_REPRESENTATION_CONTEXT(2) 
PARAMETRIC_REPRESENTATION_CONTEXT() REPRESENTATION_CONTEXT('2D SPACE',''
  ) );
#2469 = PCURVE('',#2470,#2475);
#2470 = CYLINDRICAL_SURFACE('',#2471,0.1);
#2471 = AXIS2_PLACEMENT_3D('',#2472,#2473,#2474);
#2472 = CARTESIAN_POINT('',(3.977107446128,1.128110089723,5.077059325062
    ));
#2473 = DIRECTION('',(-0.707106781187,0.,-0.707106781187));
#2474 = DIRECTION('',(-0.707106781187,0.,0.707106781187));
#2475 = DEFINITIONAL_REPRESENTATION('',(#2476),#2502);
#2476 = B_SPLINE_CURVE_WITH_KNOTS('',3,(#2477,#2478,#2479,#2480,#2481,
    #2482,#2483,#2484,#2485,#2486,#2487,#2488,#2489,#2490,#2491,#2492,
    #2493,#2494,#2495,#2496,#2497,#2498,#2499,#2500,#2501),
  .UNSPECIFIED.,.F.,.F.,(4,1,1,1,1,1,1,1,1,1,1,1,1,1,1,1,1,1,1,1,1,1,4),
  (-2.828458556496E-06,1.462003846061E-06,5.752466248618E-06,
    1.004292865118E-05,1.433339105373E-05,1.862385345629E-05,
    2.291431585885E-05,2.72047782614E-05,3.149524066396E-05,
    3.578570306652E-05,4.007616546908E-05,4.436662787163E-05,
    4.865709027419E-05,5.294755267675E-05,5.72380150793E-05,
    6.152847748186E-05,6.581893988442E-05,7.010940228698E-05,
    7.439986468953E-05,7.869032709209E-05,8.298078949465E-05,
    8.727125189721E-05,9.156171429976E-05),.UNSPECIFIED.);
#2477 = CARTESIAN_POINT('',(3.14159265359,0.624264068712));
#2478 = CARTESIAN_POINT('',(3.149849687704,0.625431804119));
#2479 = CARTESIAN_POINT('',(3.16636603524,0.627767315189));
#2480 = CARTESIAN_POINT('',(3.191152758622,0.631270385277));
#2481 = CARTESIAN_POINT('',(3.215956882632,0.634772941562));
#2482 = CARTESIAN_POINT('',(3.240784185429,0.638274666759));
#2483 = CARTESIAN_POINT('',(3.265640825245,0.641775243582));
#2484 = CARTESIAN_POINT('',(3.29053339252,0.645274354745));
#2485 = CARTESIAN_POINT('',(3.315468893085,0.648771682962));
#2486 = CARTESIAN_POINT('',(3.340454748196,0.652266910948));
#2487 = CARTESIAN_POINT('',(3.365498788341,0.655759721416));
#2488 = CARTESIAN_POINT('',(3.390609246864,0.659249797082));
#2489 = CARTESIAN_POINT('',(3.415794751621,0.662736820659));
#2490 = CARTESIAN_POINT('',(3.441064314962,0.666220474861));
#2491 = CARTESIAN_POINT('',(3.466427321726,0.669700442404));
#2492 = CARTESIAN_POINT('',(3.491893515078,0.673176406001));
#2493 = CARTESIAN_POINT('',(3.517472979919,0.676648048366));
#2494 = CARTESIAN_POINT('',(3.543176123644,0.680115052214));
#2495 = CARTESIAN_POINT('',(3.56901365381,0.683577100259));
#2496 = CARTESIAN_POINT('',(3.594996552769,0.687033875215));
#2497 = CARTESIAN_POINT('',(3.621136047518,0.690485059797));
#2498 = CARTESIAN_POINT('',(3.64744357945,0.693930336718));
#2499 = CARTESIAN_POINT('',(3.673930754573,0.697369388694));
#2500 = CARTESIAN_POINT('',(3.691716481322,0.699657728523));
#2501 = CARTESIAN_POINT('',(3.70064320127,0.700800755185));
#2502 = ( GEOMETRIC_REPRESENTATION_CONTEXT(2) 
PARAMETRIC_REPRESENTATION_CONTEXT() REPRESENTATION_CONTEXT('2D SPACE',''
  ) );
#2503 = ORIENTED_EDGE('',*,*,#2504,.T.);
#2504 = EDGE_CURVE('',#2432,#2384,#2505,.T.);
#2505 = SURFACE_CURVE('',#2506,(#2511,#2540),.PCURVE_S1.);
#2506 = B_SPLINE_CURVE_WITH_KNOTS('',3,(#2507,#2508,#2509,#2510),
  .UNSPECIFIED.,.F.,.F.,(4,4),(2.981555974335E-19,9.439017285626E-05),
  .PIECEWISE_BEZIER_KNOTS.);
#2507 = CARTESIAN_POINT('',(3.541512098245,1.075071936694,4.521572740441
    ));
#2508 = CARTESIAN_POINT('',(3.516365511687,1.091720908064,4.511156683242
    ));
#2509 = CARTESIAN_POINT('',(3.490665590725,1.109944691949,4.506348646944
    ));
#2510 = CARTESIAN_POINT('',(3.464975411772,1.128110089723,4.506348646944
    ));
#2511 = PCURVE('',#1174,#2512);
#2512 = DEFINITIONAL_REPRESENTATION('',(#2513),#2539);
#2513 = B_SPLINE_CURVE_WITH_KNOTS('',3,(#2514,#2515,#2516,#2517,#2518,
    #2519,#2520,#2521,#2522,#2523,#2524,#2525,#2526,#2527,#2528,#2529,
    #2530,#2531,#2532,#2533,#2534,#2535,#2536,#2537,#2538),
  .UNSPECIFIED.,.F.,.F.,(4,1,1,1,1,1,1,1,1,1,1,1,1,1,1,1,1,1,1,1,1,1,4),
  (2.981555974335E-19,4.290462402558E-06,8.580924805115E-06,
    1.287138720767E-05,1.716184961023E-05,2.145231201279E-05,
    2.574277441534E-05,3.00332368179E-05,3.432369922046E-05,
    3.861416162302E-05,4.290462402557E-05,4.719508642813E-05,
    5.148554883069E-05,5.577601123324E-05,6.00664736358E-05,
    6.435693603836E-05,6.864739844092E-05,7.293786084347E-05,
    7.722832324603E-05,8.151878564859E-05,8.580924805115E-05,
    9.00997104537E-05,9.439017285626E-05),.QUASI_UNIFORM_KNOTS.);
#2514 = CARTESIAN_POINT('',(0.392699081699,4.273038153029));
#2515 = CARTESIAN_POINT('',(0.386513065992,4.272281381603));
#2516 = CARTESIAN_POINT('',(0.374174813456,4.270761331262));
#2517 = CARTESIAN_POINT('',(0.355763540741,4.268462653565));
#2518 = CARTESIAN_POINT('',(0.337443140591,4.266146293968));
#2519 = CARTESIAN_POINT('',(0.31920838993,4.263813172757));
#2520 = CARTESIAN_POINT('',(0.301054087751,4.261464210215));
#2521 = CARTESIAN_POINT('',(0.282975066244,4.259100326628));
#2522 = CARTESIAN_POINT('',(0.264966201137,4.256722442279));
#2523 = CARTESIAN_POINT('',(0.247022421405,4.254331477455));
#2524 = CARTESIAN_POINT('',(0.229138718388,4.251928352439));
#2525 = CARTESIAN_POINT('',(0.21131015435,4.249513987517));
#2526 = CARTESIAN_POINT('',(0.193531870558,4.247089302973));
#2527 = CARTESIAN_POINT('',(0.175799094919,4.244655219091));
#2528 = CARTESIAN_POINT('',(0.158107149201,4.242212656157));
#2529 = CARTESIAN_POINT('',(0.140451455923,4.239762534455));
#2530 = CARTESIAN_POINT('',(0.122827544895,4.23730577427));
#2531 = CARTESIAN_POINT('',(0.105231059528,4.234843295887));
#2532 = CARTESIAN_POINT('',(8.765776275604E-02,4.23237601959));
#2533 = CARTESIAN_POINT('',(7.010354321112E-02,4.229904865664));
#2534 = CARTESIAN_POINT('',(5.256441945982E-02,4.227430754395));
#2535 = CARTESIAN_POINT('',(3.503655055898E-02,4.224954606065));
#2536 = CARTESIAN_POINT('',(1.751622222619E-02,4.222477340961));
#2537 = CARTESIAN_POINT('',(5.838689607818E-03,4.220825699899));
#2538 = CARTESIAN_POINT('',(0.,4.22));
#2539 = ( GEOMETRIC_REPRESENTATION_CONTEXT(2) 
PARAMETRIC_REPRESENTATION_CONTEXT() REPRESENTATION_CONTEXT('2D SPACE',''
  ) );
#2540 = PCURVE('',#2541,#2546);
#2541 = CYLINDRICAL_SURFACE('',#2542,0.1);
#2542 = AXIS2_PLACEMENT_3D('',#2543,#2544,#2545);
#2543 = CARTESIAN_POINT('',(-10.45218187575,1.128110089723,
    4.606348646944));
#2544 = DIRECTION('',(1.,0.,0.));
#2545 = DIRECTION('',(0.,0.,-1.));
#2546 = DEFINITIONAL_REPRESENTATION('',(#2547),#2573);
#2547 = B_SPLINE_CURVE_WITH_KNOTS('',3,(#2548,#2549,#2550,#2551,#2552,
    #2553,#2554,#2555,#2556,#2557,#2558,#2559,#2560,#2561,#2562,#2563,
    #2564,#2565,#2566,#2567,#2568,#2569,#2570,#2571,#2572),
  .UNSPECIFIED.,.F.,.F.,(4,1,1,1,1,1,1,1,1,1,1,1,1,1,1,1,1,1,1,1,1,1,4),
  (2.981555974335E-19,4.290462402558E-06,8.580924805115E-06,
    1.287138720767E-05,1.716184961023E-05,2.145231201279E-05,
    2.574277441534E-05,3.00332368179E-05,3.432369922046E-05,
    3.861416162302E-05,4.290462402557E-05,4.719508642813E-05,
    5.148554883069E-05,5.577601123324E-05,6.00664736358E-05,
    6.435693603836E-05,6.864739844092E-05,7.293786084347E-05,
    7.722832324603E-05,8.151878564859E-05,8.580924805115E-05,
    9.00997104537E-05,9.439017285626E-05),.QUASI_UNIFORM_KNOTS.);
#2548 = CARTESIAN_POINT('',(5.7241347595,13.993693973998));
#2549 = CARTESIAN_POINT('',(5.733061479448,13.992550947337));
#2550 = CARTESIAN_POINT('',(5.750847206197,13.990262607507));
#2551 = CARTESIAN_POINT('',(5.77733438132,13.986823555532));
#2552 = CARTESIAN_POINT('',(5.803641913252,13.98337827861));
#2553 = CARTESIAN_POINT('',(5.829781408001,13.979927094029));
#2554 = CARTESIAN_POINT('',(5.85576430696,13.976470319072));
#2555 = CARTESIAN_POINT('',(5.881601837126,13.973008271028));
#2556 = CARTESIAN_POINT('',(5.907304980852,13.96954126718));
#2557 = CARTESIAN_POINT('',(5.932884445694,13.966069624814));
#2558 = CARTESIAN_POINT('',(5.958350639045,13.962593661218));
#2559 = CARTESIAN_POINT('',(5.98371364581,13.959113693675));
#2560 = CARTESIAN_POINT('',(6.008983209151,13.955630039472));
#2561 = CARTESIAN_POINT('',(6.034168713909,13.952143015895));
#2562 = CARTESIAN_POINT('',(6.059279172432,13.94865294023));
#2563 = CARTESIAN_POINT('',(6.084323212577,13.945160129761));
#2564 = CARTESIAN_POINT('',(6.109309067688,13.941664901776));
#2565 = CARTESIAN_POINT('',(6.134244568252,13.938167573558));
#2566 = CARTESIAN_POINT('',(6.159137135528,13.934668462396));
#2567 = CARTESIAN_POINT('',(6.183993775343,13.931167885573));
#2568 = CARTESIAN_POINT('',(6.20882107814,13.927666160376));
#2569 = CARTESIAN_POINT('',(6.233625202149,13.924163604091));
#2570 = CARTESIAN_POINT('',(6.25841192553,13.920660534002));
#2571 = CARTESIAN_POINT('',(6.274928273066,13.918325022932));
#2572 = CARTESIAN_POINT('',(6.28318530718,13.917157287525));
#2573 = ( GEOMETRIC_REPRESENTATION_CONTEXT(2) 
PARAMETRIC_REPRESENTATION_CONTEXT() REPRESENTATION_CONTEXT('2D SPACE',''
  ) );
#2574 = ADVANCED_FACE('',(#2575),#1222,.F.);
#2575 = FACE_BOUND('',#2576,.T.);
#2576 = EDGE_LOOP('',(#2577,#2578,#2601,#2622));
#2577 = ORIENTED_EDGE('',*,*,#2383,.F.);
#2578 = ORIENTED_EDGE('',*,*,#2579,.F.);
#2579 = EDGE_CURVE('',#2580,#2384,#2582,.T.);
#2580 = VERTEX_POINT('',#2581);
#2581 = CARTESIAN_POINT('',(-8.952181875753,1.128110089723,
    4.506348646944));
#2582 = SURFACE_CURVE('',#2583,(#2587,#2594),.PCURVE_S1.);
#2583 = LINE('',#2584,#2585);
#2584 = CARTESIAN_POINT('',(-10.45218187575,1.128110089723,
    4.506348646944));
#2585 = VECTOR('',#2586,1.);
#2586 = DIRECTION('',(1.,0.,0.));
#2587 = PCURVE('',#1222,#2588);
#2588 = DEFINITIONAL_REPRESENTATION('',(#2589),#2593);
#2589 = LINE('',#2590,#2591);
#2590 = CARTESIAN_POINT('',(0.,-4.22));
#2591 = VECTOR('',#2592,1.);
#2592 = DIRECTION('',(1.,0.));
#2593 = ( GEOMETRIC_REPRESENTATION_CONTEXT(2) 
PARAMETRIC_REPRESENTATION_CONTEXT() REPRESENTATION_CONTEXT('2D SPACE',''
  ) );
#2594 = PCURVE('',#2541,#2595);
#2595 = DEFINITIONAL_REPRESENTATION('',(#2596),#2600);
#2596 = LINE('',#2597,#2598);
#2597 = CARTESIAN_POINT('',(6.28318530718,0.));
#2598 = VECTOR('',#2599,1.);
#2599 = DIRECTION('',(0.,1.));
#2600 = ( GEOMETRIC_REPRESENTATION_CONTEXT(2) 
PARAMETRIC_REPRESENTATION_CONTEXT() REPRESENTATION_CONTEXT('2D SPACE',''
  ) );
#2601 = ORIENTED_EDGE('',*,*,#2602,.F.);
#2602 = EDGE_CURVE('',#1021,#2580,#2603,.T.);
#2603 = SURFACE_CURVE('',#2604,(#2608,#2615),.PCURVE_S1.);
#2604 = LINE('',#2605,#2606);
#2605 = CARTESIAN_POINT('',(-8.952181875753,5.348110089723,
    4.506348646944));
#2606 = VECTOR('',#2607,1.);
#2607 = DIRECTION('',(0.,-1.,0.));
#2608 = PCURVE('',#1222,#2609);
#2609 = DEFINITIONAL_REPRESENTATION('',(#2610),#2614);
#2610 = LINE('',#2611,#2612);
#2611 = CARTESIAN_POINT('',(1.5,0.));
#2612 = VECTOR('',#2613,1.);
#2613 = DIRECTION('',(-0.,-1.));
#2614 = ( GEOMETRIC_REPRESENTATION_CONTEXT(2) 
PARAMETRIC_REPRESENTATION_CONTEXT() REPRESENTATION_CONTEXT('2D SPACE',''
  ) );
#2615 = PCURVE('',#1276,#2616);
#2616 = DEFINITIONAL_REPRESENTATION('',(#2617),#2621);
#2617 = LINE('',#2618,#2619);
#2618 = CARTESIAN_POINT('',(6.28318530718,0.));
#2619 = VECTOR('',#2620,1.);
#2620 = DIRECTION('',(0.,1.));
#2621 = ( GEOMETRIC_REPRESENTATION_CONTEXT(2) 
PARAMETRIC_REPRESENTATION_CONTEXT() REPRESENTATION_CONTEXT('2D SPACE',''
  ) );
#2622 = ORIENTED_EDGE('',*,*,#1208,.F.);
#2623 = ADVANCED_FACE('',(#2624),#1276,.T.);
#2624 = FACE_BOUND('',#2625,.T.);
#2625 = EDGE_LOOP('',(#2626,#2672,#2693,#2694));
#2626 = ORIENTED_EDGE('',*,*,#2627,.F.);
#2627 = EDGE_CURVE('',#2628,#2580,#2630,.T.);
#2628 = VERTEX_POINT('',#2629);
#2629 = CARTESIAN_POINT('',(-10.45218187575,1.128110089723,
    6.006348646944));
#2630 = SURFACE_CURVE('',#2631,(#2636,#2643),.PCURVE_S1.);
#2631 = CIRCLE('',#2632,1.5);
#2632 = AXIS2_PLACEMENT_3D('',#2633,#2634,#2635);
#2633 = CARTESIAN_POINT('',(-8.952181875753,1.128110089723,
    6.006348646944));
#2634 = DIRECTION('',(0.,-1.,0.));
#2635 = DIRECTION('',(0.,0.,-1.));
#2636 = PCURVE('',#1276,#2637);
#2637 = DEFINITIONAL_REPRESENTATION('',(#2638),#2642);
#2638 = LINE('',#2639,#2640);
#2639 = CARTESIAN_POINT('',(0.,4.22));
#2640 = VECTOR('',#2641,1.);
#2641 = DIRECTION('',(1.,0.));
#2642 = ( GEOMETRIC_REPRESENTATION_CONTEXT(2) 
PARAMETRIC_REPRESENTATION_CONTEXT() REPRESENTATION_CONTEXT('2D SPACE',''
  ) );
#2643 = PCURVE('',#1488,#2644);
#2644 = DEFINITIONAL_REPRESENTATION('',(#2645),#2671);
#2645 = B_SPLINE_CURVE_WITH_KNOTS('',3,(#2646,#2647,#2648,#2649,#2650,
    #2651,#2652,#2653,#2654,#2655,#2656,#2657,#2658,#2659,#2660,#2661,
    #2662,#2663,#2664,#2665,#2666,#2667,#2668,#2669,#2670),
  .UNSPECIFIED.,.F.,.F.,(4,1,1,1,1,1,1,1,1,1,1,1,1,1,1,1,1,1,1,1,1,1,4),
  (4.712388980385,4.783788813421,4.855188646457,4.926588479493,
    4.997988312529,5.069388145565,5.140787978601,5.212187811638,
    5.283587644674,5.35498747771,5.426387310746,5.497787143782,
    5.569186976818,5.640586809854,5.711986642891,5.783386475927,
    5.854786308963,5.926186141999,5.997585975035,6.068985808071,
    6.140385641107,6.211785474143,6.28318530718),.QUASI_UNIFORM_KNOTS.);
#2646 = CARTESIAN_POINT('',(1.,0.));
#2647 = CARTESIAN_POINT('',(1.,1.682780133706E-02));
#2648 = CARTESIAN_POINT('',(1.,4.999070298881E-02));
#2649 = CARTESIAN_POINT('',(1.,9.842552590405E-02));
#2650 = CARTESIAN_POINT('',(1.,0.145724913075));
#2651 = CARTESIAN_POINT('',(1.,0.192043637223));
#2652 = CARTESIAN_POINT('',(1.,0.237526724423));
#2653 = CARTESIAN_POINT('',(1.,0.282309422539));
#2654 = CARTESIAN_POINT('',(1.,0.326519436214));
#2655 = CARTESIAN_POINT('',(1.,0.370278310591));
#2656 = CARTESIAN_POINT('',(1.,0.413702852292));
#2657 = CARTESIAN_POINT('',(1.,0.456906394885));
#2658 = CARTESIAN_POINT('',(1.,0.5));
#2659 = CARTESIAN_POINT('',(1.,0.543093605115));
#2660 = CARTESIAN_POINT('',(1.,0.586297147708));
#2661 = CARTESIAN_POINT('',(1.,0.629721689409));
#2662 = CARTESIAN_POINT('',(1.,0.673480563786));
#2663 = CARTESIAN_POINT('',(1.,0.717690577461));
#2664 = CARTESIAN_POINT('',(1.,0.762473275577));
#2665 = CARTESIAN_POINT('',(1.,0.807956362777));
#2666 = CARTESIAN_POINT('',(1.,0.854275086925));
#2667 = CARTESIAN_POINT('',(1.,0.901574474096));
#2668 = CARTESIAN_POINT('',(1.,0.950009297011));
#2669 = CARTESIAN_POINT('',(1.,0.983172198663));
#2670 = CARTESIAN_POINT('',(1.,1.));
#2671 = ( GEOMETRIC_REPRESENTATION_CONTEXT(2) 
PARAMETRIC_REPRESENTATION_CONTEXT() REPRESENTATION_CONTEXT('2D SPACE',''
  ) );
#2672 = ORIENTED_EDGE('',*,*,#2673,.T.);
#2673 = EDGE_CURVE('',#2628,#1238,#2674,.T.);
#2674 = SURFACE_CURVE('',#2675,(#2679,#2686),.PCURVE_S1.);
#2675 = LINE('',#2676,#2677);
#2676 = CARTESIAN_POINT('',(-10.45218187575,5.348110089723,
    6.006348646944));
#2677 = VECTOR('',#2678,1.);
#2678 = DIRECTION('',(0.,1.,0.));
#2679 = PCURVE('',#1276,#2680);
#2680 = DEFINITIONAL_REPRESENTATION('',(#2681),#2685);
#2681 = LINE('',#2682,#2683);
#2682 = CARTESIAN_POINT('',(4.712388980385,0.));
#2683 = VECTOR('',#2684,1.);
#2684 = DIRECTION('',(0.,-1.));
#2685 = ( GEOMETRIC_REPRESENTATION_CONTEXT(2) 
PARAMETRIC_REPRESENTATION_CONTEXT() REPRESENTATION_CONTEXT('2D SPACE',''
  ) );
#2686 = PCURVE('',#1751,#2687);
#2687 = DEFINITIONAL_REPRESENTATION('',(#2688),#2692);
#2688 = LINE('',#2689,#2690);
#2689 = CARTESIAN_POINT('',(13.5,0.));
#2690 = VECTOR('',#2691,1.);
#2691 = DIRECTION('',(0.,1.));
#2692 = ( GEOMETRIC_REPRESENTATION_CONTEXT(2) 
PARAMETRIC_REPRESENTATION_CONTEXT() REPRESENTATION_CONTEXT('2D SPACE',''
  ) );
#2693 = ORIENTED_EDGE('',*,*,#1237,.T.);
#2694 = ORIENTED_EDGE('',*,*,#2602,.T.);
#2695 = ADVANCED_FACE('',(#2696),#1434,.T.);
#2696 = FACE_BOUND('',#2697,.T.);
#2697 = EDGE_LOOP('',(#2698,#2814,#2835,#2836,#2837,#2934,#2957,#2980,
    #3008,#3122));
#2698 = ORIENTED_EDGE('',*,*,#2699,.T.);
#2699 = EDGE_CURVE('',#2700,#2702,#2704,.T.);
#2700 = VERTEX_POINT('',#2701);
#2701 = CARTESIAN_POINT('',(-8.952181875753,1.028110089723,
    19.406348646944));
#2702 = VERTEX_POINT('',#2703);
#2703 = CARTESIAN_POINT('',(-10.35218187575,1.028110089723,
    18.006348646944));
#2704 = SURFACE_CURVE('',#2705,(#2724,#2746),.PCURVE_S1.);
#2705 = B_SPLINE_CURVE_WITH_KNOTS('',3,(#2706,#2707,#2708,#2709,#2710,
    #2711,#2712,#2713,#2714,#2715,#2716,#2717,#2718,#2719,#2720,#2721,
    #2722,#2723),.UNSPECIFIED.,.F.,.F.,(4,1,1,2,2,2,1,1,2,2,4),(0.,0.125
    ,0.1875,0.21875,0.25,0.5,0.625,0.6875,0.71875,0.75,1.),
  .UNSPECIFIED.);
#2706 = CARTESIAN_POINT('',(-8.952181875753,1.028110089723,
    19.406348646944));
#2707 = CARTESIAN_POINT('',(-9.041106279292,1.028110089723,
    19.406348646944));
#2708 = CARTESIAN_POINT('',(-9.17221615612,1.028110089723,
    19.394061599629));
#2709 = CARTESIAN_POINT('',(-9.321193404244,1.028110089723,
    19.358224378297));
#2710 = CARTESIAN_POINT('',(-9.384187023116,1.028110089723,
    19.338257926411));
#2711 = CARTESIAN_POINT('',(-9.425993041658,1.028110089723,
    19.323923037878));
#2712 = CARTESIAN_POINT('',(-9.445086129101,1.028110089723,
    19.316921877686));
#2713 = CARTESIAN_POINT('',(-9.64694118945,1.028110089723,19.23709539439
    ));
#2714 = CARTESIAN_POINT('',(-9.805643807452,1.028110089723,
    19.132680749364));
#2715 = CARTESIAN_POINT('',(-10.01037515039,1.028110089723,
    18.928106836225));
#2716 = CARTESIAN_POINT('',(-10.1005272521,1.028110089723,
    18.817636245406));
#2717 = CARTESIAN_POINT('',(-10.18433095703,1.028110089723,
    18.674432529514));
#2718 = CARTESIAN_POINT('',(-10.21566674191,1.028110089723,
    18.609990645573));
#2719 = CARTESIAN_POINT('',(-10.23553946768,1.028110089723,
    18.566347420092));
#2720 = CARTESIAN_POINT('',(-10.24569413236,1.028110089723,
    18.542349929173));
#2721 = CARTESIAN_POINT('',(-10.31941641624,1.028110089723,
    18.356331729587));
#2722 = CARTESIAN_POINT('',(-10.35218187575,1.028110089723,
    18.184554198459));
#2723 = CARTESIAN_POINT('',(-10.35218187575,1.028110089723,
    18.006348646944));
#2724 = PCURVE('',#1434,#2725);
#2725 = DEFINITIONAL_REPRESENTATION('',(#2726),#2745);
#2726 = B_SPLINE_CURVE_WITH_KNOTS('',3,(#2727,#2728,#2729,#2730,#2731,
    #2732,#2733,#2734,#2735,#2736,#2737,#2738,#2739,#2740,#2741,#2742,
    #2743,#2744),.UNSPECIFIED.,.F.,.F.,(4,1,1,2,2,2,1,1,2,2,4),(0.,0.125
    ,0.1875,0.21875,0.25,0.5,0.625,0.6875,0.71875,0.75,1.),
  .UNSPECIFIED.);
#2727 = CARTESIAN_POINT('',(-7.4,-6.));
#2728 = CARTESIAN_POINT('',(-7.4,-6.088924403539));
#2729 = CARTESIAN_POINT('',(-7.387712952686,-6.220034280367));
#2730 = CARTESIAN_POINT('',(-7.351875731353,-6.369011528491));
#2731 = CARTESIAN_POINT('',(-7.331909279468,-6.432005147363));
#2732 = CARTESIAN_POINT('',(-7.317574390935,-6.473811165905));
#2733 = CARTESIAN_POINT('',(-7.310573230743,-6.492904253348));
#2734 = CARTESIAN_POINT('',(-7.230746747446,-6.694759313697));
#2735 = CARTESIAN_POINT('',(-7.126332102421,-6.853461931699));
#2736 = CARTESIAN_POINT('',(-6.921758189281,-7.058193274642));
#2737 = CARTESIAN_POINT('',(-6.811287598462,-7.148345376356));
#2738 = CARTESIAN_POINT('',(-6.66808388257,-7.23214908128));
#2739 = CARTESIAN_POINT('',(-6.60364199863,-7.26348486616));
#2740 = CARTESIAN_POINT('',(-6.559998773149,-7.283357591934));
#2741 = CARTESIAN_POINT('',(-6.536001282229,-7.293512256611));
#2742 = CARTESIAN_POINT('',(-6.349983082644,-7.367234540496));
#2743 = CARTESIAN_POINT('',(-6.178205551515,-7.4));
#2744 = CARTESIAN_POINT('',(-6.,-7.4));
#2745 = ( GEOMETRIC_REPRESENTATION_CONTEXT(2) 
PARAMETRIC_REPRESENTATION_CONTEXT() REPRESENTATION_CONTEXT('2D SPACE',''
  ) );
#2746 = PCURVE('',#2747,#2764);
#2747 = ( BOUNDED_SURFACE() B_SPLINE_SURFACE(3,3,(
    (#2748,#2749,#2750,#2751)
    ,(#2752,#2753,#2754,#2755)
    ,(#2756,#2757,#2758,#2759)
    ,(#2760,#2761,#2762,#2763
)),.UNSPECIFIED.,.F.,.F.,.F.) B_SPLINE_SURFACE_WITH_KNOTS((4,4),(4,4),(
    0.,1.),(0.,1.),.PIECEWISE_BEZIER_KNOTS.) 
GEOMETRIC_REPRESENTATION_ITEM() RATIONAL_B_SPLINE_SURFACE((
    (1.,0.804737854124,0.804737854124,1.)
    ,(0.804737854124,0.647603013861,0.647603013861,0.804737854124)
    ,(0.804737854124,0.647603013861,0.647603013861,0.804737854124)
,(1.,0.804737854124,0.804737854124,1.
))) REPRESENTATION_ITEM('') SURFACE() );
#2748 = CARTESIAN_POINT('',(-8.952181875753,1.028110089723,
    19.406348646944));
#2749 = CARTESIAN_POINT('',(-9.772282888431,1.028110089723,
    19.406348646944));
#2750 = CARTESIAN_POINT('',(-10.35218187575,1.028110089723,
    18.826449659621));
#2751 = CARTESIAN_POINT('',(-10.35218187575,1.028110089723,
    18.006348646944));
#2752 = CARTESIAN_POINT('',(-8.952181875753,1.028110089723,
    19.464927290706));
#2753 = CARTESIAN_POINT('',(-9.806597463482,1.028110089723,
    19.464927290706));
#2754 = CARTESIAN_POINT('',(-10.41076051951,1.028110089723,
    18.860764234672));
#2755 = CARTESIAN_POINT('',(-10.41076051951,1.028110089723,
    18.006348646944));
#2756 = CARTESIAN_POINT('',(-8.952181875753,1.069531445961,
    19.506348646944));
#2757 = CARTESIAN_POINT('',(-9.830861532194,1.069531445961,
    19.506348646944));
#2758 = CARTESIAN_POINT('',(-10.45218187575,1.069531445961,
    18.885028303384));
#2759 = CARTESIAN_POINT('',(-10.45218187575,1.069531445961,
    18.006348646944));
#2760 = CARTESIAN_POINT('',(-8.952181875753,1.128110089723,
    19.506348646944));
#2761 = CARTESIAN_POINT('',(-9.830861532194,1.128110089723,
    19.506348646944));
#2762 = CARTESIAN_POINT('',(-10.45218187575,1.128110089723,
    18.885028303384));
#2763 = CARTESIAN_POINT('',(-10.45218187575,1.128110089723,
    18.006348646944));
#2764 = DEFINITIONAL_REPRESENTATION('',(#2765),#2813);
#2765 = B_SPLINE_CURVE_WITH_KNOTS('',3,(#2766,#2767,#2768,#2769,#2770,
    #2771,#2772,#2773,#2774,#2775,#2776,#2777,#2778,#2779,#2780,#2781,
    #2782,#2783,#2784,#2785,#2786,#2787,#2788,#2789,#2790,#2791,#2792,
    #2793,#2794,#2795,#2796,#2797,#2798,#2799,#2800,#2801,#2802,#2803,
    #2804,#2805,#2806,#2807,#2808,#2809,#2810,#2811,#2812),
  .UNSPECIFIED.,.F.,.F.,(4,1,1,1,1,1,1,1,1,1,1,1,1,1,1,1,1,1,1,1,1,1,1,1
    ,1,1,1,1,1,1,1,1,1,1,1,1,1,1,1,1,1,1,1,1,4),(0.,2.272727272727E-02,
    4.545454545455E-02,6.818181818182E-02,9.090909090909E-02,
    0.113636363636,0.136363636364,0.159090909091,0.181818181818,
    0.204545454545,0.227272727273,0.25,0.272727272727,0.295454545455,
    0.318181818182,0.340909090909,0.363636363636,0.386363636364,
    0.409090909091,0.431818181818,0.454545454545,0.477272727273,0.5,
    0.522727272727,0.545454545455,0.568181818182,0.590909090909,
    0.613636363636,0.636363636364,0.659090909091,0.681818181818,
    0.704545454545,0.727272727273,0.75,0.772727272727,0.795454545455,
    0.818181818182,0.840909090909,0.863636363636,0.886363636364,
    0.909090909091,0.931818181818,0.954545454545,0.977272727273,1.),
  .QUASI_UNIFORM_KNOTS.);
#2766 = CARTESIAN_POINT('',(0.,0.));
#2767 = CARTESIAN_POINT('',(3.453085255665E-06,8.165927509556E-03));
#2768 = CARTESIAN_POINT('',(1.286264210529E-04,2.433060464522E-02));
#2769 = CARTESIAN_POINT('',(5.160262838799E-04,4.812782118045E-02));
#2770 = CARTESIAN_POINT('',(9.31592574719E-04,7.152783692524E-02));
#2771 = CARTESIAN_POINT('',(1.260943142825E-03,9.458022662221E-02));
#2772 = CARTESIAN_POINT('',(1.426536033283E-03,0.11733314138));
#2773 = CARTESIAN_POINT('',(1.39493128463E-03,0.139831402911));
#2774 = CARTESIAN_POINT('',(1.167415723766E-03,0.162123096638));
#2775 = CARTESIAN_POINT('',(8.098817306099E-04,0.184235624857));
#2776 = CARTESIAN_POINT('',(3.427580578916E-04,0.206265358017));
#2777 = CARTESIAN_POINT('',(1.518712916124E-04,0.228043359223));
#2778 = CARTESIAN_POINT('',(-1.083650198101E-04,0.249570144892));
#2779 = CARTESIAN_POINT('',(2.815887875436E-04,0.273676061208));
#2780 = CARTESIAN_POINT('',(7.791012425658E-04,0.296708689916));
#2781 = CARTESIAN_POINT('',(1.292912051337E-03,0.31970728981));
#2782 = CARTESIAN_POINT('',(1.67198751144E-03,0.342452738831));
#2783 = CARTESIAN_POINT('',(1.842101986649E-03,0.36506194068));
#2784 = CARTESIAN_POINT('',(1.768781444609E-03,0.387560564662));
#2785 = CARTESIAN_POINT('',(1.466936698738E-03,0.40999800293));
#2786 = CARTESIAN_POINT('',(9.977977362827E-04,0.432415119987));
#2787 = CARTESIAN_POINT('',(4.706035574323E-04,0.454858591874));
#2788 = CARTESIAN_POINT('',(3.851512714356E-05,0.477356052291));
#2789 = CARTESIAN_POINT('',(-8.700047458795E-05,0.500001361691));
#2790 = CARTESIAN_POINT('',(3.094867712791E-04,0.522638500947));
#2791 = CARTESIAN_POINT('',(9.21805307619E-04,0.545115958537));
#2792 = CARTESIAN_POINT('',(1.543781668405E-03,0.567532069254));
#2793 = CARTESIAN_POINT('',(2.015260209158E-03,0.589919150242));
#2794 = CARTESIAN_POINT('',(2.237037368686E-03,0.612327747038));
#2795 = CARTESIAN_POINT('',(2.164190419546E-03,0.634805476274));
#2796 = CARTESIAN_POINT('',(1.816612768336E-03,0.657397457641));
#2797 = CARTESIAN_POINT('',(1.242866917299E-03,0.680165851279));
#2798 = CARTESIAN_POINT('',(6.54464391732E-04,0.703111415786));
#2799 = CARTESIAN_POINT('',(-7.40935659424E-05,0.726467881658));
#2800 = CARTESIAN_POINT('',(-4.261606419424E-05,0.75046011311));
#2801 = CARTESIAN_POINT('',(2.445578227605E-04,0.771691665903));
#2802 = CARTESIAN_POINT('',(7.299998032834E-04,0.793724861691));
#2803 = CARTESIAN_POINT('',(1.21517971854E-03,0.815652816786));
#2804 = CARTESIAN_POINT('',(1.592240124974E-03,0.837768162133));
#2805 = CARTESIAN_POINT('',(1.781803823109E-03,0.860044158269));
#2806 = CARTESIAN_POINT('',(1.749455693447E-03,0.882541741251));
#2807 = CARTESIAN_POINT('',(1.501310389834E-03,0.905300540747));
#2808 = CARTESIAN_POINT('',(1.084842006695E-03,0.928368159326));
#2809 = CARTESIAN_POINT('',(5.900746690811E-04,0.951792504457));
#2810 = CARTESIAN_POINT('',(1.445238057772E-04,0.975623706048));
#2811 = CARTESIAN_POINT('',(3.467525674642E-06,0.99181769108));
#2812 = CARTESIAN_POINT('',(0.,1.));
#2813 = ( GEOMETRIC_REPRESENTATION_CONTEXT(2) 
PARAMETRIC_REPRESENTATION_CONTEXT() REPRESENTATION_CONTEXT('2D SPACE',''
  ) );
#2814 = ORIENTED_EDGE('',*,*,#2815,.T.);
#2815 = EDGE_CURVE('',#2702,#1524,#2816,.T.);
#2816 = SURFACE_CURVE('',#2817,(#2821,#2828),.PCURVE_S1.);
#2817 = LINE('',#2818,#2819);
#2818 = CARTESIAN_POINT('',(-10.35218187575,1.028110089723,
    12.006348646944));
#2819 = VECTOR('',#2820,1.);
#2820 = DIRECTION('',(0.,0.,-1.));
#2821 = PCURVE('',#1434,#2822);
#2822 = DEFINITIONAL_REPRESENTATION('',(#2823),#2827);
#2823 = LINE('',#2824,#2825);
#2824 = CARTESIAN_POINT('',(-0.,-7.4));
#2825 = VECTOR('',#2826,1.);
#2826 = DIRECTION('',(1.,0.));
#2827 = ( GEOMETRIC_REPRESENTATION_CONTEXT(2) 
PARAMETRIC_REPRESENTATION_CONTEXT() REPRESENTATION_CONTEXT('2D SPACE',''
  ) );
#2828 = PCURVE('',#1567,#2829);
#2829 = DEFINITIONAL_REPRESENTATION('',(#2830),#2834);
#2830 = LINE('',#2831,#2832);
#2831 = CARTESIAN_POINT('',(4.712388980385,7.5));
#2832 = VECTOR('',#2833,1.);
#2833 = DIRECTION('',(0.,1.));
#2834 = ( GEOMETRIC_REPRESENTATION_CONTEXT(2) 
PARAMETRIC_REPRESENTATION_CONTEXT() REPRESENTATION_CONTEXT('2D SPACE',''
  ) );
#2835 = ORIENTED_EDGE('',*,*,#1593,.T.);
#2836 = ORIENTED_EDGE('',*,*,#1417,.T.);
#2837 = ORIENTED_EDGE('',*,*,#2838,.T.);
#2838 = EDGE_CURVE('',#1418,#2839,#2841,.T.);
#2839 = VERTEX_POINT('',#2840);
#2840 = CARTESIAN_POINT('',(-8.952181875753,1.028110089723,
    4.606348646944));
#2841 = SURFACE_CURVE('',#2842,(#2861,#2883),.PCURVE_S1.);
#2842 = B_SPLINE_CURVE_WITH_KNOTS('',3,(#2843,#2844,#2845,#2846,#2847,
    #2848,#2849,#2850,#2851,#2852,#2853,#2854,#2855,#2856,#2857,#2858,
    #2859,#2860),.UNSPECIFIED.,.F.,.F.,(4,1,1,2,2,2,1,1,2,2,4),(0.,0.125
    ,0.1875,0.21875,0.25,0.5,0.625,0.6875,0.71875,0.75,1.),
  .UNSPECIFIED.);
#2843 = CARTESIAN_POINT('',(-10.35218187575,1.028110089723,
    6.006348646944));
#2844 = CARTESIAN_POINT('',(-10.35218187575,1.028110089723,
    5.917424243405));
#2845 = CARTESIAN_POINT('',(-10.33989482843,1.028110089723,
    5.786314366577));
#2846 = CARTESIAN_POINT('',(-10.3040576071,1.028110089723,5.637337118453
    ));
#2847 = CARTESIAN_POINT('',(-10.28409115522,1.028110089723,5.57434349958
    ));
#2848 = CARTESIAN_POINT('',(-10.26975626668,1.028110089723,
    5.532537481039));
#2849 = CARTESIAN_POINT('',(-10.26275510649,1.028110089723,
    5.513444393596));
#2850 = CARTESIAN_POINT('',(-10.1829286232,1.028110089723,5.311589333247
    ));
#2851 = CARTESIAN_POINT('',(-10.07851397817,1.028110089723,
    5.152886715244));
#2852 = CARTESIAN_POINT('',(-9.873940065035,1.028110089723,
    4.948155372301));
#2853 = CARTESIAN_POINT('',(-9.763469474216,1.028110089723,
    4.858003270587));
#2854 = CARTESIAN_POINT('',(-9.620265758323,1.028110089723,
    4.774199565663));
#2855 = CARTESIAN_POINT('',(-9.555823874383,1.028110089723,
    4.742863780783));
#2856 = CARTESIAN_POINT('',(-9.512180648902,1.028110089723,4.72299105501
    ));
#2857 = CARTESIAN_POINT('',(-9.488183157983,1.028110089723,
    4.712836390332));
#2858 = CARTESIAN_POINT('',(-9.302164958397,1.028110089723,
    4.639114106448));
#2859 = CARTESIAN_POINT('',(-9.130387427268,1.028110089723,
    4.606348646944));
#2860 = CARTESIAN_POINT('',(-8.952181875753,1.028110089723,
    4.606348646944));
#2861 = PCURVE('',#1434,#2862);
#2862 = DEFINITIONAL_REPRESENTATION('',(#2863),#2882);
#2863 = B_SPLINE_CURVE_WITH_KNOTS('',3,(#2864,#2865,#2866,#2867,#2868,
    #2869,#2870,#2871,#2872,#2873,#2874,#2875,#2876,#2877,#2878,#2879,
    #2880,#2881),.UNSPECIFIED.,.F.,.F.,(4,1,1,2,2,2,1,1,2,2,4),(0.,0.125
    ,0.1875,0.21875,0.25,0.5,0.625,0.6875,0.71875,0.75,1.),
  .UNSPECIFIED.);
#2864 = CARTESIAN_POINT('',(6.,-7.4));
#2865 = CARTESIAN_POINT('',(6.088924403539,-7.4));
#2866 = CARTESIAN_POINT('',(6.220034280367,-7.387712952686));
#2867 = CARTESIAN_POINT('',(6.36901152849,-7.351875731353));
#2868 = CARTESIAN_POINT('',(6.432005147363,-7.331909279468));
#2869 = CARTESIAN_POINT('',(6.473811165905,-7.317574390935));
#2870 = CARTESIAN_POINT('',(6.492904253348,-7.310573230743));
#2871 = CARTESIAN_POINT('',(6.694759313697,-7.230746747446));
#2872 = CARTESIAN_POINT('',(6.853461931699,-7.126332102421));
#2873 = CARTESIAN_POINT('',(7.058193274642,-6.921758189281));
#2874 = CARTESIAN_POINT('',(7.148345376356,-6.811287598462));
#2875 = CARTESIAN_POINT('',(7.23214908128,-6.66808388257));
#2876 = CARTESIAN_POINT('',(7.26348486616,-6.60364199863));
#2877 = CARTESIAN_POINT('',(7.283357591934,-6.559998773149));
#2878 = CARTESIAN_POINT('',(7.293512256611,-6.536001282229));
#2879 = CARTESIAN_POINT('',(7.367234540496,-6.349983082644));
#2880 = CARTESIAN_POINT('',(7.4,-6.178205551515));
#2881 = CARTESIAN_POINT('',(7.4,-6.));
#2882 = ( GEOMETRIC_REPRESENTATION_CONTEXT(2) 
PARAMETRIC_REPRESENTATION_CONTEXT() REPRESENTATION_CONTEXT('2D SPACE',''
  ) );
#2883 = PCURVE('',#1488,#2884);
#2884 = DEFINITIONAL_REPRESENTATION('',(#2885),#2933);
#2885 = B_SPLINE_CURVE_WITH_KNOTS('',3,(#2886,#2887,#2888,#2889,#2890,
    #2891,#2892,#2893,#2894,#2895,#2896,#2897,#2898,#2899,#2900,#2901,
    #2902,#2903,#2904,#2905,#2906,#2907,#2908,#2909,#2910,#2911,#2912,
    #2913,#2914,#2915,#2916,#2917,#2918,#2919,#2920,#2921,#2922,#2923,
    #2924,#2925,#2926,#2927,#2928,#2929,#2930,#2931,#2932),
  .UNSPECIFIED.,.F.,.F.,(4,1,1,1,1,1,1,1,1,1,1,1,1,1,1,1,1,1,1,1,1,1,1,1
    ,1,1,1,1,1,1,1,1,1,1,1,1,1,1,1,1,1,1,1,1,4),(0.,2.272727272727E-02,
    4.545454545455E-02,6.818181818182E-02,9.090909090909E-02,
    0.113636363636,0.136363636364,0.159090909091,0.181818181818,
    0.204545454545,0.227272727273,0.25,0.272727272727,0.295454545455,
    0.318181818182,0.340909090909,0.363636363636,0.386363636364,
    0.409090909091,0.431818181818,0.454545454545,0.477272727273,0.5,
    0.522727272727,0.545454545455,0.568181818182,0.590909090909,
    0.613636363636,0.636363636364,0.659090909091,0.681818181818,
    0.704545454545,0.727272727273,0.75,0.772727272727,0.795454545455,
    0.818181818182,0.840909090909,0.863636363636,0.886363636364,
    0.909090909091,0.931818181818,0.954545454545,0.977272727273,1.),
  .QUASI_UNIFORM_KNOTS.);
#2886 = CARTESIAN_POINT('',(0.,0.));
#2887 = CARTESIAN_POINT('',(3.453085273833E-06,8.165927509546E-03));
#2888 = CARTESIAN_POINT('',(1.286264210737E-04,2.433060464519E-02));
#2889 = CARTESIAN_POINT('',(5.16026283846E-04,4.81278211804E-02));
#2890 = CARTESIAN_POINT('',(9.315925746553E-04,7.152783692517E-02));
#2891 = CARTESIAN_POINT('',(1.260943142697E-03,9.458022662214E-02));
#2892 = CARTESIAN_POINT('',(1.42653603308E-03,0.11733314138));
#2893 = CARTESIAN_POINT('',(1.39493128438E-03,0.139831402911));
#2894 = CARTESIAN_POINT('',(1.167415723511E-03,0.162123096638));
#2895 = CARTESIAN_POINT('',(8.098817303433E-04,0.184235624856));
#2896 = CARTESIAN_POINT('',(3.427580577114E-04,0.206265358017));
#2897 = CARTESIAN_POINT('',(1.518712914568E-04,0.228043359223));
#2898 = CARTESIAN_POINT('',(-1.083650197708E-04,0.249570144892));
#2899 = CARTESIAN_POINT('',(2.815887876915E-04,0.273676061208));
#2900 = CARTESIAN_POINT('',(7.791012427716E-04,0.296708689916));
#2901 = CARTESIAN_POINT('',(1.292912051576E-03,0.31970728981));
#2902 = CARTESIAN_POINT('',(1.671987511647E-03,0.342452738831));
#2903 = CARTESIAN_POINT('',(1.842101986837E-03,0.36506194068));
#2904 = CARTESIAN_POINT('',(1.768781444722E-03,0.387560564662));
#2905 = CARTESIAN_POINT('',(1.466936698847E-03,0.40999800293));
#2906 = CARTESIAN_POINT('',(9.97797736282E-04,0.432415119987));
#2907 = CARTESIAN_POINT('',(4.706035574787E-04,0.454858591874));
#2908 = CARTESIAN_POINT('',(3.851512714269E-05,0.477356052291));
#2909 = CARTESIAN_POINT('',(-8.700047462193E-05,0.500001361691));
#2910 = CARTESIAN_POINT('',(3.094867712478E-04,0.522638500947));
#2911 = CARTESIAN_POINT('',(9.218053076326E-04,0.545115958537));
#2912 = CARTESIAN_POINT('',(1.543781668416E-03,0.567532069254));
#2913 = CARTESIAN_POINT('',(2.015260209191E-03,0.589919150242));
#2914 = CARTESIAN_POINT('',(2.237037368768E-03,0.612327747038));
#2915 = CARTESIAN_POINT('',(2.164190419631E-03,0.634805476274));
#2916 = CARTESIAN_POINT('',(1.816612768415E-03,0.657397457641));
#2917 = CARTESIAN_POINT('',(1.242866917381E-03,0.680165851279));
#2918 = CARTESIAN_POINT('',(6.544643917998E-04,0.703111415786));
#2919 = CARTESIAN_POINT('',(-7.409356582601E-05,0.726467881658));
#2920 = CARTESIAN_POINT('',(-4.261606420122E-05,0.75046011311));
#2921 = CARTESIAN_POINT('',(2.445578227139E-04,0.771691665903));
#2922 = CARTESIAN_POINT('',(7.299998032567E-04,0.793724861691));
#2923 = CARTESIAN_POINT('',(1.215179718441E-03,0.815652816786));
#2924 = CARTESIAN_POINT('',(1.592240124887E-03,0.837768162133));
#2925 = CARTESIAN_POINT('',(1.781803823034E-03,0.860044158269));
#2926 = CARTESIAN_POINT('',(1.749455693438E-03,0.882541741251));
#2927 = CARTESIAN_POINT('',(1.501310389763E-03,0.905300540748));
#2928 = CARTESIAN_POINT('',(1.084842006683E-03,0.928368159326));
#2929 = CARTESIAN_POINT('',(5.900746690849E-04,0.951792504457));
#2930 = CARTESIAN_POINT('',(1.44523805785E-04,0.975623706048));
#2931 = CARTESIAN_POINT('',(3.467525677445E-06,0.99181769108));
#2932 = CARTESIAN_POINT('',(0.,1.));
#2933 = ( GEOMETRIC_REPRESENTATION_CONTEXT(2) 
PARAMETRIC_REPRESENTATION_CONTEXT() REPRESENTATION_CONTEXT('2D SPACE',''
  ) );
#2934 = ORIENTED_EDGE('',*,*,#2935,.T.);
#2935 = EDGE_CURVE('',#2839,#2936,#2938,.T.);
#2936 = VERTEX_POINT('',#2937);
#2937 = CARTESIAN_POINT('',(3.506396768009,1.028110089723,4.606348646944
    ));
#2938 = SURFACE_CURVE('',#2939,(#2943,#2950),.PCURVE_S1.);
#2939 = LINE('',#2940,#2941);
#2940 = CARTESIAN_POINT('',(-2.952181875753,1.028110089723,
    4.606348646944));
#2941 = VECTOR('',#2942,1.);
#2942 = DIRECTION('',(1.,0.,0.));
#2943 = PCURVE('',#1434,#2944);
#2944 = DEFINITIONAL_REPRESENTATION('',(#2945),#2949);
#2945 = LINE('',#2946,#2947);
#2946 = CARTESIAN_POINT('',(7.4,0.));
#2947 = VECTOR('',#2948,1.);
#2948 = DIRECTION('',(0.,1.));
#2949 = ( GEOMETRIC_REPRESENTATION_CONTEXT(2) 
PARAMETRIC_REPRESENTATION_CONTEXT() REPRESENTATION_CONTEXT('2D SPACE',''
  ) );
#2950 = PCURVE('',#2541,#2951);
#2951 = DEFINITIONAL_REPRESENTATION('',(#2952),#2956);
#2952 = LINE('',#2953,#2954);
#2953 = CARTESIAN_POINT('',(4.712388980385,7.5));
#2954 = VECTOR('',#2955,1.);
#2955 = DIRECTION('',(0.,1.));
#2956 = ( GEOMETRIC_REPRESENTATION_CONTEXT(2) 
PARAMETRIC_REPRESENTATION_CONTEXT() REPRESENTATION_CONTEXT('2D SPACE',''
  ) );
#2957 = ORIENTED_EDGE('',*,*,#2958,.T.);
#2958 = EDGE_CURVE('',#2936,#2959,#2961,.T.);
#2959 = VERTEX_POINT('',#2960);
#2960 = CARTESIAN_POINT('',(4.447818124247,1.028110089723,5.547770003181
    ));
#2961 = SURFACE_CURVE('',#2962,(#2966,#2973),.PCURVE_S1.);
#2962 = LINE('',#2963,#2964);
#2963 = CARTESIAN_POINT('',(3.506396768009,1.028110089723,4.606348646944
    ));
#2964 = VECTOR('',#2965,1.);
#2965 = DIRECTION('',(0.707106781187,0.,0.707106781187));
#2966 = PCURVE('',#1434,#2967);
#2967 = DEFINITIONAL_REPRESENTATION('',(#2968),#2972);
#2968 = LINE('',#2969,#2970);
#2969 = CARTESIAN_POINT('',(7.4,6.458578643763));
#2970 = VECTOR('',#2971,1.);
#2971 = DIRECTION('',(-0.707106781187,0.707106781187));
#2972 = ( GEOMETRIC_REPRESENTATION_CONTEXT(2) 
PARAMETRIC_REPRESENTATION_CONTEXT() REPRESENTATION_CONTEXT('2D SPACE',''
  ) );
#2973 = PCURVE('',#2470,#2974);
#2974 = DEFINITIONAL_REPRESENTATION('',(#2975),#2979);
#2975 = LINE('',#2976,#2977);
#2976 = CARTESIAN_POINT('',(4.712388980385,0.665685424949));
#2977 = VECTOR('',#2978,1.);
#2978 = DIRECTION('',(1.334231434867E-14,-1.));
#2979 = ( GEOMETRIC_REPRESENTATION_CONTEXT(2) 
PARAMETRIC_REPRESENTATION_CONTEXT() REPRESENTATION_CONTEXT('2D SPACE',''
  ) );
#2980 = ORIENTED_EDGE('',*,*,#2981,.T.);
#2981 = EDGE_CURVE('',#2959,#2982,#2984,.T.);
#2982 = VERTEX_POINT('',#2983);
#2983 = CARTESIAN_POINT('',(4.447818124247,1.028110089723,
    18.006348646944));
#2984 = SURFACE_CURVE('',#2985,(#2989,#2996),.PCURVE_S1.);
#2985 = LINE('',#2986,#2987);
#2986 = CARTESIAN_POINT('',(4.447818124247,1.028110089723,
    12.006348646944));
#2987 = VECTOR('',#2988,1.);
#2988 = DIRECTION('',(0.,0.,1.));
#2989 = PCURVE('',#1434,#2990);
#2990 = DEFINITIONAL_REPRESENTATION('',(#2991),#2995);
#2991 = LINE('',#2992,#2993);
#2992 = CARTESIAN_POINT('',(0.,7.4));
#2993 = VECTOR('',#2994,1.);
#2994 = DIRECTION('',(-1.,0.));
#2995 = ( GEOMETRIC_REPRESENTATION_CONTEXT(2) 
PARAMETRIC_REPRESENTATION_CONTEXT() REPRESENTATION_CONTEXT('2D SPACE',''
  ) );
#2996 = PCURVE('',#2997,#3002);
#2997 = CYLINDRICAL_SURFACE('',#2998,0.1);
#2998 = AXIS2_PLACEMENT_3D('',#2999,#3000,#3001);
#2999 = CARTESIAN_POINT('',(4.447818124247,1.128110089723,
    19.506348646944));
#3000 = DIRECTION('',(0.,0.,1.));
#3001 = DIRECTION('',(1.,0.,0.));
#3002 = DEFINITIONAL_REPRESENTATION('',(#3003),#3007);
#3003 = LINE('',#3004,#3005);
#3004 = CARTESIAN_POINT('',(4.712388980385,-7.5));
#3005 = VECTOR('',#3006,1.);
#3006 = DIRECTION('',(0.,1.));
#3007 = ( GEOMETRIC_REPRESENTATION_CONTEXT(2) 
PARAMETRIC_REPRESENTATION_CONTEXT() REPRESENTATION_CONTEXT('2D SPACE',''
  ) );
#3008 = ORIENTED_EDGE('',*,*,#3009,.T.);
#3009 = EDGE_CURVE('',#2982,#3010,#3012,.T.);
#3010 = VERTEX_POINT('',#3011);
#3011 = CARTESIAN_POINT('',(3.047818124247,1.028110089723,
    19.406348646944));
#3012 = SURFACE_CURVE('',#3013,(#3032,#3054),.PCURVE_S1.);
#3013 = B_SPLINE_CURVE_WITH_KNOTS('',3,(#3014,#3015,#3016,#3017,#3018,
    #3019,#3020,#3021,#3022,#3023,#3024,#3025,#3026,#3027,#3028,#3029,
    #3030,#3031),.UNSPECIFIED.,.F.,.F.,(4,1,1,2,2,2,1,1,2,2,4),(0.,0.125
    ,0.1875,0.21875,0.25,0.5,0.625,0.6875,0.71875,0.75,1.),
  .UNSPECIFIED.);
#3014 = CARTESIAN_POINT('',(4.447818124247,1.028110089723,
    18.006348646944));
#3015 = CARTESIAN_POINT('',(4.447818124247,1.028110089723,
    18.095273050483));
#3016 = CARTESIAN_POINT('',(4.435531076933,1.028110089723,
    18.226382927311));
#3017 = CARTESIAN_POINT('',(4.3996938556,1.028110089723,18.375360175435)
  );
#3018 = CARTESIAN_POINT('',(4.379727403715,1.028110089723,
    18.438353794307));
#3019 = CARTESIAN_POINT('',(4.365392515182,1.028110089723,
    18.480159812849));
#3020 = CARTESIAN_POINT('',(4.358391354989,1.028110089723,
    18.499252900291));
#3021 = CARTESIAN_POINT('',(4.278564871693,1.028110089723,
    18.701107960641));
#3022 = CARTESIAN_POINT('',(4.174150226667,1.028110089723,
    18.859810578643));
#3023 = CARTESIAN_POINT('',(3.969576313529,1.028110089723,
    19.064541921586));
#3024 = CARTESIAN_POINT('',(3.85910572271,1.028110089723,19.154694023299
    ));
#3025 = CARTESIAN_POINT('',(3.715902006817,1.028110089723,
    19.238497728224));
#3026 = CARTESIAN_POINT('',(3.651460122877,1.028110089723,
    19.269833513104));
#3027 = CARTESIAN_POINT('',(3.607816897396,1.028110089723,
    19.289706238877));
#3028 = CARTESIAN_POINT('',(3.583819406476,1.028110089723,
    19.299860903555));
#3029 = CARTESIAN_POINT('',(3.397801206891,1.028110089723,
    19.373583187439));
#3030 = CARTESIAN_POINT('',(3.226023675762,1.028110089723,
    19.406348646944));
#3031 = CARTESIAN_POINT('',(3.047818124247,1.028110089723,
    19.406348646944));
#3032 = PCURVE('',#1434,#3033);
#3033 = DEFINITIONAL_REPRESENTATION('',(#3034),#3053);
#3034 = B_SPLINE_CURVE_WITH_KNOTS('',3,(#3035,#3036,#3037,#3038,#3039,
    #3040,#3041,#3042,#3043,#3044,#3045,#3046,#3047,#3048,#3049,#3050,
    #3051,#3052),.UNSPECIFIED.,.F.,.F.,(4,1,1,2,2,2,1,1,2,2,4),(0.,0.125
    ,0.1875,0.21875,0.25,0.5,0.625,0.6875,0.71875,0.75,1.),
  .UNSPECIFIED.);
#3035 = CARTESIAN_POINT('',(-6.,7.4));
#3036 = CARTESIAN_POINT('',(-6.088924403539,7.4));
#3037 = CARTESIAN_POINT('',(-6.220034280367,7.387712952686));
#3038 = CARTESIAN_POINT('',(-6.369011528491,7.351875731353));
#3039 = CARTESIAN_POINT('',(-6.432005147364,7.331909279468));
#3040 = CARTESIAN_POINT('',(-6.473811165905,7.317574390935));
#3041 = CARTESIAN_POINT('',(-6.492904253348,7.310573230743));
#3042 = CARTESIAN_POINT('',(-6.694759313698,7.230746747446));
#3043 = CARTESIAN_POINT('',(-6.8534619317,7.12633210242));
#3044 = CARTESIAN_POINT('',(-7.058193274642,6.921758189282));
#3045 = CARTESIAN_POINT('',(-7.148345376356,6.811287598463));
#3046 = CARTESIAN_POINT('',(-7.23214908128,6.66808388257));
#3047 = CARTESIAN_POINT('',(-7.26348486616,6.60364199863));
#3048 = CARTESIAN_POINT('',(-7.283357591934,6.559998773149));
#3049 = CARTESIAN_POINT('',(-7.293512256611,6.536001282229));
#3050 = CARTESIAN_POINT('',(-7.367234540496,6.349983082645));
#3051 = CARTESIAN_POINT('',(-7.4,6.178205551516));
#3052 = CARTESIAN_POINT('',(-7.4,6.));
#3053 = ( GEOMETRIC_REPRESENTATION_CONTEXT(2) 
PARAMETRIC_REPRESENTATION_CONTEXT() REPRESENTATION_CONTEXT('2D SPACE',''
  ) );
#3054 = PCURVE('',#3055,#3072);
#3055 = ( BOUNDED_SURFACE() B_SPLINE_SURFACE(3,3,(
    (#3056,#3057,#3058,#3059)
    ,(#3060,#3061,#3062,#3063)
    ,(#3064,#3065,#3066,#3067)
    ,(#3068,#3069,#3070,#3071
)),.UNSPECIFIED.,.F.,.F.,.F.) B_SPLINE_SURFACE_WITH_KNOTS((4,4),(4,4),(
    0.,1.),(0.,1.),.PIECEWISE_BEZIER_KNOTS.) 
GEOMETRIC_REPRESENTATION_ITEM() RATIONAL_B_SPLINE_SURFACE((
    (1.,0.804737854124,0.804737854124,1.)
    ,(0.804737854124,0.647603013861,0.647603013861,0.804737854124)
    ,(0.804737854124,0.647603013861,0.647603013861,0.804737854124)
,(1.,0.804737854124,0.804737854124,1.
))) REPRESENTATION_ITEM('') SURFACE() );
#3056 = CARTESIAN_POINT('',(4.447818124247,1.028110089723,
    18.006348646944));
#3057 = CARTESIAN_POINT('',(4.447818124247,1.028110089723,
    18.826449659621));
#3058 = CARTESIAN_POINT('',(3.867919136924,1.028110089723,
    19.406348646944));
#3059 = CARTESIAN_POINT('',(3.047818124247,1.028110089723,
    19.406348646944));
#3060 = CARTESIAN_POINT('',(4.506396768009,1.028110089723,
    18.006348646944));
#3061 = CARTESIAN_POINT('',(4.506396768009,1.028110089723,
    18.860764234672));
#3062 = CARTESIAN_POINT('',(3.902233711975,1.028110089723,
    19.464927290706));
#3063 = CARTESIAN_POINT('',(3.047818124247,1.028110089723,
    19.464927290706));
#3064 = CARTESIAN_POINT('',(4.547818124247,1.069531445961,
    18.006348646944));
#3065 = CARTESIAN_POINT('',(4.547818124247,1.069531445961,
    18.885028303384));
#3066 = CARTESIAN_POINT('',(3.926497780687,1.069531445961,
    19.506348646944));
#3067 = CARTESIAN_POINT('',(3.047818124247,1.069531445961,
    19.506348646944));
#3068 = CARTESIAN_POINT('',(4.547818124247,1.128110089723,
    18.006348646944));
#3069 = CARTESIAN_POINT('',(4.547818124247,1.128110089723,
    18.885028303384));
#3070 = CARTESIAN_POINT('',(3.926497780687,1.128110089723,
    19.506348646944));
#3071 = CARTESIAN_POINT('',(3.047818124247,1.128110089723,
    19.506348646944));
#3072 = DEFINITIONAL_REPRESENTATION('',(#3073),#3121);
#3073 = B_SPLINE_CURVE_WITH_KNOTS('',3,(#3074,#3075,#3076,#3077,#3078,
    #3079,#3080,#3081,#3082,#3083,#3084,#3085,#3086,#3087,#3088,#3089,
    #3090,#3091,#3092,#3093,#3094,#3095,#3096,#3097,#3098,#3099,#3100,
    #3101,#3102,#3103,#3104,#3105,#3106,#3107,#3108,#3109,#3110,#3111,
    #3112,#3113,#3114,#3115,#3116,#3117,#3118,#3119,#3120),
  .UNSPECIFIED.,.F.,.F.,(4,1,1,1,1,1,1,1,1,1,1,1,1,1,1,1,1,1,1,1,1,1,1,1
    ,1,1,1,1,1,1,1,1,1,1,1,1,1,1,1,1,1,1,1,1,4),(0.,2.272727272727E-02,
    4.545454545455E-02,6.818181818182E-02,9.090909090909E-02,
    0.113636363636,0.136363636364,0.159090909091,0.181818181818,
    0.204545454545,0.227272727273,0.25,0.272727272727,0.295454545455,
    0.318181818182,0.340909090909,0.363636363636,0.386363636364,
    0.409090909091,0.431818181818,0.454545454545,0.477272727273,0.5,
    0.522727272727,0.545454545455,0.568181818182,0.590909090909,
    0.613636363636,0.636363636364,0.659090909091,0.681818181818,
    0.704545454545,0.727272727273,0.75,0.772727272727,0.795454545455,
    0.818181818182,0.840909090909,0.863636363636,0.886363636364,
    0.909090909091,0.931818181818,0.954545454545,0.977272727273,1.),
  .QUASI_UNIFORM_KNOTS.);
#3074 = CARTESIAN_POINT('',(0.,0.));
#3075 = CARTESIAN_POINT('',(3.453085256861E-06,8.165927509588E-03));
#3076 = CARTESIAN_POINT('',(1.286264210939E-04,2.433060464531E-02));
#3077 = CARTESIAN_POINT('',(5.160262840528E-04,4.812782118061E-02));
#3078 = CARTESIAN_POINT('',(9.315925750391E-04,7.152783692544E-02));
#3079 = CARTESIAN_POINT('',(1.26094314331E-03,9.458022662244E-02));
#3080 = CARTESIAN_POINT('',(1.426536033913E-03,0.11733314138));
#3081 = CARTESIAN_POINT('',(1.394931285362E-03,0.139831402912));
#3082 = CARTESIAN_POINT('',(1.167415724582E-03,0.162123096638));
#3083 = CARTESIAN_POINT('',(8.0988173139E-04,0.184235624857));
#3084 = CARTESIAN_POINT('',(3.427580585852E-04,0.206265358017));
#3085 = CARTESIAN_POINT('',(1.518712920364E-04,0.228043359223));
#3086 = CARTESIAN_POINT('',(-1.083650197676E-04,0.249570144892));
#3087 = CARTESIAN_POINT('',(2.815887870436E-04,0.273676061208));
#3088 = CARTESIAN_POINT('',(7.791012418136E-04,0.296708689917));
#3089 = CARTESIAN_POINT('',(1.292912050461E-03,0.31970728981));
#3090 = CARTESIAN_POINT('',(1.67198751054E-03,0.342452738831));
#3091 = CARTESIAN_POINT('',(1.842101985831E-03,0.36506194068));
#3092 = CARTESIAN_POINT('',(1.76878144392E-03,0.387560564662));
#3093 = CARTESIAN_POINT('',(1.4669366982E-03,0.40999800293));
#3094 = CARTESIAN_POINT('',(9.977977359613E-04,0.432415119987));
#3095 = CARTESIAN_POINT('',(4.706035572491E-04,0.454858591874));
#3096 = CARTESIAN_POINT('',(3.851512707821E-05,0.477356052291));
#3097 = CARTESIAN_POINT('',(-8.700047458998E-05,0.500001361691));
#3098 = CARTESIAN_POINT('',(3.094867712048E-04,0.522638500946));
#3099 = CARTESIAN_POINT('',(9.218053074614E-04,0.545115958536));
#3100 = CARTESIAN_POINT('',(1.543781668074E-03,0.567532069254));
#3101 = CARTESIAN_POINT('',(2.015260208617E-03,0.589919150242));
#3102 = CARTESIAN_POINT('',(2.237037368018E-03,0.612327747038));
#3103 = CARTESIAN_POINT('',(2.164190418761E-03,0.634805476273));
#3104 = CARTESIAN_POINT('',(1.816612767455E-03,0.65739745764));
#3105 = CARTESIAN_POINT('',(1.242866916435E-03,0.680165851279));
#3106 = CARTESIAN_POINT('',(6.544643909815E-04,0.703111415786));
#3107 = CARTESIAN_POINT('',(-7.409356640499E-05,0.726467881658));
#3108 = CARTESIAN_POINT('',(-4.261606420867E-05,0.75046011311));
#3109 = CARTESIAN_POINT('',(2.445578231745E-04,0.771691665903));
#3110 = CARTESIAN_POINT('',(7.29999803957E-04,0.793724861691));
#3111 = CARTESIAN_POINT('',(1.21517971931E-03,0.815652816786));
#3112 = CARTESIAN_POINT('',(1.592240125761E-03,0.837768162133));
#3113 = CARTESIAN_POINT('',(1.781803823826E-03,0.860044158268));
#3114 = CARTESIAN_POINT('',(1.749455694056E-03,0.882541741251));
#3115 = CARTESIAN_POINT('',(1.501310390245E-03,0.905300540747));
#3116 = CARTESIAN_POINT('',(1.084842006982E-03,0.928368159326));
#3117 = CARTESIAN_POINT('',(5.900746691953E-04,0.951792504457));
#3118 = CARTESIAN_POINT('',(1.445238057916E-04,0.975623706048));
#3119 = CARTESIAN_POINT('',(3.467525668254E-06,0.99181769108));
#3120 = CARTESIAN_POINT('',(0.,1.));
#3121 = ( GEOMETRIC_REPRESENTATION_CONTEXT(2) 
PARAMETRIC_REPRESENTATION_CONTEXT() REPRESENTATION_CONTEXT('2D SPACE',''
  ) );
#3122 = ORIENTED_EDGE('',*,*,#3123,.T.);
#3123 = EDGE_CURVE('',#3010,#2700,#3124,.T.);
#3124 = SURFACE_CURVE('',#3125,(#3129,#3136),.PCURVE_S1.);
#3125 = LINE('',#3126,#3127);
#3126 = CARTESIAN_POINT('',(-2.952181875753,1.028110089723,
    19.406348646944));
#3127 = VECTOR('',#3128,1.);
#3128 = DIRECTION('',(-1.,-0.,-0.));
#3129 = PCURVE('',#1434,#3130);
#3130 = DEFINITIONAL_REPRESENTATION('',(#3131),#3135);
#3131 = LINE('',#3132,#3133);
#3132 = CARTESIAN_POINT('',(-7.4,0.));
#3133 = VECTOR('',#3134,1.);
#3134 = DIRECTION('',(0.,-1.));
#3135 = ( GEOMETRIC_REPRESENTATION_CONTEXT(2) 
PARAMETRIC_REPRESENTATION_CONTEXT() REPRESENTATION_CONTEXT('2D SPACE',''
  ) );
#3136 = PCURVE('',#3137,#3142);
#3137 = CYLINDRICAL_SURFACE('',#3138,0.1);
#3138 = AXIS2_PLACEMENT_3D('',#3139,#3140,#3141);
#3139 = CARTESIAN_POINT('',(-10.45218187575,1.128110089723,
    19.406348646944));
#3140 = DIRECTION('',(-1.,0.,0.));
#3141 = DIRECTION('',(0.,0.,1.));
#3142 = DEFINITIONAL_REPRESENTATION('',(#3143),#3147);
#3143 = LINE('',#3144,#3145);
#3144 = CARTESIAN_POINT('',(4.712388980385,-7.5));
#3145 = VECTOR('',#3146,1.);
#3146 = DIRECTION('',(0.,1.));
#3147 = ( GEOMETRIC_REPRESENTATION_CONTEXT(2) 
PARAMETRIC_REPRESENTATION_CONTEXT() REPRESENTATION_CONTEXT('2D SPACE',''
  ) );
#3148 = ADVANCED_FACE('',(#3149),#1567,.T.);
#3149 = FACE_BOUND('',#3150,.T.);
#3150 = EDGE_LOOP('',(#3151,#3152,#3198,#3219,#3263));
#3151 = ORIENTED_EDGE('',*,*,#2815,.F.);
#3152 = ORIENTED_EDGE('',*,*,#3153,.T.);
#3153 = EDGE_CURVE('',#2702,#3154,#3156,.T.);
#3154 = VERTEX_POINT('',#3155);
#3155 = CARTESIAN_POINT('',(-10.45218187575,1.128110089723,
    18.006348646944));
#3156 = SURFACE_CURVE('',#3157,(#3162,#3169),.PCURVE_S1.);
#3157 = CIRCLE('',#3158,0.1);
#3158 = AXIS2_PLACEMENT_3D('',#3159,#3160,#3161);
#3159 = CARTESIAN_POINT('',(-10.35218187575,1.128110089723,
    18.006348646944));
#3160 = DIRECTION('',(0.,0.,-1.));
#3161 = DIRECTION('',(-1.,0.,0.));
#3162 = PCURVE('',#1567,#3163);
#3163 = DEFINITIONAL_REPRESENTATION('',(#3164),#3168);
#3164 = LINE('',#3165,#3166);
#3165 = CARTESIAN_POINT('',(0.,1.5));
#3166 = VECTOR('',#3167,1.);
#3167 = DIRECTION('',(1.,0.));
#3168 = ( GEOMETRIC_REPRESENTATION_CONTEXT(2) 
PARAMETRIC_REPRESENTATION_CONTEXT() REPRESENTATION_CONTEXT('2D SPACE',''
  ) );
#3169 = PCURVE('',#2747,#3170);
#3170 = DEFINITIONAL_REPRESENTATION('',(#3171),#3197);
#3171 = B_SPLINE_CURVE_WITH_KNOTS('',3,(#3172,#3173,#3174,#3175,#3176,
    #3177,#3178,#3179,#3180,#3181,#3182,#3183,#3184,#3185,#3186,#3187,
    #3188,#3189,#3190,#3191,#3192,#3193,#3194,#3195,#3196),
  .UNSPECIFIED.,.F.,.F.,(4,1,1,1,1,1,1,1,1,1,1,1,1,1,1,1,1,1,1,1,1,1,4),
  (4.712388980385,4.783788813421,4.855188646457,4.926588479493,
    4.997988312529,5.069388145565,5.140787978601,5.212187811638,
    5.283587644674,5.35498747771,5.426387310746,5.497787143782,
    5.569186976818,5.640586809854,5.711986642891,5.783386475927,
    5.854786308963,5.926186141999,5.997585975035,6.068985808071,
    6.140385641107,6.211785474143,6.28318530718),.QUASI_UNIFORM_KNOTS.);
#3172 = CARTESIAN_POINT('',(0.,1.));
#3173 = CARTESIAN_POINT('',(1.682780133705E-02,1.));
#3174 = CARTESIAN_POINT('',(4.99907029888E-02,1.));
#3175 = CARTESIAN_POINT('',(9.842552590406E-02,1.));
#3176 = CARTESIAN_POINT('',(0.145724913075,1.));
#3177 = CARTESIAN_POINT('',(0.192043637223,1.));
#3178 = CARTESIAN_POINT('',(0.237526724423,1.));
#3179 = CARTESIAN_POINT('',(0.282309422539,1.));
#3180 = CARTESIAN_POINT('',(0.326519436214,1.));
#3181 = CARTESIAN_POINT('',(0.370278310591,1.));
#3182 = CARTESIAN_POINT('',(0.413702852292,1.));
#3183 = CARTESIAN_POINT('',(0.456906394885,1.));
#3184 = CARTESIAN_POINT('',(0.5,1.));
#3185 = CARTESIAN_POINT('',(0.543093605115,1.));
#3186 = CARTESIAN_POINT('',(0.586297147708,1.));
#3187 = CARTESIAN_POINT('',(0.629721689409,1.));
#3188 = CARTESIAN_POINT('',(0.673480563786,1.));
#3189 = CARTESIAN_POINT('',(0.717690577461,1.));
#3190 = CARTESIAN_POINT('',(0.762473275577,1.));
#3191 = CARTESIAN_POINT('',(0.807956362777,1.));
#3192 = CARTESIAN_POINT('',(0.854275086925,1.));
#3193 = CARTESIAN_POINT('',(0.901574474096,1.));
#3194 = CARTESIAN_POINT('',(0.950009297011,1.));
#3195 = CARTESIAN_POINT('',(0.983172198663,1.));
#3196 = CARTESIAN_POINT('',(1.,1.));
#3197 = ( GEOMETRIC_REPRESENTATION_CONTEXT(2) 
PARAMETRIC_REPRESENTATION_CONTEXT() REPRESENTATION_CONTEXT('2D SPACE',''
  ) );
#3198 = ORIENTED_EDGE('',*,*,#3199,.T.);
#3199 = EDGE_CURVE('',#3154,#2628,#3200,.T.);
#3200 = SURFACE_CURVE('',#3201,(#3205,#3212),.PCURVE_S1.);
#3201 = LINE('',#3202,#3203);
#3202 = CARTESIAN_POINT('',(-10.45218187575,1.128110089723,
    19.506348646944));
#3203 = VECTOR('',#3204,1.);
#3204 = DIRECTION('',(0.,0.,-1.));
#3205 = PCURVE('',#1567,#3206);
#3206 = DEFINITIONAL_REPRESENTATION('',(#3207),#3211);
#3207 = LINE('',#3208,#3209);
#3208 = CARTESIAN_POINT('',(6.28318530718,0.));
#3209 = VECTOR('',#3210,1.);
#3210 = DIRECTION('',(0.,1.));
#3211 = ( GEOMETRIC_REPRESENTATION_CONTEXT(2) 
PARAMETRIC_REPRESENTATION_CONTEXT() REPRESENTATION_CONTEXT('2D SPACE',''
  ) );
#3212 = PCURVE('',#1751,#3213);
#3213 = DEFINITIONAL_REPRESENTATION('',(#3214),#3218);
#3214 = LINE('',#3215,#3216);
#3215 = CARTESIAN_POINT('',(0.,-4.22));
#3216 = VECTOR('',#3217,1.);
#3217 = DIRECTION('',(1.,0.));
#3218 = ( GEOMETRIC_REPRESENTATION_CONTEXT(2) 
PARAMETRIC_REPRESENTATION_CONTEXT() REPRESENTATION_CONTEXT('2D SPACE',''
  ) );
#3219 = ORIENTED_EDGE('',*,*,#3220,.F.);
#3220 = EDGE_CURVE('',#1451,#2628,#3221,.T.);
#3221 = SURFACE_CURVE('',#3222,(#3227,#3234),.PCURVE_S1.);
#3222 = CIRCLE('',#3223,0.1);
#3223 = AXIS2_PLACEMENT_3D('',#3224,#3225,#3226);
#3224 = CARTESIAN_POINT('',(-10.35218187575,1.128110089723,
    6.006348646944));
#3225 = DIRECTION('',(-1.836970198721E-16,0.,-1.));
#3226 = DIRECTION('',(-1.,0.,1.836970198721E-16));
#3227 = PCURVE('',#1567,#3228);
#3228 = DEFINITIONAL_REPRESENTATION('',(#3229),#3233);
#3229 = LINE('',#3230,#3231);
#3230 = CARTESIAN_POINT('',(1.7763568394E-14,13.5));
#3231 = VECTOR('',#3232,1.);
#3232 = DIRECTION('',(1.,0.));
#3233 = ( GEOMETRIC_REPRESENTATION_CONTEXT(2) 
PARAMETRIC_REPRESENTATION_CONTEXT() REPRESENTATION_CONTEXT('2D SPACE',''
  ) );
#3234 = PCURVE('',#1488,#3235);
#3235 = DEFINITIONAL_REPRESENTATION('',(#3236),#3262);
#3236 = B_SPLINE_CURVE_WITH_KNOTS('',3,(#3237,#3238,#3239,#3240,#3241,
    #3242,#3243,#3244,#3245,#3246,#3247,#3248,#3249,#3250,#3251,#3252,
    #3253,#3254,#3255,#3256,#3257,#3258,#3259,#3260,#3261),
  .UNSPECIFIED.,.F.,.F.,(4,1,1,1,1,1,1,1,1,1,1,1,1,1,1,1,1,1,1,1,1,1,4),
  (4.712388980385,4.783788813421,4.855188646457,4.926588479493,
    4.997988312529,5.069388145565,5.140787978601,5.212187811638,
    5.283587644674,5.35498747771,5.426387310746,5.497787143782,
    5.569186976818,5.640586809854,5.711986642891,5.783386475927,
    5.854786308963,5.926186141999,5.997585975035,6.068985808071,
    6.140385641107,6.211785474143,6.28318530718),.QUASI_UNIFORM_KNOTS.);
#3237 = CARTESIAN_POINT('',(0.,0.));
#3238 = CARTESIAN_POINT('',(1.682780133706E-02,0.));
#3239 = CARTESIAN_POINT('',(4.999070298881E-02,0.));
#3240 = CARTESIAN_POINT('',(9.842552590406E-02,0.));
#3241 = CARTESIAN_POINT('',(0.145724913075,0.));
#3242 = CARTESIAN_POINT('',(0.192043637223,0.));
#3243 = CARTESIAN_POINT('',(0.237526724423,0.));
#3244 = CARTESIAN_POINT('',(0.282309422539,0.));
#3245 = CARTESIAN_POINT('',(0.326519436214,0.));
#3246 = CARTESIAN_POINT('',(0.370278310591,0.));
#3247 = CARTESIAN_POINT('',(0.413702852292,0.));
#3248 = CARTESIAN_POINT('',(0.456906394885,0.));
#3249 = CARTESIAN_POINT('',(0.5,0.));
#3250 = CARTESIAN_POINT('',(0.543093605115,0.));
#3251 = CARTESIAN_POINT('',(0.586297147708,0.));
#3252 = CARTESIAN_POINT('',(0.629721689409,0.));
#3253 = CARTESIAN_POINT('',(0.673480563786,0.));
#3254 = CARTESIAN_POINT('',(0.717690577461,0.));
#3255 = CARTESIAN_POINT('',(0.762473275577,0.));
#3256 = CARTESIAN_POINT('',(0.807956362777,0.));
#3257 = CARTESIAN_POINT('',(0.854275086925,0.));
#3258 = CARTESIAN_POINT('',(0.901574474096,0.));
#3259 = CARTESIAN_POINT('',(0.950009297011,0.));
#3260 = CARTESIAN_POINT('',(0.983172198663,-0.));
#3261 = CARTESIAN_POINT('',(1.,0.));
#3262 = ( GEOMETRIC_REPRESENTATION_CONTEXT(2) 
PARAMETRIC_REPRESENTATION_CONTEXT() REPRESENTATION_CONTEXT('2D SPACE',''
  ) );
#3263 = ORIENTED_EDGE('',*,*,#1523,.T.);
#3264 = ADVANCED_FACE('',(#3265),#1488,.T.);
#3265 = FACE_BOUND('',#3266,.T.);
#3266 = EDGE_LOOP('',(#3267,#3268,#3312,#3313,#3314));
#3267 = ORIENTED_EDGE('',*,*,#2627,.T.);
#3268 = ORIENTED_EDGE('',*,*,#3269,.T.);
#3269 = EDGE_CURVE('',#2580,#2839,#3270,.T.);
#3270 = SURFACE_CURVE('',#3271,(#3276,#3305),.PCURVE_S1.);
#3271 = CIRCLE('',#3272,0.1);
#3272 = AXIS2_PLACEMENT_3D('',#3273,#3274,#3275);
#3273 = CARTESIAN_POINT('',(-8.952181875753,1.128110089723,
    4.606348646944));
#3274 = DIRECTION('',(-1.,-0.,-0.));
#3275 = DIRECTION('',(0.,0.,-1.));
#3276 = PCURVE('',#1488,#3277);
#3277 = DEFINITIONAL_REPRESENTATION('',(#3278),#3304);
#3278 = B_SPLINE_CURVE_WITH_KNOTS('',3,(#3279,#3280,#3281,#3282,#3283,
    #3284,#3285,#3286,#3287,#3288,#3289,#3290,#3291,#3292,#3293,#3294,
    #3295,#3296,#3297,#3298,#3299,#3300,#3301,#3302,#3303),
  .UNSPECIFIED.,.F.,.F.,(4,1,1,1,1,1,1,1,1,1,1,1,1,1,1,1,1,1,1,1,1,1,4),
  (0.,7.139983303613E-02,0.142799666072,0.214199499108,0.285599332145,
    0.356999165181,0.428398998217,0.499798831253,0.571198664289,
    0.642598497325,0.713998330361,0.785398163397,0.856797996434,
    0.92819782947,0.999597662506,1.070997495542,1.142397328578,
    1.213797161614,1.28519699465,1.356596827687,1.427996660723,
    1.499396493759,1.570796326795),.QUASI_UNIFORM_KNOTS.);
#3279 = CARTESIAN_POINT('',(1.,1.));
#3280 = CARTESIAN_POINT('',(0.983172198663,1.));
#3281 = CARTESIAN_POINT('',(0.950009297011,1.));
#3282 = CARTESIAN_POINT('',(0.901574474096,1.));
#3283 = CARTESIAN_POINT('',(0.854275086925,1.));
#3284 = CARTESIAN_POINT('',(0.807956362777,1.));
#3285 = CARTESIAN_POINT('',(0.762473275577,1.));
#3286 = CARTESIAN_POINT('',(0.717690577461,1.));
#3287 = CARTESIAN_POINT('',(0.673480563786,1.));
#3288 = CARTESIAN_POINT('',(0.629721689409,1.));
#3289 = CARTESIAN_POINT('',(0.586297147708,1.));
#3290 = CARTESIAN_POINT('',(0.543093605115,1.));
#3291 = CARTESIAN_POINT('',(0.5,1.));
#3292 = CARTESIAN_POINT('',(0.456906394885,1.));
#3293 = CARTESIAN_POINT('',(0.413702852292,1.));
#3294 = CARTESIAN_POINT('',(0.370278310591,1.));
#3295 = CARTESIAN_POINT('',(0.326519436214,1.));
#3296 = CARTESIAN_POINT('',(0.282309422539,1.));
#3297 = CARTESIAN_POINT('',(0.237526724423,1.));
#3298 = CARTESIAN_POINT('',(0.192043637223,1.));
#3299 = CARTESIAN_POINT('',(0.145724913075,1.));
#3300 = CARTESIAN_POINT('',(9.842552590406E-02,1.));
#3301 = CARTESIAN_POINT('',(4.999070298882E-02,1.));
#3302 = CARTESIAN_POINT('',(1.682780133706E-02,1.));
#3303 = CARTESIAN_POINT('',(0.,1.));
#3304 = ( GEOMETRIC_REPRESENTATION_CONTEXT(2) 
PARAMETRIC_REPRESENTATION_CONTEXT() REPRESENTATION_CONTEXT('2D SPACE',''
  ) );
#3305 = PCURVE('',#2541,#3306);
#3306 = DEFINITIONAL_REPRESENTATION('',(#3307),#3311);
#3307 = LINE('',#3308,#3309);
#3308 = CARTESIAN_POINT('',(6.28318530718,1.5));
#3309 = VECTOR('',#3310,1.);
#3310 = DIRECTION('',(-1.,0.));
#3311 = ( GEOMETRIC_REPRESENTATION_CONTEXT(2) 
PARAMETRIC_REPRESENTATION_CONTEXT() REPRESENTATION_CONTEXT('2D SPACE',''
  ) );
#3312 = ORIENTED_EDGE('',*,*,#2838,.F.);
#3313 = ORIENTED_EDGE('',*,*,#1450,.F.);
#3314 = ORIENTED_EDGE('',*,*,#3220,.T.);
#3315 = ADVANCED_FACE('',(#3316),#1751,.F.);
#3316 = FACE_BOUND('',#3317,.T.);
#3317 = EDGE_LOOP('',(#3318,#3319,#3320,#3341));
#3318 = ORIENTED_EDGE('',*,*,#2673,.F.);
#3319 = ORIENTED_EDGE('',*,*,#3199,.F.);
#3320 = ORIENTED_EDGE('',*,*,#3321,.F.);
#3321 = EDGE_CURVE('',#1689,#3154,#3322,.T.);
#3322 = SURFACE_CURVE('',#3323,(#3327,#3334),.PCURVE_S1.);
#3323 = LINE('',#3324,#3325);
#3324 = CARTESIAN_POINT('',(-10.45218187575,5.348110089723,
    18.006348646944));
#3325 = VECTOR('',#3326,1.);
#3326 = DIRECTION('',(-0.,-1.,-0.));
#3327 = PCURVE('',#1751,#3328);
#3328 = DEFINITIONAL_REPRESENTATION('',(#3329),#3333);
#3329 = LINE('',#3330,#3331);
#3330 = CARTESIAN_POINT('',(1.5,0.));
#3331 = VECTOR('',#3332,1.);
#3332 = DIRECTION('',(0.,-1.));
#3333 = ( GEOMETRIC_REPRESENTATION_CONTEXT(2) 
PARAMETRIC_REPRESENTATION_CONTEXT() REPRESENTATION_CONTEXT('2D SPACE',''
  ) );
#3334 = PCURVE('',#1805,#3335);
#3335 = DEFINITIONAL_REPRESENTATION('',(#3336),#3340);
#3336 = LINE('',#3337,#3338);
#3337 = CARTESIAN_POINT('',(4.712388980385,0.));
#3338 = VECTOR('',#3339,1.);
#3339 = DIRECTION('',(0.,1.));
#3340 = ( GEOMETRIC_REPRESENTATION_CONTEXT(2) 
PARAMETRIC_REPRESENTATION_CONTEXT() REPRESENTATION_CONTEXT('2D SPACE',''
  ) );
#3341 = ORIENTED_EDGE('',*,*,#1737,.F.);
#3342 = ADVANCED_FACE('',(#3343),#1805,.T.);
#3343 = FACE_BOUND('',#3344,.T.);
#3344 = EDGE_LOOP('',(#3345,#3391,#3412,#3413));
#3345 = ORIENTED_EDGE('',*,*,#3346,.F.);
#3346 = EDGE_CURVE('',#3347,#3154,#3349,.T.);
#3347 = VERTEX_POINT('',#3348);
#3348 = CARTESIAN_POINT('',(-8.952181875753,1.128110089723,
    19.506348646944));
#3349 = SURFACE_CURVE('',#3350,(#3355,#3362),.PCURVE_S1.);
#3350 = CIRCLE('',#3351,1.5);
#3351 = AXIS2_PLACEMENT_3D('',#3352,#3353,#3354);
#3352 = CARTESIAN_POINT('',(-8.952181875753,1.128110089723,
    18.006348646944));
#3353 = DIRECTION('',(0.,-1.,0.));
#3354 = DIRECTION('',(0.,0.,-1.));
#3355 = PCURVE('',#1805,#3356);
#3356 = DEFINITIONAL_REPRESENTATION('',(#3357),#3361);
#3357 = LINE('',#3358,#3359);
#3358 = CARTESIAN_POINT('',(0.,4.22));
#3359 = VECTOR('',#3360,1.);
#3360 = DIRECTION('',(1.,0.));
#3361 = ( GEOMETRIC_REPRESENTATION_CONTEXT(2) 
PARAMETRIC_REPRESENTATION_CONTEXT() REPRESENTATION_CONTEXT('2D SPACE',''
  ) );
#3362 = PCURVE('',#2747,#3363);
#3363 = DEFINITIONAL_REPRESENTATION('',(#3364),#3390);
#3364 = B_SPLINE_CURVE_WITH_KNOTS('',3,(#3365,#3366,#3367,#3368,#3369,
    #3370,#3371,#3372,#3373,#3374,#3375,#3376,#3377,#3378,#3379,#3380,
    #3381,#3382,#3383,#3384,#3385,#3386,#3387,#3388,#3389),
  .UNSPECIFIED.,.F.,.F.,(4,1,1,1,1,1,1,1,1,1,1,1,1,1,1,1,1,1,1,1,1,1,4),
  (3.14159265359,3.212992486626,3.284392319662,3.355792152698,
    3.427191985734,3.49859181877,3.569991651807,3.641391484843,
    3.712791317879,3.784191150915,3.855590983951,3.926990816987,
    3.998390650023,4.06979048306,4.141190316096,4.212590149132,
    4.283989982168,4.355389815204,4.42678964824,4.498189481276,
    4.569589314312,4.640989147349,4.712388980385),
  .QUASI_UNIFORM_KNOTS.);
#3365 = CARTESIAN_POINT('',(1.,0.));
#3366 = CARTESIAN_POINT('',(1.,1.682780133706E-02));
#3367 = CARTESIAN_POINT('',(1.,4.999070298881E-02));
#3368 = CARTESIAN_POINT('',(1.,9.842552590405E-02));
#3369 = CARTESIAN_POINT('',(1.,0.145724913075));
#3370 = CARTESIAN_POINT('',(1.,0.192043637223));
#3371 = CARTESIAN_POINT('',(1.,0.237526724423));
#3372 = CARTESIAN_POINT('',(1.,0.282309422539));
#3373 = CARTESIAN_POINT('',(1.,0.326519436214));
#3374 = CARTESIAN_POINT('',(1.,0.370278310591));
#3375 = CARTESIAN_POINT('',(1.,0.413702852292));
#3376 = CARTESIAN_POINT('',(1.,0.456906394885));
#3377 = CARTESIAN_POINT('',(1.,0.5));
#3378 = CARTESIAN_POINT('',(1.,0.543093605115));
#3379 = CARTESIAN_POINT('',(1.,0.586297147708));
#3380 = CARTESIAN_POINT('',(1.,0.629721689409));
#3381 = CARTESIAN_POINT('',(1.,0.673480563786));
#3382 = CARTESIAN_POINT('',(1.,0.717690577461));
#3383 = CARTESIAN_POINT('',(1.,0.762473275577));
#3384 = CARTESIAN_POINT('',(1.,0.807956362777));
#3385 = CARTESIAN_POINT('',(1.,0.854275086925));
#3386 = CARTESIAN_POINT('',(1.,0.901574474096));
#3387 = CARTESIAN_POINT('',(1.,0.950009297011));
#3388 = CARTESIAN_POINT('',(1.,0.983172198663));
#3389 = CARTESIAN_POINT('',(1.,1.));
#3390 = ( GEOMETRIC_REPRESENTATION_CONTEXT(2) 
PARAMETRIC_REPRESENTATION_CONTEXT() REPRESENTATION_CONTEXT('2D SPACE',''
  ) );
#3391 = ORIENTED_EDGE('',*,*,#3392,.T.);
#3392 = EDGE_CURVE('',#3347,#1767,#3393,.T.);
#3393 = SURFACE_CURVE('',#3394,(#3398,#3405),.PCURVE_S1.);
#3394 = LINE('',#3395,#3396);
#3395 = CARTESIAN_POINT('',(-8.952181875753,5.348110089723,
    19.506348646944));
#3396 = VECTOR('',#3397,1.);
#3397 = DIRECTION('',(0.,1.,0.));
#3398 = PCURVE('',#1805,#3399);
#3399 = DEFINITIONAL_REPRESENTATION('',(#3400),#3404);
#3400 = LINE('',#3401,#3402);
#3401 = CARTESIAN_POINT('',(3.14159265359,0.));
#3402 = VECTOR('',#3403,1.);
#3403 = DIRECTION('',(0.,-1.));
#3404 = ( GEOMETRIC_REPRESENTATION_CONTEXT(2) 
PARAMETRIC_REPRESENTATION_CONTEXT() REPRESENTATION_CONTEXT('2D SPACE',''
  ) );
#3405 = PCURVE('',#1884,#3406);
#3406 = DEFINITIONAL_REPRESENTATION('',(#3407),#3411);
#3407 = LINE('',#3408,#3409);
#3408 = CARTESIAN_POINT('',(-1.5,0.));
#3409 = VECTOR('',#3410,1.);
#3410 = DIRECTION('',(0.,1.));
#3411 = ( GEOMETRIC_REPRESENTATION_CONTEXT(2) 
PARAMETRIC_REPRESENTATION_CONTEXT() REPRESENTATION_CONTEXT('2D SPACE',''
  ) );
#3412 = ORIENTED_EDGE('',*,*,#1766,.T.);
#3413 = ORIENTED_EDGE('',*,*,#3321,.T.);
#3414 = ADVANCED_FACE('',(#3415),#1884,.F.);
#3415 = FACE_BOUND('',#3416,.T.);
#3416 = EDGE_LOOP('',(#3417,#3440,#3441,#3442));
#3417 = ORIENTED_EDGE('',*,*,#3418,.F.);
#3418 = EDGE_CURVE('',#1869,#3419,#3421,.T.);
#3419 = VERTEX_POINT('',#3420);
#3420 = CARTESIAN_POINT('',(3.047818124247,1.128110089723,
    19.506348646944));
#3421 = SURFACE_CURVE('',#3422,(#3426,#3433),.PCURVE_S1.);
#3422 = LINE('',#3423,#3424);
#3423 = CARTESIAN_POINT('',(3.047818124247,5.348110089723,
    19.506348646944));
#3424 = VECTOR('',#3425,1.);
#3425 = DIRECTION('',(-0.,-1.,-0.));
#3426 = PCURVE('',#1884,#3427);
#3427 = DEFINITIONAL_REPRESENTATION('',(#3428),#3432);
#3428 = LINE('',#3429,#3430);
#3429 = CARTESIAN_POINT('',(-13.5,0.));
#3430 = VECTOR('',#3431,1.);
#3431 = DIRECTION('',(0.,-1.));
#3432 = ( GEOMETRIC_REPRESENTATION_CONTEXT(2) 
PARAMETRIC_REPRESENTATION_CONTEXT() REPRESENTATION_CONTEXT('2D SPACE',''
  ) );
#3433 = PCURVE('',#1982,#3434);
#3434 = DEFINITIONAL_REPRESENTATION('',(#3435),#3439);
#3435 = LINE('',#3436,#3437);
#3436 = CARTESIAN_POINT('',(3.14159265359,0.));
#3437 = VECTOR('',#3438,1.);
#3438 = DIRECTION('',(0.,1.));
#3439 = ( GEOMETRIC_REPRESENTATION_CONTEXT(2) 
PARAMETRIC_REPRESENTATION_CONTEXT() REPRESENTATION_CONTEXT('2D SPACE',''
  ) );
#3440 = ORIENTED_EDGE('',*,*,#1868,.F.);
#3441 = ORIENTED_EDGE('',*,*,#3392,.F.);
#3442 = ORIENTED_EDGE('',*,*,#3443,.F.);
#3443 = EDGE_CURVE('',#3419,#3347,#3444,.T.);
#3444 = SURFACE_CURVE('',#3445,(#3449,#3456),.PCURVE_S1.);
#3445 = LINE('',#3446,#3447);
#3446 = CARTESIAN_POINT('',(-10.45218187575,1.128110089723,
    19.506348646944));
#3447 = VECTOR('',#3448,1.);
#3448 = DIRECTION('',(-1.,0.,0.));
#3449 = PCURVE('',#1884,#3450);
#3450 = DEFINITIONAL_REPRESENTATION('',(#3451),#3455);
#3451 = LINE('',#3452,#3453);
#3452 = CARTESIAN_POINT('',(-0.,-4.22));
#3453 = VECTOR('',#3454,1.);
#3454 = DIRECTION('',(1.,0.));
#3455 = ( GEOMETRIC_REPRESENTATION_CONTEXT(2) 
PARAMETRIC_REPRESENTATION_CONTEXT() REPRESENTATION_CONTEXT('2D SPACE',''
  ) );
#3456 = PCURVE('',#3137,#3457);
#3457 = DEFINITIONAL_REPRESENTATION('',(#3458),#3462);
#3458 = LINE('',#3459,#3460);
#3459 = CARTESIAN_POINT('',(6.28318530718,0.));
#3460 = VECTOR('',#3461,1.);
#3461 = DIRECTION('',(0.,1.));
#3462 = ( GEOMETRIC_REPRESENTATION_CONTEXT(2) 
PARAMETRIC_REPRESENTATION_CONTEXT() REPRESENTATION_CONTEXT('2D SPACE',''
  ) );
#3463 = ADVANCED_FACE('',(#3464),#1982,.T.);
#3464 = FACE_BOUND('',#3465,.T.);
#3465 = EDGE_LOOP('',(#3466,#3512,#3533,#3534));
#3466 = ORIENTED_EDGE('',*,*,#3467,.F.);
#3467 = EDGE_CURVE('',#3468,#3419,#3470,.T.);
#3468 = VERTEX_POINT('',#3469);
#3469 = CARTESIAN_POINT('',(4.547818124247,1.128110089723,
    18.006348646944));
#3470 = SURFACE_CURVE('',#3471,(#3476,#3483),.PCURVE_S1.);
#3471 = CIRCLE('',#3472,1.5);
#3472 = AXIS2_PLACEMENT_3D('',#3473,#3474,#3475);
#3473 = CARTESIAN_POINT('',(3.047818124247,1.128110089723,
    18.006348646944));
#3474 = DIRECTION('',(0.,-1.,0.));
#3475 = DIRECTION('',(0.,0.,-1.));
#3476 = PCURVE('',#1982,#3477);
#3477 = DEFINITIONAL_REPRESENTATION('',(#3478),#3482);
#3478 = LINE('',#3479,#3480);
#3479 = CARTESIAN_POINT('',(0.,4.22));
#3480 = VECTOR('',#3481,1.);
#3481 = DIRECTION('',(1.,0.));
#3482 = ( GEOMETRIC_REPRESENTATION_CONTEXT(2) 
PARAMETRIC_REPRESENTATION_CONTEXT() REPRESENTATION_CONTEXT('2D SPACE',''
  ) );
#3483 = PCURVE('',#3055,#3484);
#3484 = DEFINITIONAL_REPRESENTATION('',(#3485),#3511);
#3485 = B_SPLINE_CURVE_WITH_KNOTS('',3,(#3486,#3487,#3488,#3489,#3490,
    #3491,#3492,#3493,#3494,#3495,#3496,#3497,#3498,#3499,#3500,#3501,
    #3502,#3503,#3504,#3505,#3506,#3507,#3508,#3509,#3510),
  .UNSPECIFIED.,.F.,.F.,(4,1,1,1,1,1,1,1,1,1,1,1,1,1,1,1,1,1,1,1,1,1,4),
  (1.570796326795,1.642196159831,1.713595992867,1.784995825903,
    1.856395658939,1.927795491976,1.999195325012,2.070595158048,
    2.141994991084,2.21339482412,2.284794657156,2.356194490192,
    2.427594323228,2.498994156265,2.570393989301,2.641793822337,
    2.713193655373,2.784593488409,2.855993321445,2.927393154481,
    2.998792987518,3.070192820554,3.14159265359),.QUASI_UNIFORM_KNOTS.);
#3486 = CARTESIAN_POINT('',(1.,0.));
#3487 = CARTESIAN_POINT('',(1.,1.682780133706E-02));
#3488 = CARTESIAN_POINT('',(1.,4.999070298881E-02));
#3489 = CARTESIAN_POINT('',(1.,9.842552590405E-02));
#3490 = CARTESIAN_POINT('',(1.,0.145724913075));
#3491 = CARTESIAN_POINT('',(1.,0.192043637223));
#3492 = CARTESIAN_POINT('',(1.,0.237526724423));
#3493 = CARTESIAN_POINT('',(1.,0.282309422539));
#3494 = CARTESIAN_POINT('',(1.,0.326519436214));
#3495 = CARTESIAN_POINT('',(1.,0.370278310591));
#3496 = CARTESIAN_POINT('',(1.,0.413702852292));
#3497 = CARTESIAN_POINT('',(1.,0.456906394885));
#3498 = CARTESIAN_POINT('',(1.,0.5));
#3499 = CARTESIAN_POINT('',(1.,0.543093605115));
#3500 = CARTESIAN_POINT('',(1.,0.586297147708));
#3501 = CARTESIAN_POINT('',(1.,0.629721689409));
#3502 = CARTESIAN_POINT('',(1.,0.673480563786));
#3503 = CARTESIAN_POINT('',(1.,0.717690577461));
#3504 = CARTESIAN_POINT('',(1.,0.762473275577));
#3505 = CARTESIAN_POINT('',(1.,0.807956362777));
#3506 = CARTESIAN_POINT('',(1.,0.854275086925));
#3507 = CARTESIAN_POINT('',(1.,0.901574474096));
#3508 = CARTESIAN_POINT('',(1.,0.950009297011));
#3509 = CARTESIAN_POINT('',(1.,0.983172198663));
#3510 = CARTESIAN_POINT('',(1.,1.));
#3511 = ( GEOMETRIC_REPRESENTATION_CONTEXT(2) 
PARAMETRIC_REPRESENTATION_CONTEXT() REPRESENTATION_CONTEXT('2D SPACE',''
  ) );
#3512 = ORIENTED_EDGE('',*,*,#3513,.T.);
#3513 = EDGE_CURVE('',#3468,#1944,#3514,.T.);
#3514 = SURFACE_CURVE('',#3515,(#3519,#3526),.PCURVE_S1.);
#3515 = LINE('',#3516,#3517);
#3516 = CARTESIAN_POINT('',(4.547818124247,5.348110089723,
    18.006348646944));
#3517 = VECTOR('',#3518,1.);
#3518 = DIRECTION('',(0.,1.,0.));
#3519 = PCURVE('',#1982,#3520);
#3520 = DEFINITIONAL_REPRESENTATION('',(#3521),#3525);
#3521 = LINE('',#3522,#3523);
#3522 = CARTESIAN_POINT('',(1.570796326795,0.));
#3523 = VECTOR('',#3524,1.);
#3524 = DIRECTION('',(0.,-1.));
#3525 = ( GEOMETRIC_REPRESENTATION_CONTEXT(2) 
PARAMETRIC_REPRESENTATION_CONTEXT() REPRESENTATION_CONTEXT('2D SPACE',''
  ) );
#3526 = PCURVE('',#2061,#3527);
#3527 = DEFINITIONAL_REPRESENTATION('',(#3528),#3532);
#3528 = LINE('',#3529,#3530);
#3529 = CARTESIAN_POINT('',(-1.5,0.));
#3530 = VECTOR('',#3531,1.);
#3531 = DIRECTION('',(0.,1.));
#3532 = ( GEOMETRIC_REPRESENTATION_CONTEXT(2) 
PARAMETRIC_REPRESENTATION_CONTEXT() REPRESENTATION_CONTEXT('2D SPACE',''
  ) );
#3533 = ORIENTED_EDGE('',*,*,#1943,.T.);
#3534 = ORIENTED_EDGE('',*,*,#3418,.T.);
#3535 = ADVANCED_FACE('',(#3536),#2061,.F.);
#3536 = FACE_BOUND('',#3537,.T.);
#3537 = EDGE_LOOP('',(#3538,#3561,#3562,#3563));
#3538 = ORIENTED_EDGE('',*,*,#3539,.F.);
#3539 = EDGE_CURVE('',#2046,#3540,#3542,.T.);
#3540 = VERTEX_POINT('',#3541);
#3541 = CARTESIAN_POINT('',(4.547818124247,1.128110089723,5.589191359418
    ));
#3542 = SURFACE_CURVE('',#3543,(#3547,#3554),.PCURVE_S1.);
#3543 = LINE('',#3544,#3545);
#3544 = CARTESIAN_POINT('',(4.547818124247,5.348110089723,5.589191359418
    ));
#3545 = VECTOR('',#3546,1.);
#3546 = DIRECTION('',(0.,-1.,0.));
#3547 = PCURVE('',#2061,#3548);
#3548 = DEFINITIONAL_REPRESENTATION('',(#3549),#3553);
#3549 = LINE('',#3550,#3551);
#3550 = CARTESIAN_POINT('',(-13.91715728752,0.));
#3551 = VECTOR('',#3552,1.);
#3552 = DIRECTION('',(0.,-1.));
#3553 = ( GEOMETRIC_REPRESENTATION_CONTEXT(2) 
PARAMETRIC_REPRESENTATION_CONTEXT() REPRESENTATION_CONTEXT('2D SPACE',''
  ) );
#3554 = PCURVE('',#2112,#3555);
#3555 = DEFINITIONAL_REPRESENTATION('',(#3556),#3560);
#3556 = LINE('',#3557,#3558);
#3557 = CARTESIAN_POINT('',(1.570796326795,0.));
#3558 = VECTOR('',#3559,1.);
#3559 = DIRECTION('',(0.,-1.));
#3560 = ( GEOMETRIC_REPRESENTATION_CONTEXT(2) 
PARAMETRIC_REPRESENTATION_CONTEXT() REPRESENTATION_CONTEXT('2D SPACE',''
  ) );
#3561 = ORIENTED_EDGE('',*,*,#2045,.F.);
#3562 = ORIENTED_EDGE('',*,*,#3513,.F.);
#3563 = ORIENTED_EDGE('',*,*,#3564,.F.);
#3564 = EDGE_CURVE('',#3540,#3468,#3565,.T.);
#3565 = SURFACE_CURVE('',#3566,(#3570,#3577),.PCURVE_S1.);
#3566 = LINE('',#3567,#3568);
#3567 = CARTESIAN_POINT('',(4.547818124247,1.128110089723,
    19.506348646944));
#3568 = VECTOR('',#3569,1.);
#3569 = DIRECTION('',(0.,0.,1.));
#3570 = PCURVE('',#2061,#3571);
#3571 = DEFINITIONAL_REPRESENTATION('',(#3572),#3576);
#3572 = LINE('',#3573,#3574);
#3573 = CARTESIAN_POINT('',(0.,-4.22));
#3574 = VECTOR('',#3575,1.);
#3575 = DIRECTION('',(1.,0.));
#3576 = ( GEOMETRIC_REPRESENTATION_CONTEXT(2) 
PARAMETRIC_REPRESENTATION_CONTEXT() REPRESENTATION_CONTEXT('2D SPACE',''
  ) );
#3577 = PCURVE('',#2997,#3578);
#3578 = DEFINITIONAL_REPRESENTATION('',(#3579),#3583);
#3579 = LINE('',#3580,#3581);
#3580 = CARTESIAN_POINT('',(6.28318530718,0.));
#3581 = VECTOR('',#3582,1.);
#3582 = DIRECTION('',(0.,1.));
#3583 = ( GEOMETRIC_REPRESENTATION_CONTEXT(2) 
PARAMETRIC_REPRESENTATION_CONTEXT() REPRESENTATION_CONTEXT('2D SPACE',''
  ) );
#3584 = ADVANCED_FACE('',(#3585),#2112,.T.);
#3585 = FACE_BOUND('',#3586,.T.);
#3586 = EDGE_LOOP('',(#3587,#3588,#3656,#3724,#3745,#3746));
#3587 = ORIENTED_EDGE('',*,*,#3539,.T.);
#3588 = ORIENTED_EDGE('',*,*,#3589,.T.);
#3589 = EDGE_CURVE('',#3540,#3590,#3592,.T.);
#3590 = VERTEX_POINT('',#3591);
#3591 = CARTESIAN_POINT('',(4.532594030749,1.075071936694,5.512654672945
    ));
#3592 = SURFACE_CURVE('',#3593,(#3598,#3627),.PCURVE_S1.);
#3593 = B_SPLINE_CURVE_WITH_KNOTS('',3,(#3594,#3595,#3596,#3597),
  .UNSPECIFIED.,.F.,.F.,(4,4),(-2.82845855442E-06,9.155303006831E-05),
  .PIECEWISE_BEZIER_KNOTS.);
#3594 = CARTESIAN_POINT('',(4.547818124247,1.128110089723,5.589191359418
    ));
#3595 = CARTESIAN_POINT('',(4.547818124247,1.109946363773,5.56350354367)
  );
#3596 = CARTESIAN_POINT('',(4.542986007137,1.091682417419,5.537743123278
    ));
#3597 = CARTESIAN_POINT('',(4.532594030749,1.075071936694,5.512654672945
    ));
#3598 = PCURVE('',#2112,#3599);
#3599 = DEFINITIONAL_REPRESENTATION('',(#3600),#3626);
#3600 = B_SPLINE_CURVE_WITH_KNOTS('',3,(#3601,#3602,#3603,#3604,#3605,
    #3606,#3607,#3608,#3609,#3610,#3611,#3612,#3613,#3614,#3615,#3616,
    #3617,#3618,#3619,#3620,#3621,#3622,#3623,#3624,#3625),
  .UNSPECIFIED.,.F.,.F.,(4,1,1,1,1,1,1,1,1,1,1,1,1,1,1,1,1,1,1,1,1,1,4),
  (-2.82845855442E-06,1.46160911025E-06,5.751676774919E-06,
    1.004174443959E-05,1.433181210426E-05,1.862187976893E-05,
    2.29119474336E-05,2.720201509827E-05,3.149208276294E-05,
    3.578215042761E-05,4.007221809228E-05,4.436228575695E-05,
    4.865235342162E-05,5.294242108629E-05,5.723248875096E-05,
    6.152255641563E-05,6.58126240803E-05,7.010269174497E-05,
    7.439275940963E-05,7.86828270743E-05,8.297289473897E-05,
    8.726296240364E-05,9.155303006831E-05),.UNSPECIFIED.);
#3601 = CARTESIAN_POINT('',(1.570796326795,-4.22));
#3602 = CARTESIAN_POINT('',(1.576634477673,-4.220825623907));
#3603 = CARTESIAN_POINT('',(1.58831223791,-4.222477285854));
#3604 = CARTESIAN_POINT('',(1.605836359289,-4.224955033));
#3605 = CARTESIAN_POINT('',(1.623371016574,-4.227432046191));
#3606 = CARTESIAN_POINT('',(1.640919442088,-4.229907337251));
#3607 = CARTESIAN_POINT('',(1.658484980014,-4.232379918002));
#3608 = CARTESIAN_POINT('',(1.676071099328,-4.234848800267));
#3609 = CARTESIAN_POINT('',(1.693681385488,-4.237312995866));
#3610 = CARTESIAN_POINT('',(1.711319537588,-4.239771516624));
#3611 = CARTESIAN_POINT('',(1.728989363814,-4.242223374362));
#3612 = CARTESIAN_POINT('',(1.746694777072,-4.244667580901));
#3613 = CARTESIAN_POINT('',(1.764439790291,-4.247103148066));
#3614 = CARTESIAN_POINT('',(1.782228511475,-4.249529087678));
#3615 = CARTESIAN_POINT('',(1.800065138469,-4.251944411558));
#3616 = CARTESIAN_POINT('',(1.817953953403,-4.254348131531));
#3617 = CARTESIAN_POINT('',(1.835899316786,-4.256739259417));
#3618 = CARTESIAN_POINT('',(1.853905661212,-4.259116807039));
#3619 = CARTESIAN_POINT('',(1.871977484632,-4.26147978622));
#3620 = CARTESIAN_POINT('',(1.890119343215,-4.263827208781));
#3621 = CARTESIAN_POINT('',(1.908335843508,-4.266158086546));
#3622 = CARTESIAN_POINT('',(1.92663163475,-4.268471431336));
#3623 = CARTESIAN_POINT('',(1.945011397999,-4.270766254973));
#3624 = CARTESIAN_POINT('',(1.957323695501,-4.272283131178));
#3625 = CARTESIAN_POINT('',(1.963495408494,-4.273038153029));
#3626 = ( GEOMETRIC_REPRESENTATION_CONTEXT(2) 
PARAMETRIC_REPRESENTATION_CONTEXT() REPRESENTATION_CONTEXT('2D SPACE',''
  ) );
#3627 = PCURVE('',#2997,#3628);
#3628 = DEFINITIONAL_REPRESENTATION('',(#3629),#3655);
#3629 = B_SPLINE_CURVE_WITH_KNOTS('',3,(#3630,#3631,#3632,#3633,#3634,
    #3635,#3636,#3637,#3638,#3639,#3640,#3641,#3642,#3643,#3644,#3645,
    #3646,#3647,#3648,#3649,#3650,#3651,#3652,#3653,#3654),
  .UNSPECIFIED.,.F.,.F.,(4,1,1,1,1,1,1,1,1,1,1,1,1,1,1,1,1,1,1,1,1,1,4),
  (-2.82845855442E-06,1.46160911025E-06,5.751676774919E-06,
    1.004174443959E-05,1.433181210426E-05,1.862187976893E-05,
    2.29119474336E-05,2.720201509827E-05,3.149208276294E-05,
    3.578215042761E-05,4.007221809228E-05,4.436228575695E-05,
    4.865235342162E-05,5.294242108629E-05,5.723248875096E-05,
    6.152255641563E-05,6.58126240803E-05,7.010269174497E-05,
    7.439275940963E-05,7.86828270743E-05,8.297289473897E-05,
    8.726296240364E-05,9.155303006831E-05),.UNSPECIFIED.);
#3630 = CARTESIAN_POINT('',(6.28318530718,-13.91715728752));
#3631 = CARTESIAN_POINT('',(6.27492903756,-13.91832491551));
#3632 = CARTESIAN_POINT('',(6.258412472844,-13.92066047151));
#3633 = CARTESIAN_POINT('',(6.233620727701,-13.924164286));
#3634 = CARTESIAN_POINT('',(6.208807407868,-13.92766816144));
#3635 = CARTESIAN_POINT('',(6.183967329133,-13.93117167826));
#3636 = CARTESIAN_POINT('',(6.159094969138,-13.93467441691));
#3637 = CARTESIAN_POINT('',(6.134184417953,-13.93817595783));
#3638 = CARTESIAN_POINT('',(6.109229388787,-13.94167588146));
#3639 = CARTESIAN_POINT('',(6.084223214143,-13.94517376825));
#3640 = CARTESIAN_POINT('',(6.059158847543,-13.94866919863));
#3641 = CARTESIAN_POINT('',(6.034028865549,-13.95216175306));
#3642 = CARTESIAN_POINT('',(6.00882547163,-13.95565101197));
#3643 = CARTESIAN_POINT('',(5.983540501638,-13.9591365558));
#3644 = CARTESIAN_POINT('',(5.958165431146,-13.962617965));
#3645 = CARTESIAN_POINT('',(5.932691384805,-13.96609482001));
#3646 = CARTESIAN_POINT('',(5.907109147945,-13.96956670127));
#3647 = CARTESIAN_POINT('',(5.881409180607,-13.97303318923));
#3648 = CARTESIAN_POINT('',(5.855581634431,-13.97649386433));
#3649 = CARTESIAN_POINT('',(5.829616372128,-13.97994830701));
#3650 = CARTESIAN_POINT('',(5.803502991929,-13.9833960977));
#3651 = CARTESIAN_POINT('',(5.777230849659,-13.98683681687));
#3652 = CARTESIAN_POINT('',(5.750789107539,-13.99027004494));
#3653 = CARTESIAN_POINT('',(5.733040837826,-13.99255358989));
#3654 = CARTESIAN_POINT('',(5.7241347595,-13.99369397399));
#3655 = ( GEOMETRIC_REPRESENTATION_CONTEXT(2) 
PARAMETRIC_REPRESENTATION_CONTEXT() REPRESENTATION_CONTEXT('2D SPACE',''
  ) );
#3656 = ORIENTED_EDGE('',*,*,#3657,.T.);
#3657 = EDGE_CURVE('',#3590,#3658,#3660,.T.);
#3658 = VERTEX_POINT('',#3659);
#3659 = CARTESIAN_POINT('',(4.489239480484,1.128110089723,5.447770003181
    ));
#3660 = SURFACE_CURVE('',#3661,(#3666,#3695),.PCURVE_S1.);
#3661 = B_SPLINE_CURVE_WITH_KNOTS('',3,(#3662,#3663,#3664,#3665),
  .UNSPECIFIED.,.F.,.F.,(4,4),(1.45688091044E-18,9.439017285626E-05),
  .PIECEWISE_BEZIER_KNOTS.);
#3662 = CARTESIAN_POINT('',(4.532594030749,1.075071936694,5.512654672945
    ));
#3663 = CARTESIAN_POINT('',(4.522177973549,1.091720908064,5.487508086387
    ));
#3664 = CARTESIAN_POINT('',(4.507405180231,1.109944691948,5.465935702928
    ));
#3665 = CARTESIAN_POINT('',(4.489239480484,1.128110089723,5.447770003181
    ));
#3666 = PCURVE('',#2112,#3667);
#3667 = DEFINITIONAL_REPRESENTATION('',(#3668),#3694);
#3668 = B_SPLINE_CURVE_WITH_KNOTS('',3,(#3669,#3670,#3671,#3672,#3673,
    #3674,#3675,#3676,#3677,#3678,#3679,#3680,#3681,#3682,#3683,#3684,
    #3685,#3686,#3687,#3688,#3689,#3690,#3691,#3692,#3693),
  .UNSPECIFIED.,.F.,.F.,(4,1,1,1,1,1,1,1,1,1,1,1,1,1,1,1,1,1,1,1,1,1,4),
  (1.45688091044E-18,4.290462402558E-06,8.580924805116E-06,
    1.287138720767E-05,1.716184961023E-05,2.145231201279E-05,
    2.574277441534E-05,3.00332368179E-05,3.432369922046E-05,
    3.861416162301E-05,4.290462402557E-05,4.719508642813E-05,
    5.148554883069E-05,5.577601123324E-05,6.00664736358E-05,
    6.435693603836E-05,6.864739844091E-05,7.293786084347E-05,
    7.722832324603E-05,8.151878564858E-05,8.580924805114E-05,
    9.00997104537E-05,9.439017285626E-05),.QUASI_UNIFORM_KNOTS.);
#3669 = CARTESIAN_POINT('',(1.963495408494,-4.273038153029));
#3670 = CARTESIAN_POINT('',(1.9696814242,-4.272281381603));
#3671 = CARTESIAN_POINT('',(1.982019676737,-4.270761331262));
#3672 = CARTESIAN_POINT('',(2.000430949452,-4.268462653565));
#3673 = CARTESIAN_POINT('',(2.018751349601,-4.266146293968));
#3674 = CARTESIAN_POINT('',(2.036986100262,-4.263813172757));
#3675 = CARTESIAN_POINT('',(2.055140402441,-4.261464210215));
#3676 = CARTESIAN_POINT('',(2.073219423948,-4.259100326628));
#3677 = CARTESIAN_POINT('',(2.091228289056,-4.256722442279));
#3678 = CARTESIAN_POINT('',(2.109172068787,-4.254331477455));
#3679 = CARTESIAN_POINT('',(2.127055771805,-4.251928352439));
#3680 = CARTESIAN_POINT('',(2.144884335843,-4.249513987517));
#3681 = CARTESIAN_POINT('',(2.162662619634,-4.247089302973));
#3682 = CARTESIAN_POINT('',(2.180395395274,-4.244655219091));
#3683 = CARTESIAN_POINT('',(2.198087340992,-4.242212656157));
#3684 = CARTESIAN_POINT('',(2.21574303427,-4.239762534455));
#3685 = CARTESIAN_POINT('',(2.233366945298,-4.23730577427));
#3686 = CARTESIAN_POINT('',(2.250963430665,-4.234843295887));
#3687 = CARTESIAN_POINT('',(2.268536727437,-4.23237601959));
#3688 = CARTESIAN_POINT('',(2.286090946982,-4.229904865665));
#3689 = CARTESIAN_POINT('',(2.303630070733,-4.227430754395));
#3690 = CARTESIAN_POINT('',(2.321157939634,-4.224954606065));
#3691 = CARTESIAN_POINT('',(2.338678267966,-4.222477340961));
#3692 = CARTESIAN_POINT('',(2.350355800585,-4.220825699899));
#3693 = CARTESIAN_POINT('',(2.356194490192,-4.22));
#3694 = ( GEOMETRIC_REPRESENTATION_CONTEXT(2) 
PARAMETRIC_REPRESENTATION_CONTEXT() REPRESENTATION_CONTEXT('2D SPACE',''
  ) );
#3695 = PCURVE('',#2470,#3696);
#3696 = DEFINITIONAL_REPRESENTATION('',(#3697),#3723);
#3697 = B_SPLINE_CURVE_WITH_KNOTS('',3,(#3698,#3699,#3700,#3701,#3702,
    #3703,#3704,#3705,#3706,#3707,#3708,#3709,#3710,#3711,#3712,#3713,
    #3714,#3715,#3716,#3717,#3718,#3719,#3720,#3721,#3722),
  .UNSPECIFIED.,.F.,.F.,(4,1,1,1,1,1,1,1,1,1,1,1,1,1,1,1,1,1,1,1,1,1,4),
  (1.45688091044E-18,4.290462402558E-06,8.580924805116E-06,
    1.287138720767E-05,1.716184961023E-05,2.145231201279E-05,
    2.574277441534E-05,3.00332368179E-05,3.432369922046E-05,
    3.861416162301E-05,4.290462402557E-05,4.719508642813E-05,
    5.148554883069E-05,5.577601123324E-05,6.00664736358E-05,
    6.435693603836E-05,6.864739844091E-05,7.293786084347E-05,
    7.722832324603E-05,8.151878564858E-05,8.580924805114E-05,
    9.00997104537E-05,9.439017285626E-05),.QUASI_UNIFORM_KNOTS.);
#3698 = CARTESIAN_POINT('',(3.70064320127,-0.700800755185));
#3699 = CARTESIAN_POINT('',(3.691716481322,-0.699657728523));
#3700 = CARTESIAN_POINT('',(3.673930754573,-0.697369388694));
#3701 = CARTESIAN_POINT('',(3.647443579449,-0.693930336718));
#3702 = CARTESIAN_POINT('',(3.621136047518,-0.690485059797));
#3703 = CARTESIAN_POINT('',(3.594996552769,-0.687033875215));
#3704 = CARTESIAN_POINT('',(3.569013653809,-0.683577100259));
#3705 = CARTESIAN_POINT('',(3.543176123644,-0.680115052214));
#3706 = CARTESIAN_POINT('',(3.517472979918,-0.676648048366));
#3707 = CARTESIAN_POINT('',(3.491893515076,-0.673176406001));
#3708 = CARTESIAN_POINT('',(3.466427321725,-0.669700442404));
#3709 = CARTESIAN_POINT('',(3.441064314961,-0.666220474861));
#3710 = CARTESIAN_POINT('',(3.415794751619,-0.662736820659));
#3711 = CARTESIAN_POINT('',(3.390609246862,-0.659249797082));
#3712 = CARTESIAN_POINT('',(3.365498788339,-0.655759721416));
#3713 = CARTESIAN_POINT('',(3.340454748194,-0.652266910948));
#3714 = CARTESIAN_POINT('',(3.315468893083,-0.648771682962));
#3715 = CARTESIAN_POINT('',(3.290533392518,-0.645274354745));
#3716 = CARTESIAN_POINT('',(3.265640825243,-0.641775243582));
#3717 = CARTESIAN_POINT('',(3.240784185427,-0.638274666759));
#3718 = CARTESIAN_POINT('',(3.21595688263,-0.634772941563));
#3719 = CARTESIAN_POINT('',(3.191152758621,-0.631270385277));
#3720 = CARTESIAN_POINT('',(3.16636603524,-0.627767315189));
#3721 = CARTESIAN_POINT('',(3.149849687704,-0.625431804119));
#3722 = CARTESIAN_POINT('',(3.14159265359,-0.624264068712));
#3723 = ( GEOMETRIC_REPRESENTATION_CONTEXT(2) 
PARAMETRIC_REPRESENTATION_CONTEXT() REPRESENTATION_CONTEXT('2D SPACE',''
  ) );
#3724 = ORIENTED_EDGE('',*,*,#3725,.T.);
#3725 = EDGE_CURVE('',#3658,#2217,#3726,.T.);
#3726 = SURFACE_CURVE('',#3727,(#3731,#3738),.PCURVE_S1.);
#3727 = LINE('',#3728,#3729);
#3728 = CARTESIAN_POINT('',(4.489239480484,5.348110089723,5.447770003181
    ));
#3729 = VECTOR('',#3730,1.);
#3730 = DIRECTION('',(0.,1.,0.));
#3731 = PCURVE('',#2112,#3732);
#3732 = DEFINITIONAL_REPRESENTATION('',(#3733),#3737);
#3733 = LINE('',#3734,#3735);
#3734 = CARTESIAN_POINT('',(2.356194490192,0.));
#3735 = VECTOR('',#3736,1.);
#3736 = DIRECTION('',(0.,1.));
#3737 = ( GEOMETRIC_REPRESENTATION_CONTEXT(2) 
PARAMETRIC_REPRESENTATION_CONTEXT() REPRESENTATION_CONTEXT('2D SPACE',''
  ) );
#3738 = PCURVE('',#2300,#3739);
#3739 = DEFINITIONAL_REPRESENTATION('',(#3740),#3744);
#3740 = LINE('',#3741,#3742);
#3741 = CARTESIAN_POINT('',(1.331370849898,0.));
#3742 = VECTOR('',#3743,1.);
#3743 = DIRECTION('',(0.,1.));
#3744 = ( GEOMETRIC_REPRESENTATION_CONTEXT(2) 
PARAMETRIC_REPRESENTATION_CONTEXT() REPRESENTATION_CONTEXT('2D SPACE',''
  ) );
#3745 = ORIENTED_EDGE('',*,*,#2216,.F.);
#3746 = ORIENTED_EDGE('',*,*,#2073,.T.);
#3747 = ADVANCED_FACE('',(#3748),#2300,.F.);
#3748 = FACE_BOUND('',#3749,.T.);
#3749 = EDGE_LOOP('',(#3750,#3751,#3752,#3753));
#3750 = ORIENTED_EDGE('',*,*,#2408,.F.);
#3751 = ORIENTED_EDGE('',*,*,#2284,.F.);
#3752 = ORIENTED_EDGE('',*,*,#3725,.F.);
#3753 = ORIENTED_EDGE('',*,*,#3754,.F.);
#3754 = EDGE_CURVE('',#2409,#3658,#3755,.T.);
#3755 = SURFACE_CURVE('',#3756,(#3760,#3767),.PCURVE_S1.);
#3756 = LINE('',#3757,#3758);
#3757 = CARTESIAN_POINT('',(3.547818124247,1.128110089723,4.506348646944
    ));
#3758 = VECTOR('',#3759,1.);
#3759 = DIRECTION('',(0.707106781187,0.,0.707106781187));
#3760 = PCURVE('',#2300,#3761);
#3761 = DEFINITIONAL_REPRESENTATION('',(#3762),#3766);
#3762 = LINE('',#3763,#3764);
#3763 = CARTESIAN_POINT('',(0.,-4.22));
#3764 = VECTOR('',#3765,1.);
#3765 = DIRECTION('',(1.,0.));
#3766 = ( GEOMETRIC_REPRESENTATION_CONTEXT(2) 
PARAMETRIC_REPRESENTATION_CONTEXT() REPRESENTATION_CONTEXT('2D SPACE',''
  ) );
#3767 = PCURVE('',#2470,#3768);
#3768 = DEFINITIONAL_REPRESENTATION('',(#3769),#3773);
#3769 = LINE('',#3770,#3771);
#3770 = CARTESIAN_POINT('',(3.14159265359,0.707106781187));
#3771 = VECTOR('',#3772,1.);
#3772 = DIRECTION('',(0.,-1.));
#3773 = ( GEOMETRIC_REPRESENTATION_CONTEXT(2) 
PARAMETRIC_REPRESENTATION_CONTEXT() REPRESENTATION_CONTEXT('2D SPACE',''
  ) );
#3774 = ADVANCED_FACE('',(#3775),#2470,.T.);
#3775 = FACE_BOUND('',#3776,.T.);
#3776 = EDGE_LOOP('',(#3777,#3843,#3844,#3910,#3911,#3912));
#3777 = ORIENTED_EDGE('',*,*,#3778,.F.);
#3778 = EDGE_CURVE('',#2959,#3590,#3779,.T.);
#3779 = SURFACE_CURVE('',#3780,(#3785,#3814),.PCURVE_S1.);
#3780 = ( BOUNDED_CURVE() B_SPLINE_CURVE(3,(#3781,#3782,#3783,#3784),
.UNSPECIFIED.,.F.,.F.) B_SPLINE_CURVE_WITH_KNOTS((4,4),(1.570796326795,
2.58254210591),.PIECEWISE_BEZIER_KNOTS.) CURVE() 
GEOMETRIC_REPRESENTATION_ITEM() RATIONAL_B_SPLINE_CURVE((1.,
0.916501220403,0.916501220403,1.)) REPRESENTATION_ITEM('') );
#3781 = CARTESIAN_POINT('',(4.447818124247,1.028110089723,5.547770003181
    ));
#3782 = CARTESIAN_POINT('',(4.483066026871,1.028110089723,5.533169843869
    ));
#3783 = CARTESIAN_POINT('',(4.513899194216,1.045190207722,5.520398327784
    ));
#3784 = CARTESIAN_POINT('',(4.532594030749,1.075071936694,5.512654672945
    ));
#3785 = PCURVE('',#2470,#3786);
#3786 = DEFINITIONAL_REPRESENTATION('',(#3787),#3813);
#3787 = B_SPLINE_CURVE_WITH_KNOTS('',3,(#3788,#3789,#3790,#3791,#3792,
    #3793,#3794,#3795,#3796,#3797,#3798,#3799,#3800,#3801,#3802,#3803,
    #3804,#3805,#3806,#3807,#3808,#3809,#3810,#3811,#3812),
  .UNSPECIFIED.,.F.,.F.,(4,1,1,1,1,1,1,1,1,1,1,1,1,1,1,1,1,1,1,1,1,1,4),
  (1.570796326795,1.6167847713,1.662773215805,1.708761660311,
    1.754750104816,1.800738549321,1.846726993826,1.892715438332,
    1.938703882837,1.984692327342,2.030680771847,2.076669216352,
    2.122657660858,2.168646105363,2.214634549868,2.260622994373,
    2.306611438879,2.352599883384,2.398588327889,2.444576772394,
    2.4905652169,2.536553661405,2.58254210591),.QUASI_UNIFORM_KNOTS.);
#3788 = CARTESIAN_POINT('',(4.712388980385,-0.665685424949));
#3789 = CARTESIAN_POINT('',(4.697705220973,-0.666293629193));
#3790 = CARTESIAN_POINT('',(4.668169684316,-0.667517062596));
#3791 = CARTESIAN_POINT('',(4.623400700513,-0.669367815161));
#3792 = CARTESIAN_POINT('',(4.578203427583,-0.671228810288));
#3793 = CARTESIAN_POINT('',(4.532618702699,-0.673094294713));
#3794 = CARTESIAN_POINT('',(4.486689413535,-0.674958317998));
#3795 = CARTESIAN_POINT('',(4.440460621671,-0.676814748835));
#3796 = CARTESIAN_POINT('',(4.393979239008,-0.678657346663));
#3797 = CARTESIAN_POINT('',(4.347293787392,-0.680479824169));
#3798 = CARTESIAN_POINT('',(4.30045410339,-0.682275916311));
#3799 = CARTESIAN_POINT('',(4.253511030146,-0.684039449829));
#3800 = CARTESIAN_POINT('',(4.206516090827,-0.685764412874));
#3801 = CARTESIAN_POINT('',(4.159521151508,-0.687445022819));
#3802 = CARTESIAN_POINT('',(4.112578078265,-0.68907579074));
#3803 = CARTESIAN_POINT('',(4.065738394263,-0.690651581044));
#3804 = CARTESIAN_POINT('',(4.019052942647,-0.692167664863));
#3805 = CARTESIAN_POINT('',(3.972571559984,-0.693619766198));
#3806 = CARTESIAN_POINT('',(3.926342768119,-0.695004099361));
#3807 = CARTESIAN_POINT('',(3.880413478955,-0.696317399139));
#3808 = CARTESIAN_POINT('',(3.834828754072,-0.697556935581));
#3809 = CARTESIAN_POINT('',(3.789631481141,-0.698720542345));
#3810 = CARTESIAN_POINT('',(3.744862497339,-0.699806550571));
#3811 = CARTESIAN_POINT('',(3.715326960681,-0.700478205355));
#3812 = CARTESIAN_POINT('',(3.70064320127,-0.700800755185));
#3813 = ( GEOMETRIC_REPRESENTATION_CONTEXT(2) 
PARAMETRIC_REPRESENTATION_CONTEXT() REPRESENTATION_CONTEXT('2D SPACE',''
  ) );
#3814 = PCURVE('',#2997,#3815);
#3815 = DEFINITIONAL_REPRESENTATION('',(#3816),#3842);
#3816 = B_SPLINE_CURVE_WITH_KNOTS('',3,(#3817,#3818,#3819,#3820,#3821,
    #3822,#3823,#3824,#3825,#3826,#3827,#3828,#3829,#3830,#3831,#3832,
    #3833,#3834,#3835,#3836,#3837,#3838,#3839,#3840,#3841),
  .UNSPECIFIED.,.F.,.F.,(4,1,1,1,1,1,1,1,1,1,1,1,1,1,1,1,1,1,1,1,1,1,4),
  (1.570796326795,1.6167847713,1.662773215805,1.708761660311,
    1.754750104816,1.800738549321,1.846726993826,1.892715438332,
    1.938703882837,1.984692327342,2.030680771847,2.076669216352,
    2.122657660858,2.168646105363,2.214634549868,2.260622994373,
    2.306611438879,2.352599883384,2.398588327889,2.444576772394,
    2.4905652169,2.536553661405,2.58254210591),.QUASI_UNIFORM_KNOTS.);
#3817 = CARTESIAN_POINT('',(4.712388980385,-13.95857864376));
#3818 = CARTESIAN_POINT('',(4.727072739797,-13.959186848));
#3819 = CARTESIAN_POINT('',(4.756608276454,-13.96041028141));
#3820 = CARTESIAN_POINT('',(4.801377260256,-13.96226103397));
#3821 = CARTESIAN_POINT('',(4.846574533187,-13.9641220291));
#3822 = CARTESIAN_POINT('',(4.892159258071,-13.96598751352));
#3823 = CARTESIAN_POINT('',(4.938088547234,-13.96785153681));
#3824 = CARTESIAN_POINT('',(4.984317339099,-13.96970796764));
#3825 = CARTESIAN_POINT('',(5.030798721762,-13.97155056547));
#3826 = CARTESIAN_POINT('',(5.077484173378,-13.97337304298));
#3827 = CARTESIAN_POINT('',(5.12432385738,-13.97516913512));
#3828 = CARTESIAN_POINT('',(5.171266930623,-13.97693266864));
#3829 = CARTESIAN_POINT('',(5.218261869942,-13.97865763168));
#3830 = CARTESIAN_POINT('',(5.265256809261,-13.98033824163));
#3831 = CARTESIAN_POINT('',(5.312199882505,-13.98196900955));
#3832 = CARTESIAN_POINT('',(5.359039566507,-13.98354479985));
#3833 = CARTESIAN_POINT('',(5.405725018123,-13.98506088367));
#3834 = CARTESIAN_POINT('',(5.452206400786,-13.98651298501));
#3835 = CARTESIAN_POINT('',(5.49843519265,-13.98789731817));
#3836 = CARTESIAN_POINT('',(5.544364481814,-13.98921061795));
#3837 = CARTESIAN_POINT('',(5.589949206698,-13.99045015439));
#3838 = CARTESIAN_POINT('',(5.635146479629,-13.99161376115));
#3839 = CARTESIAN_POINT('',(5.679915463431,-13.99269976938));
#3840 = CARTESIAN_POINT('',(5.709451000088,-13.99337142416));
#3841 = CARTESIAN_POINT('',(5.7241347595,-13.99369397399));
#3842 = ( GEOMETRIC_REPRESENTATION_CONTEXT(2) 
PARAMETRIC_REPRESENTATION_CONTEXT() REPRESENTATION_CONTEXT('2D SPACE',''
  ) );
#3843 = ORIENTED_EDGE('',*,*,#2958,.F.);
#3844 = ORIENTED_EDGE('',*,*,#3845,.T.);
#3845 = EDGE_CURVE('',#2936,#2432,#3846,.T.);
#3846 = SURFACE_CURVE('',#3847,(#3852,#3881),.PCURVE_S1.);
#3847 = ( BOUNDED_CURVE() B_SPLINE_CURVE(3,(#3848,#3849,#3850,#3851),
.UNSPECIFIED.,.F.,.F.) B_SPLINE_CURVE_WITH_KNOTS((4,4),(4.712388980385,
5.7241347595),.PIECEWISE_BEZIER_KNOTS.) CURVE() 
GEOMETRIC_REPRESENTATION_ITEM() RATIONAL_B_SPLINE_CURVE((1.,
0.916501220403,0.916501220403,1.)) REPRESENTATION_ITEM('') );
#3848 = CARTESIAN_POINT('',(3.506396768009,1.028110089723,4.606348646944
    ));
#3849 = CARTESIAN_POINT('',(3.520996927322,1.028110089723,4.57110074432)
  );
#3850 = CARTESIAN_POINT('',(3.533768443407,1.045190207722,4.540267576974
    ));
#3851 = CARTESIAN_POINT('',(3.541512098245,1.075071936694,4.521572740441
    ));
#3852 = PCURVE('',#2470,#3853);
#3853 = DEFINITIONAL_REPRESENTATION('',(#3854),#3880);
#3854 = B_SPLINE_CURVE_WITH_KNOTS('',3,(#3855,#3856,#3857,#3858,#3859,
    #3860,#3861,#3862,#3863,#3864,#3865,#3866,#3867,#3868,#3869,#3870,
    #3871,#3872,#3873,#3874,#3875,#3876,#3877,#3878,#3879),
  .UNSPECIFIED.,.F.,.F.,(4,1,1,1,1,1,1,1,1,1,1,1,1,1,1,1,1,1,1,1,1,1,4),
  (4.712388980385,4.75837742489,4.804365869395,4.8503543139,
    4.896342758406,4.942331202911,4.988319647416,5.034308091921,
    5.080296536427,5.126284980932,5.172273425437,5.218261869942,
    5.264250314447,5.310238758953,5.356227203458,5.402215647963,
    5.448204092468,5.494192536974,5.540180981479,5.586169425984,
    5.632157870489,5.678146314995,5.7241347595),.QUASI_UNIFORM_KNOTS.);
#3855 = CARTESIAN_POINT('',(4.712388980385,0.665685424949));
#3856 = CARTESIAN_POINT('',(4.697705220973,0.666293629193));
#3857 = CARTESIAN_POINT('',(4.668169684316,0.667517062597));
#3858 = CARTESIAN_POINT('',(4.623400700513,0.669367815161));
#3859 = CARTESIAN_POINT('',(4.578203427583,0.671228810288));
#3860 = CARTESIAN_POINT('',(4.532618702699,0.673094294713));
#3861 = CARTESIAN_POINT('',(4.486689413535,0.674958317998));
#3862 = CARTESIAN_POINT('',(4.440460621671,0.676814748835));
#3863 = CARTESIAN_POINT('',(4.393979239008,0.678657346663));
#3864 = CARTESIAN_POINT('',(4.347293787392,0.680479824169));
#3865 = CARTESIAN_POINT('',(4.30045410339,0.682275916311));
#3866 = CARTESIAN_POINT('',(4.253511030146,0.684039449829));
#3867 = CARTESIAN_POINT('',(4.206516090827,0.685764412874));
#3868 = CARTESIAN_POINT('',(4.159521151508,0.687445022819));
#3869 = CARTESIAN_POINT('',(4.112578078265,0.68907579074));
#3870 = CARTESIAN_POINT('',(4.065738394263,0.690651581044));
#3871 = CARTESIAN_POINT('',(4.019052942647,0.692167664863));
#3872 = CARTESIAN_POINT('',(3.972571559984,0.693619766198));
#3873 = CARTESIAN_POINT('',(3.926342768119,0.695004099361));
#3874 = CARTESIAN_POINT('',(3.880413478956,0.696317399139));
#3875 = CARTESIAN_POINT('',(3.834828754072,0.697556935581));
#3876 = CARTESIAN_POINT('',(3.789631481141,0.698720542345));
#3877 = CARTESIAN_POINT('',(3.744862497339,0.699806550571));
#3878 = CARTESIAN_POINT('',(3.715326960681,0.700478205355));
#3879 = CARTESIAN_POINT('',(3.70064320127,0.700800755185));
#3880 = ( GEOMETRIC_REPRESENTATION_CONTEXT(2) 
PARAMETRIC_REPRESENTATION_CONTEXT() REPRESENTATION_CONTEXT('2D SPACE',''
  ) );
#3881 = PCURVE('',#2541,#3882);
#3882 = DEFINITIONAL_REPRESENTATION('',(#3883),#3909);
#3883 = B_SPLINE_CURVE_WITH_KNOTS('',3,(#3884,#3885,#3886,#3887,#3888,
    #3889,#3890,#3891,#3892,#3893,#3894,#3895,#3896,#3897,#3898,#3899,
    #3900,#3901,#3902,#3903,#3904,#3905,#3906,#3907,#3908),
  .UNSPECIFIED.,.F.,.F.,(4,1,1,1,1,1,1,1,1,1,1,1,1,1,1,1,1,1,1,1,1,1,4),
  (4.712388980385,4.75837742489,4.804365869395,4.8503543139,
    4.896342758406,4.942331202911,4.988319647416,5.034308091921,
    5.080296536427,5.126284980932,5.172273425437,5.218261869942,
    5.264250314447,5.310238758953,5.356227203458,5.402215647963,
    5.448204092468,5.494192536974,5.540180981479,5.586169425984,
    5.632157870489,5.678146314995,5.7241347595),.QUASI_UNIFORM_KNOTS.);
#3884 = CARTESIAN_POINT('',(4.712388980385,13.958578643763));
#3885 = CARTESIAN_POINT('',(4.727072739797,13.959186848007));
#3886 = CARTESIAN_POINT('',(4.756608276454,13.96041028141));
#3887 = CARTESIAN_POINT('',(4.801377260256,13.962261033974));
#3888 = CARTESIAN_POINT('',(4.846574533187,13.964122029101));
#3889 = CARTESIAN_POINT('',(4.892159258071,13.965987513527));
#3890 = CARTESIAN_POINT('',(4.938088547234,13.967851536811));
#3891 = CARTESIAN_POINT('',(4.984317339099,13.969707967649));
#3892 = CARTESIAN_POINT('',(5.030798721762,13.971550565477));
#3893 = CARTESIAN_POINT('',(5.077484173378,13.973373042982));
#3894 = CARTESIAN_POINT('',(5.12432385738,13.975169135125));
#3895 = CARTESIAN_POINT('',(5.171266930623,13.976932668643));
#3896 = CARTESIAN_POINT('',(5.218261869942,13.978657631687));
#3897 = CARTESIAN_POINT('',(5.265256809261,13.980338241632));
#3898 = CARTESIAN_POINT('',(5.312199882505,13.981969009553));
#3899 = CARTESIAN_POINT('',(5.359039566507,13.983544799857));
#3900 = CARTESIAN_POINT('',(5.405725018123,13.985060883676));
#3901 = CARTESIAN_POINT('',(5.452206400786,13.986512985012));
#3902 = CARTESIAN_POINT('',(5.49843519265,13.987897318175));
#3903 = CARTESIAN_POINT('',(5.544364481814,13.989210617952));
#3904 = CARTESIAN_POINT('',(5.589949206698,13.990450154395));
#3905 = CARTESIAN_POINT('',(5.635146479629,13.991613761159));
#3906 = CARTESIAN_POINT('',(5.679915463431,13.992699769384));
#3907 = CARTESIAN_POINT('',(5.709451000088,13.993371424169));
#3908 = CARTESIAN_POINT('',(5.7241347595,13.993693973998));
#3909 = ( GEOMETRIC_REPRESENTATION_CONTEXT(2) 
PARAMETRIC_REPRESENTATION_CONTEXT() REPRESENTATION_CONTEXT('2D SPACE',''
  ) );
#3910 = ORIENTED_EDGE('',*,*,#2431,.F.);
#3911 = ORIENTED_EDGE('',*,*,#3754,.T.);
#3912 = ORIENTED_EDGE('',*,*,#3657,.F.);
#3913 = ADVANCED_FACE('',(#3914),#2541,.T.);
#3914 = FACE_BOUND('',#3915,.T.);
#3915 = EDGE_LOOP('',(#3916,#3917,#3918,#3919,#3920));
#3916 = ORIENTED_EDGE('',*,*,#2935,.F.);
#3917 = ORIENTED_EDGE('',*,*,#3269,.F.);
#3918 = ORIENTED_EDGE('',*,*,#2579,.T.);
#3919 = ORIENTED_EDGE('',*,*,#2504,.F.);
#3920 = ORIENTED_EDGE('',*,*,#3845,.F.);
#3921 = ADVANCED_FACE('',(#3922),#2747,.T.);
#3922 = FACE_BOUND('',#3923,.T.);
#3923 = EDGE_LOOP('',(#3924,#3925,#3926,#3970));
#3924 = ORIENTED_EDGE('',*,*,#3153,.F.);
#3925 = ORIENTED_EDGE('',*,*,#2699,.F.);
#3926 = ORIENTED_EDGE('',*,*,#3927,.T.);
#3927 = EDGE_CURVE('',#2700,#3347,#3928,.T.);
#3928 = SURFACE_CURVE('',#3929,(#3934,#3963),.PCURVE_S1.);
#3929 = CIRCLE('',#3930,0.1);
#3930 = AXIS2_PLACEMENT_3D('',#3931,#3932,#3933);
#3931 = CARTESIAN_POINT('',(-8.952181875753,1.128110089723,
    19.406348646944));
#3932 = DIRECTION('',(-1.,0.,1.224646799147E-16));
#3933 = DIRECTION('',(1.224646799147E-16,0.,1.));
#3934 = PCURVE('',#2747,#3935);
#3935 = DEFINITIONAL_REPRESENTATION('',(#3936),#3962);
#3936 = B_SPLINE_CURVE_WITH_KNOTS('',3,(#3937,#3938,#3939,#3940,#3941,
    #3942,#3943,#3944,#3945,#3946,#3947,#3948,#3949,#3950,#3951,#3952,
    #3953,#3954,#3955,#3956,#3957,#3958,#3959,#3960,#3961),
  .UNSPECIFIED.,.F.,.F.,(4,1,1,1,1,1,1,1,1,1,1,1,1,1,1,1,1,1,1,1,1,1,4),
  (4.712388980385,4.783788813421,4.855188646457,4.926588479493,
    4.997988312529,5.069388145565,5.140787978601,5.212187811638,
    5.283587644674,5.35498747771,5.426387310746,5.497787143782,
    5.569186976818,5.640586809854,5.711986642891,5.783386475927,
    5.854786308963,5.926186141999,5.997585975035,6.068985808071,
    6.140385641107,6.211785474143,6.28318530718),.QUASI_UNIFORM_KNOTS.);
#3937 = CARTESIAN_POINT('',(0.,0.));
#3938 = CARTESIAN_POINT('',(1.682780133706E-02,0.));
#3939 = CARTESIAN_POINT('',(4.999070298882E-02,0.));
#3940 = CARTESIAN_POINT('',(9.842552590404E-02,0.));
#3941 = CARTESIAN_POINT('',(0.145724913075,0.));
#3942 = CARTESIAN_POINT('',(0.192043637223,0.));
#3943 = CARTESIAN_POINT('',(0.237526724423,0.));
#3944 = CARTESIAN_POINT('',(0.282309422539,0.));
#3945 = CARTESIAN_POINT('',(0.326519436214,0.));
#3946 = CARTESIAN_POINT('',(0.370278310591,0.));
#3947 = CARTESIAN_POINT('',(0.413702852292,0.));
#3948 = CARTESIAN_POINT('',(0.456906394885,0.));
#3949 = CARTESIAN_POINT('',(0.5,0.));
#3950 = CARTESIAN_POINT('',(0.543093605115,0.));
#3951 = CARTESIAN_POINT('',(0.586297147708,0.));
#3952 = CARTESIAN_POINT('',(0.629721689409,0.));
#3953 = CARTESIAN_POINT('',(0.673480563786,0.));
#3954 = CARTESIAN_POINT('',(0.717690577461,0.));
#3955 = CARTESIAN_POINT('',(0.762473275577,0.));
#3956 = CARTESIAN_POINT('',(0.807956362777,0.));
#3957 = CARTESIAN_POINT('',(0.854275086925,0.));
#3958 = CARTESIAN_POINT('',(0.901574474096,0.));
#3959 = CARTESIAN_POINT('',(0.950009297011,0.));
#3960 = CARTESIAN_POINT('',(0.983172198663,-0.));
#3961 = CARTESIAN_POINT('',(1.,0.));
#3962 = ( GEOMETRIC_REPRESENTATION_CONTEXT(2) 
PARAMETRIC_REPRESENTATION_CONTEXT() REPRESENTATION_CONTEXT('2D SPACE',''
  ) );
#3963 = PCURVE('',#3137,#3964);
#3964 = DEFINITIONAL_REPRESENTATION('',(#3965),#3969);
#3965 = LINE('',#3966,#3967);
#3966 = CARTESIAN_POINT('',(0.,-1.5));
#3967 = VECTOR('',#3968,1.);
#3968 = DIRECTION('',(1.,0.));
#3969 = ( GEOMETRIC_REPRESENTATION_CONTEXT(2) 
PARAMETRIC_REPRESENTATION_CONTEXT() REPRESENTATION_CONTEXT('2D SPACE',''
  ) );
#3970 = ORIENTED_EDGE('',*,*,#3346,.T.);
#3971 = ADVANCED_FACE('',(#3972),#3137,.T.);
#3972 = FACE_BOUND('',#3973,.T.);
#3973 = EDGE_LOOP('',(#3974,#3975,#4019,#4020));
#3974 = ORIENTED_EDGE('',*,*,#3123,.F.);
#3975 = ORIENTED_EDGE('',*,*,#3976,.T.);
#3976 = EDGE_CURVE('',#3010,#3419,#3977,.T.);
#3977 = SURFACE_CURVE('',#3978,(#3983,#3990),.PCURVE_S1.);
#3978 = CIRCLE('',#3979,0.1);
#3979 = AXIS2_PLACEMENT_3D('',#3980,#3981,#3982);
#3980 = CARTESIAN_POINT('',(3.047818124247,1.128110089723,
    19.406348646944));
#3981 = DIRECTION('',(-1.,0.,0.));
#3982 = DIRECTION('',(0.,0.,1.));
#3983 = PCURVE('',#3137,#3984);
#3984 = DEFINITIONAL_REPRESENTATION('',(#3985),#3989);
#3985 = LINE('',#3986,#3987);
#3986 = CARTESIAN_POINT('',(0.,-13.5));
#3987 = VECTOR('',#3988,1.);
#3988 = DIRECTION('',(1.,0.));
#3989 = ( GEOMETRIC_REPRESENTATION_CONTEXT(2) 
PARAMETRIC_REPRESENTATION_CONTEXT() REPRESENTATION_CONTEXT('2D SPACE',''
  ) );
#3990 = PCURVE('',#3055,#3991);
#3991 = DEFINITIONAL_REPRESENTATION('',(#3992),#4018);
#3992 = B_SPLINE_CURVE_WITH_KNOTS('',3,(#3993,#3994,#3995,#3996,#3997,
    #3998,#3999,#4000,#4001,#4002,#4003,#4004,#4005,#4006,#4007,#4008,
    #4009,#4010,#4011,#4012,#4013,#4014,#4015,#4016,#4017),
  .UNSPECIFIED.,.F.,.F.,(4,1,1,1,1,1,1,1,1,1,1,1,1,1,1,1,1,1,1,1,1,1,4),
  (4.712388980385,4.783788813421,4.855188646457,4.926588479493,
    4.997988312529,5.069388145565,5.140787978601,5.212187811638,
    5.283587644674,5.35498747771,5.426387310746,5.497787143782,
    5.569186976818,5.640586809854,5.711986642891,5.783386475927,
    5.854786308963,5.926186141999,5.997585975035,6.068985808071,
    6.140385641107,6.211785474143,6.28318530718),.QUASI_UNIFORM_KNOTS.);
#3993 = CARTESIAN_POINT('',(0.,1.));
#3994 = CARTESIAN_POINT('',(1.682780133704E-02,1.));
#3995 = CARTESIAN_POINT('',(4.999070298879E-02,1.));
#3996 = CARTESIAN_POINT('',(9.842552590404E-02,1.));
#3997 = CARTESIAN_POINT('',(0.145724913075,1.));
#3998 = CARTESIAN_POINT('',(0.192043637223,1.));
#3999 = CARTESIAN_POINT('',(0.237526724423,1.));
#4000 = CARTESIAN_POINT('',(0.282309422539,1.));
#4001 = CARTESIAN_POINT('',(0.326519436214,1.));
#4002 = CARTESIAN_POINT('',(0.370278310591,1.));
#4003 = CARTESIAN_POINT('',(0.413702852292,1.));
#4004 = CARTESIAN_POINT('',(0.456906394885,1.));
#4005 = CARTESIAN_POINT('',(0.5,1.));
#4006 = CARTESIAN_POINT('',(0.543093605115,1.));
#4007 = CARTESIAN_POINT('',(0.586297147708,1.));
#4008 = CARTESIAN_POINT('',(0.629721689409,1.));
#4009 = CARTESIAN_POINT('',(0.673480563786,1.));
#4010 = CARTESIAN_POINT('',(0.717690577461,1.));
#4011 = CARTESIAN_POINT('',(0.762473275577,1.));
#4012 = CARTESIAN_POINT('',(0.807956362777,1.));
#4013 = CARTESIAN_POINT('',(0.854275086925,1.));
#4014 = CARTESIAN_POINT('',(0.901574474096,1.));
#4015 = CARTESIAN_POINT('',(0.950009297011,1.));
#4016 = CARTESIAN_POINT('',(0.983172198663,1.));
#4017 = CARTESIAN_POINT('',(1.,1.));
#4018 = ( GEOMETRIC_REPRESENTATION_CONTEXT(2) 
PARAMETRIC_REPRESENTATION_CONTEXT() REPRESENTATION_CONTEXT('2D SPACE',''
  ) );
#4019 = ORIENTED_EDGE('',*,*,#3443,.T.);
#4020 = ORIENTED_EDGE('',*,*,#3927,.F.);
#4021 = ADVANCED_FACE('',(#4022),#3055,.T.);
#4022 = FACE_BOUND('',#4023,.T.);
#4023 = EDGE_LOOP('',(#4024,#4068,#4069,#4070));
#4024 = ORIENTED_EDGE('',*,*,#4025,.T.);
#4025 = EDGE_CURVE('',#2982,#3468,#4026,.T.);
#4026 = SURFACE_CURVE('',#4027,(#4032,#4061),.PCURVE_S1.);
#4027 = CIRCLE('',#4028,0.1);
#4028 = AXIS2_PLACEMENT_3D('',#4029,#4030,#4031);
#4029 = CARTESIAN_POINT('',(4.447818124247,1.128110089723,
    18.006348646944));
#4030 = DIRECTION('',(6.123233995737E-17,-0.,1.));
#4031 = DIRECTION('',(1.,0.,-6.123233995737E-17));
#4032 = PCURVE('',#3055,#4033);
#4033 = DEFINITIONAL_REPRESENTATION('',(#4034),#4060);
#4034 = B_SPLINE_CURVE_WITH_KNOTS('',3,(#4035,#4036,#4037,#4038,#4039,
    #4040,#4041,#4042,#4043,#4044,#4045,#4046,#4047,#4048,#4049,#4050,
    #4051,#4052,#4053,#4054,#4055,#4056,#4057,#4058,#4059),
  .UNSPECIFIED.,.F.,.F.,(4,1,1,1,1,1,1,1,1,1,1,1,1,1,1,1,1,1,1,1,1,1,4),
  (4.712388980385,4.783788813421,4.855188646457,4.926588479493,
    4.997988312529,5.069388145565,5.140787978601,5.212187811638,
    5.283587644674,5.35498747771,5.426387310746,5.497787143782,
    5.569186976818,5.640586809854,5.711986642891,5.783386475927,
    5.854786308963,5.926186141999,5.997585975035,6.068985808071,
    6.140385641107,6.211785474143,6.28318530718),.QUASI_UNIFORM_KNOTS.);
#4035 = CARTESIAN_POINT('',(0.,0.));
#4036 = CARTESIAN_POINT('',(1.682780133706E-02,0.));
#4037 = CARTESIAN_POINT('',(4.999070298881E-02,0.));
#4038 = CARTESIAN_POINT('',(9.842552590404E-02,0.));
#4039 = CARTESIAN_POINT('',(0.145724913075,0.));
#4040 = CARTESIAN_POINT('',(0.192043637223,0.));
#4041 = CARTESIAN_POINT('',(0.237526724423,0.));
#4042 = CARTESIAN_POINT('',(0.282309422539,0.));
#4043 = CARTESIAN_POINT('',(0.326519436214,0.));
#4044 = CARTESIAN_POINT('',(0.370278310591,0.));
#4045 = CARTESIAN_POINT('',(0.413702852292,0.));
#4046 = CARTESIAN_POINT('',(0.456906394885,0.));
#4047 = CARTESIAN_POINT('',(0.5,0.));
#4048 = CARTESIAN_POINT('',(0.543093605115,0.));
#4049 = CARTESIAN_POINT('',(0.586297147708,0.));
#4050 = CARTESIAN_POINT('',(0.629721689409,0.));
#4051 = CARTESIAN_POINT('',(0.673480563786,0.));
#4052 = CARTESIAN_POINT('',(0.717690577461,0.));
#4053 = CARTESIAN_POINT('',(0.762473275577,0.));
#4054 = CARTESIAN_POINT('',(0.807956362777,0.));
#4055 = CARTESIAN_POINT('',(0.854275086925,0.));
#4056 = CARTESIAN_POINT('',(0.901574474096,0.));
#4057 = CARTESIAN_POINT('',(0.950009297011,0.));
#4058 = CARTESIAN_POINT('',(0.983172198663,-0.));
#4059 = CARTESIAN_POINT('',(1.,0.));
#4060 = ( GEOMETRIC_REPRESENTATION_CONTEXT(2) 
PARAMETRIC_REPRESENTATION_CONTEXT() REPRESENTATION_CONTEXT('2D SPACE',''
  ) );
#4061 = PCURVE('',#2997,#4062);
#4062 = DEFINITIONAL_REPRESENTATION('',(#4063),#4067);
#4063 = LINE('',#4064,#4065);
#4064 = CARTESIAN_POINT('',(8.881784197001E-15,-1.5));
#4065 = VECTOR('',#4066,1.);
#4066 = DIRECTION('',(1.,0.));
#4067 = ( GEOMETRIC_REPRESENTATION_CONTEXT(2) 
PARAMETRIC_REPRESENTATION_CONTEXT() REPRESENTATION_CONTEXT('2D SPACE',''
  ) );
#4068 = ORIENTED_EDGE('',*,*,#3467,.T.);
#4069 = ORIENTED_EDGE('',*,*,#3976,.F.);
#4070 = ORIENTED_EDGE('',*,*,#3009,.F.);
#4071 = ADVANCED_FACE('',(#4072),#2997,.T.);
#4072 = FACE_BOUND('',#4073,.T.);
#4073 = EDGE_LOOP('',(#4074,#4075,#4076,#4077,#4078));
#4074 = ORIENTED_EDGE('',*,*,#4025,.F.);
#4075 = ORIENTED_EDGE('',*,*,#2981,.F.);
#4076 = ORIENTED_EDGE('',*,*,#3778,.T.);
#4077 = ORIENTED_EDGE('',*,*,#3589,.F.);
#4078 = ORIENTED_EDGE('',*,*,#3564,.T.);
#4079 = ( GEOMETRIC_REPRESENTATION_CONTEXT(3) 
GLOBAL_UNCERTAINTY_ASSIGNED_CONTEXT((#4083)) 
GLOBAL_UNIT_ASSIGNED_CONTEXT((#4080,#4081,#4082)) REPRESENTATION_CONTEXT
('Context #1','3D Context with UNIT and UNCERTAINTY') );
#4080 = ( LENGTH_UNIT() NAMED_UNIT(*) SI_UNIT(.MILLI.,.METRE.) );
#4081 = ( NAMED_UNIT(*) PLANE_ANGLE_UNIT() SI_UNIT($,.RADIAN.) );
#4082 = ( NAMED_UNIT(*) SI_UNIT($,.STERADIAN.) SOLID_ANGLE_UNIT() );
#4083 = UNCERTAINTY_MEASURE_WITH_UNIT(LENGTH_MEASURE(1.E-05),#4080,
  'distance_accuracy_value','confusion accuracy');
#4084 = PRODUCT_RELATED_PRODUCT_CATEGORY('part',$,(#7));
ENDSEC;
END-ISO-10303-21;
