ISO-10303-21;
HEADER;
FILE_DESCRIPTION(('Open CASCADE Model'),'2;1');
FILE_NAME('Open CASCADE Shape Model','2026-08-20T21:33:17',('Author'),(
    'Open CASCADE'),'Open CASCADE STEP processor 7.9','Open CASCADE 7.9'
  ,'Unknown');
FILE_SCHEMA(('AUTOMOTIVE_DESIGN { 1 0 10303 214 1 1 1 1 }'));
ENDSEC;
DATA;
#1 = APPLICATION_PROTOCOL_DEFINITION('international standard',
  'automotive_design',2000,#2);
#2 = APPLICATION_CONTEXT(
  'core data for automotive mechanical design processes');
#3 = SHAPE_DEFINITION_REPRESENTATION(#4,#10);
#4 = PRODUCT_DEFINITION_SHAPE('','',#5);
#5 = PRODUCT_DEFINITION('design','',#6,#9);
#6 = PRODUCT_DEFINITION_FORMATION('','',#7);
#7 = PRODUCT('Open CASCADE STEP translator 7.9 6',
  'Open CASCADE STEP translator 7.9 6','',(#8));
#8 = PRODUCT_CONTEXT('',#2,'mechanical');
#9 = PRODUCT_DEFINITION_CONTEXT('part definition',#2,'design');
#10 = ADVANCED_BREP_SHAPE_REPRESENTATION('',(#11,#15),#4009);
#11 = AXIS2_PLACEMENT_3D('',#12,#13,#14);
#12 = CARTESIAN_POINT('',(0.,0.,0.));
#13 = DIRECTION('',(0.,0.,1.));
#14 = DIRECTION('',(1.,0.,-0.));
#15 = MANIFOLD_SOLID_BREP('',#16);
#16 = CLOSED_SHELL('',(#17,#109,#113,#472,#548,#635,#684,#733,#782,#1071
    ,#1120,#1225,#1307,#1334,#1389,#1628,#1717,#1746,#1866,#2052,#2078,
    #2105,#2109,#2114,#2524,#2578,#2988,#3015,#3188,#3361,#3410,#3459,
    #3486,#3513,#3540,#3547,#3596,#3645,#3672,#3721,#3770,#3819,#3846,
    #3895,#3922,#3977,#3984,#3991,#3998,#4005));
#17 = ADVANCED_FACE('',(#18),#32,.F.);
#18 = FACE_BOUND('',#19,.F.);
#19 = EDGE_LOOP('',(#20,#50,#77,#78));
#20 = ORIENTED_EDGE('',*,*,#21,.T.);
#21 = EDGE_CURVE('',#22,#24,#26,.T.);
#22 = VERTEX_POINT('',#23);
#23 = CARTESIAN_POINT('',(-1.,-9.85,1.499999966472));
#24 = VERTEX_POINT('',#25);
#25 = CARTESIAN_POINT('',(-1.,-8.35,1.499999966472));
#26 = SEAM_CURVE('',#27,(#31,#43),.PCURVE_S1.);
#27 = LINE('',#28,#29);
#28 = CARTESIAN_POINT('',(-1.,-8.35,1.499999966472));
#29 = VECTOR('',#30,1.);
#30 = DIRECTION('',(0.,1.,0.));
#31 = PCURVE('',#32,#37);
#32 = CYLINDRICAL_SURFACE('',#33,1.);
#33 = AXIS2_PLACEMENT_3D('',#34,#35,#36);
#34 = CARTESIAN_POINT('',(0.,-8.35,1.499999966472));
#35 = DIRECTION('',(0.,-1.,0.));
#36 = DIRECTION('',(1.,0.,0.));
#37 = DEFINITIONAL_REPRESENTATION('',(#38),#42);
#38 = LINE('',#39,#40);
#39 = CARTESIAN_POINT('',(-3.14159265359,0.));
#40 = VECTOR('',#41,1.);
#41 = DIRECTION('',(0.,-1.));
#42 = ( GEOMETRIC_REPRESENTATION_CONTEXT(2) 
PARAMETRIC_REPRESENTATION_CONTEXT() REPRESENTATION_CONTEXT('2D SPACE',''
  ) );
#43 = PCURVE('',#32,#44);
#44 = DEFINITIONAL_REPRESENTATION('',(#45),#49);
#45 = LINE('',#46,#47);
#46 = CARTESIAN_POINT('',(3.14159265359,0.));
#47 = VECTOR('',#48,1.);
#48 = DIRECTION('',(0.,-1.));
#49 = ( GEOMETRIC_REPRESENTATION_CONTEXT(2) 
PARAMETRIC_REPRESENTATION_CONTEXT() REPRESENTATION_CONTEXT('2D SPACE',''
  ) );
#50 = ORIENTED_EDGE('',*,*,#51,.T.);
#51 = EDGE_CURVE('',#24,#24,#52,.T.);
#52 = SURFACE_CURVE('',#53,(#58,#65),.PCURVE_S1.);
#53 = CIRCLE('',#54,1.);
#54 = AXIS2_PLACEMENT_3D('',#55,#56,#57);
#55 = CARTESIAN_POINT('',(0.,-8.35,1.499999966472));
#56 = DIRECTION('',(0.,-1.,0.));
#57 = DIRECTION('',(1.,0.,0.));
#58 = PCURVE('',#32,#59);
#59 = DEFINITIONAL_REPRESENTATION('',(#60),#64);
#60 = LINE('',#61,#62);
#61 = CARTESIAN_POINT('',(-6.28318530718,0.));
#62 = VECTOR('',#63,1.);
#63 = DIRECTION('',(1.,0.));
#64 = ( GEOMETRIC_REPRESENTATION_CONTEXT(2) 
PARAMETRIC_REPRESENTATION_CONTEXT() REPRESENTATION_CONTEXT('2D SPACE',''
  ) );
#65 = PCURVE('',#66,#71);
#66 = PLANE('',#67);
#67 = AXIS2_PLACEMENT_3D('',#68,#69,#70);
#68 = CARTESIAN_POINT('',(-7.7,-8.35,0.));
#69 = DIRECTION('',(0.,-1.,0.));
#70 = DIRECTION('',(1.,0.,0.));
#71 = DEFINITIONAL_REPRESENTATION('',(#72),#76);
#72 = CIRCLE('',#73,1.);
#73 = AXIS2_PLACEMENT_2D('',#74,#75);
#74 = CARTESIAN_POINT('',(7.7,1.499999966472));
#75 = DIRECTION('',(1.,0.));
#76 = ( GEOMETRIC_REPRESENTATION_CONTEXT(2) 
PARAMETRIC_REPRESENTATION_CONTEXT() REPRESENTATION_CONTEXT('2D SPACE',''
  ) );
#77 = ORIENTED_EDGE('',*,*,#21,.F.);
#78 = ORIENTED_EDGE('',*,*,#79,.T.);
#79 = EDGE_CURVE('',#22,#22,#80,.T.);
#80 = SURFACE_CURVE('',#81,(#86,#93),.PCURVE_S1.);
#81 = CIRCLE('',#82,1.);
#82 = AXIS2_PLACEMENT_3D('',#83,#84,#85);
#83 = CARTESIAN_POINT('',(0.,-9.85,1.499999966472));
#84 = DIRECTION('',(-0.,1.,0.));
#85 = DIRECTION('',(1.,0.,0.));
#86 = PCURVE('',#32,#87);
#87 = DEFINITIONAL_REPRESENTATION('',(#88),#92);
#88 = LINE('',#89,#90);
#89 = CARTESIAN_POINT('',(6.28318530718,1.5));
#90 = VECTOR('',#91,1.);
#91 = DIRECTION('',(-1.,0.));
#92 = ( GEOMETRIC_REPRESENTATION_CONTEXT(2) 
PARAMETRIC_REPRESENTATION_CONTEXT() REPRESENTATION_CONTEXT('2D SPACE',''
  ) );
#93 = PCURVE('',#94,#99);
#94 = PLANE('',#95);
#95 = AXIS2_PLACEMENT_3D('',#96,#97,#98);
#96 = CARTESIAN_POINT('',(0.,-9.85,3.299999983236));
#97 = DIRECTION('',(0.,-1.,0.));
#98 = DIRECTION('',(1.,0.,0.));
#99 = DEFINITIONAL_REPRESENTATION('',(#100),#108);
#100 = ( BOUNDED_CURVE() B_SPLINE_CURVE(2,(#101,#102,#103,#104,#105,#106
,#107),.UNSPECIFIED.,.T.,.F.) B_SPLINE_CURVE_WITH_KNOTS((1,2,2,2,2,1),(
    -2.094395102393,0.,2.094395102393,4.188790204786,6.28318530718,
8.377580409573),.UNSPECIFIED.) CURVE() GEOMETRIC_REPRESENTATION_ITEM() 
RATIONAL_B_SPLINE_CURVE((1.,0.5,1.,0.5,1.,0.5,1.)) REPRESENTATION_ITEM(
  '') );
#101 = CARTESIAN_POINT('',(1.,-1.800000016764));
#102 = CARTESIAN_POINT('',(1.,-3.532050824333));
#103 = CARTESIAN_POINT('',(-0.5,-2.666025420548));
#104 = CARTESIAN_POINT('',(-2.,-1.800000016764));
#105 = CARTESIAN_POINT('',(-0.5,-0.933974612979));
#106 = CARTESIAN_POINT('',(1.,-6.794920919492E-02));
#107 = CARTESIAN_POINT('',(1.,-1.800000016764));
#108 = ( GEOMETRIC_REPRESENTATION_CONTEXT(2) 
PARAMETRIC_REPRESENTATION_CONTEXT() REPRESENTATION_CONTEXT('2D SPACE',''
  ) );
#109 = ADVANCED_FACE('',(#110),#66,.T.);
#110 = FACE_BOUND('',#111,.T.);
#111 = EDGE_LOOP('',(#112));
#112 = ORIENTED_EDGE('',*,*,#51,.T.);
#113 = ADVANCED_FACE('',(#114,#399,#434,#469),#94,.T.);
#114 = FACE_BOUND('',#115,.T.);
#115 = EDGE_LOOP('',(#116,#146,#175,#203,#231,#259,#288,#316,#344,#373)
  );
#116 = ORIENTED_EDGE('',*,*,#117,.T.);
#117 = EDGE_CURVE('',#118,#120,#122,.T.);
#118 = VERTEX_POINT('',#119);
#119 = CARTESIAN_POINT('',(7.,-9.85,1.7));
#120 = VERTEX_POINT('',#121);
#121 = CARTESIAN_POINT('',(7.,-9.85,4.6));
#122 = SURFACE_CURVE('',#123,(#127,#134),.PCURVE_S1.);
#123 = LINE('',#124,#125);
#124 = CARTESIAN_POINT('',(7.,-9.85,1.7));
#125 = VECTOR('',#126,1.);
#126 = DIRECTION('',(0.,0.,1.));
#127 = PCURVE('',#94,#128);
#128 = DEFINITIONAL_REPRESENTATION('',(#129),#133);
#129 = LINE('',#130,#131);
#130 = CARTESIAN_POINT('',(7.,-1.599999983236));
#131 = VECTOR('',#132,1.);
#132 = DIRECTION('',(0.,1.));
#133 = ( GEOMETRIC_REPRESENTATION_CONTEXT(2) 
PARAMETRIC_REPRESENTATION_CONTEXT() REPRESENTATION_CONTEXT('2D SPACE',''
  ) );
#134 = PCURVE('',#135,#140);
#135 = PLANE('',#136);
#136 = AXIS2_PLACEMENT_3D('',#137,#138,#139);
#137 = CARTESIAN_POINT('',(7.,-8.35,1.7));
#138 = DIRECTION('',(1.,0.,0.));
#139 = DIRECTION('',(0.,0.,1.));
#140 = DEFINITIONAL_REPRESENTATION('',(#141),#145);
#141 = LINE('',#142,#143);
#142 = CARTESIAN_POINT('',(0.,1.5));
#143 = VECTOR('',#144,1.);
#144 = DIRECTION('',(1.,0.));
#145 = ( GEOMETRIC_REPRESENTATION_CONTEXT(2) 
PARAMETRIC_REPRESENTATION_CONTEXT() REPRESENTATION_CONTEXT('2D SPACE',''
  ) );
#146 = ORIENTED_EDGE('',*,*,#147,.T.);
#147 = EDGE_CURVE('',#120,#148,#150,.T.);
#148 = VERTEX_POINT('',#149);
#149 = CARTESIAN_POINT('',(3.,-9.85,4.6));
#150 = SURFACE_CURVE('',#151,(#156,#163),.PCURVE_S1.);
#151 = CIRCLE('',#152,2.);
#152 = AXIS2_PLACEMENT_3D('',#153,#154,#155);
#153 = CARTESIAN_POINT('',(5.,-9.85,4.6));
#154 = DIRECTION('',(0.,-1.,0.));
#155 = DIRECTION('',(1.,0.,0.));
#156 = PCURVE('',#94,#157);
#157 = DEFINITIONAL_REPRESENTATION('',(#158),#162);
#158 = CIRCLE('',#159,2.);
#159 = AXIS2_PLACEMENT_2D('',#160,#161);
#160 = CARTESIAN_POINT('',(5.,1.300000016764));
#161 = DIRECTION('',(1.,0.));
#162 = ( GEOMETRIC_REPRESENTATION_CONTEXT(2) 
PARAMETRIC_REPRESENTATION_CONTEXT() REPRESENTATION_CONTEXT('2D SPACE',''
  ) );
#163 = PCURVE('',#164,#169);
#164 = CYLINDRICAL_SURFACE('',#165,2.);
#165 = AXIS2_PLACEMENT_3D('',#166,#167,#168);
#166 = CARTESIAN_POINT('',(5.,-8.35,4.6));
#167 = DIRECTION('',(0.,-1.,0.));
#168 = DIRECTION('',(1.,0.,0.));
#169 = DEFINITIONAL_REPRESENTATION('',(#170),#174);
#170 = LINE('',#171,#172);
#171 = CARTESIAN_POINT('',(0.,1.5));
#172 = VECTOR('',#173,1.);
#173 = DIRECTION('',(1.,0.));
#174 = ( GEOMETRIC_REPRESENTATION_CONTEXT(2) 
PARAMETRIC_REPRESENTATION_CONTEXT() REPRESENTATION_CONTEXT('2D SPACE',''
  ) );
#175 = ORIENTED_EDGE('',*,*,#176,.T.);
#176 = EDGE_CURVE('',#148,#177,#179,.T.);
#177 = VERTEX_POINT('',#178);
#178 = CARTESIAN_POINT('',(3.,-9.85,4.15));
#179 = SURFACE_CURVE('',#180,(#184,#191),.PCURVE_S1.);
#180 = LINE('',#181,#182);
#181 = CARTESIAN_POINT('',(3.,-9.85,4.6));
#182 = VECTOR('',#183,1.);
#183 = DIRECTION('',(0.,0.,-1.));
#184 = PCURVE('',#94,#185);
#185 = DEFINITIONAL_REPRESENTATION('',(#186),#190);
#186 = LINE('',#187,#188);
#187 = CARTESIAN_POINT('',(3.,1.300000016764));
#188 = VECTOR('',#189,1.);
#189 = DIRECTION('',(0.,-1.));
#190 = ( GEOMETRIC_REPRESENTATION_CONTEXT(2) 
PARAMETRIC_REPRESENTATION_CONTEXT() REPRESENTATION_CONTEXT('2D SPACE',''
  ) );
#191 = PCURVE('',#192,#197);
#192 = PLANE('',#193);
#193 = AXIS2_PLACEMENT_3D('',#194,#195,#196);
#194 = CARTESIAN_POINT('',(3.,-8.35,4.6));
#195 = DIRECTION('',(-1.,0.,0.));
#196 = DIRECTION('',(0.,0.,-1.));
#197 = DEFINITIONAL_REPRESENTATION('',(#198),#202);
#198 = LINE('',#199,#200);
#199 = CARTESIAN_POINT('',(0.,1.5));
#200 = VECTOR('',#201,1.);
#201 = DIRECTION('',(1.,0.));
#202 = ( GEOMETRIC_REPRESENTATION_CONTEXT(2) 
PARAMETRIC_REPRESENTATION_CONTEXT() REPRESENTATION_CONTEXT('2D SPACE',''
  ) );
#203 = ORIENTED_EDGE('',*,*,#204,.T.);
#204 = EDGE_CURVE('',#177,#205,#207,.T.);
#205 = VERTEX_POINT('',#206);
#206 = CARTESIAN_POINT('',(-3.,-9.85,4.15));
#207 = SURFACE_CURVE('',#208,(#212,#219),.PCURVE_S1.);
#208 = LINE('',#209,#210);
#209 = CARTESIAN_POINT('',(0.,-9.85,4.15));
#210 = VECTOR('',#211,1.);
#211 = DIRECTION('',(-1.,0.,0.));
#212 = PCURVE('',#94,#213);
#213 = DEFINITIONAL_REPRESENTATION('',(#214),#218);
#214 = LINE('',#215,#216);
#215 = CARTESIAN_POINT('',(0.,0.850000016764));
#216 = VECTOR('',#217,1.);
#217 = DIRECTION('',(-1.,0.));
#218 = ( GEOMETRIC_REPRESENTATION_CONTEXT(2) 
PARAMETRIC_REPRESENTATION_CONTEXT() REPRESENTATION_CONTEXT('2D SPACE',''
  ) );
#219 = PCURVE('',#220,#225);
#220 = PLANE('',#221);
#221 = AXIS2_PLACEMENT_3D('',#222,#223,#224);
#222 = CARTESIAN_POINT('',(3.,-8.35,4.15));
#223 = DIRECTION('',(0.,0.,1.));
#224 = DIRECTION('',(-1.,0.,0.));
#225 = DEFINITIONAL_REPRESENTATION('',(#226),#230);
#226 = LINE('',#227,#228);
#227 = CARTESIAN_POINT('',(3.,1.5));
#228 = VECTOR('',#229,1.);
#229 = DIRECTION('',(1.,0.));
#230 = ( GEOMETRIC_REPRESENTATION_CONTEXT(2) 
PARAMETRIC_REPRESENTATION_CONTEXT() REPRESENTATION_CONTEXT('2D SPACE',''
  ) );
#231 = ORIENTED_EDGE('',*,*,#232,.T.);
#232 = EDGE_CURVE('',#205,#233,#235,.T.);
#233 = VERTEX_POINT('',#234);
#234 = CARTESIAN_POINT('',(-3.,-9.85,4.6));
#235 = SURFACE_CURVE('',#236,(#240,#247),.PCURVE_S1.);
#236 = LINE('',#237,#238);
#237 = CARTESIAN_POINT('',(-3.,-9.85,4.6));
#238 = VECTOR('',#239,1.);
#239 = DIRECTION('',(0.,0.,1.));
#240 = PCURVE('',#94,#241);
#241 = DEFINITIONAL_REPRESENTATION('',(#242),#246);
#242 = LINE('',#243,#244);
#243 = CARTESIAN_POINT('',(-3.,1.300000016764));
#244 = VECTOR('',#245,1.);
#245 = DIRECTION('',(0.,1.));
#246 = ( GEOMETRIC_REPRESENTATION_CONTEXT(2) 
PARAMETRIC_REPRESENTATION_CONTEXT() REPRESENTATION_CONTEXT('2D SPACE',''
  ) );
#247 = PCURVE('',#248,#253);
#248 = PLANE('',#249);
#249 = AXIS2_PLACEMENT_3D('',#250,#251,#252);
#250 = CARTESIAN_POINT('',(-3.,-8.35,4.15));
#251 = DIRECTION('',(1.,0.,0.));
#252 = DIRECTION('',(0.,0.,1.));
#253 = DEFINITIONAL_REPRESENTATION('',(#254),#258);
#254 = LINE('',#255,#256);
#255 = CARTESIAN_POINT('',(0.45,1.5));
#256 = VECTOR('',#257,1.);
#257 = DIRECTION('',(1.,0.));
#258 = ( GEOMETRIC_REPRESENTATION_CONTEXT(2) 
PARAMETRIC_REPRESENTATION_CONTEXT() REPRESENTATION_CONTEXT('2D SPACE',''
  ) );
#259 = ORIENTED_EDGE('',*,*,#260,.T.);
#260 = EDGE_CURVE('',#233,#261,#263,.T.);
#261 = VERTEX_POINT('',#262);
#262 = CARTESIAN_POINT('',(-7.,-9.85,4.6));
#263 = SURFACE_CURVE('',#264,(#269,#276),.PCURVE_S1.);
#264 = CIRCLE('',#265,2.);
#265 = AXIS2_PLACEMENT_3D('',#266,#267,#268);
#266 = CARTESIAN_POINT('',(-5.,-9.85,4.6));
#267 = DIRECTION('',(0.,-1.,0.));
#268 = DIRECTION('',(1.,0.,0.));
#269 = PCURVE('',#94,#270);
#270 = DEFINITIONAL_REPRESENTATION('',(#271),#275);
#271 = CIRCLE('',#272,2.);
#272 = AXIS2_PLACEMENT_2D('',#273,#274);
#273 = CARTESIAN_POINT('',(-5.,1.300000016764));
#274 = DIRECTION('',(1.,0.));
#275 = ( GEOMETRIC_REPRESENTATION_CONTEXT(2) 
PARAMETRIC_REPRESENTATION_CONTEXT() REPRESENTATION_CONTEXT('2D SPACE',''
  ) );
#276 = PCURVE('',#277,#282);
#277 = CYLINDRICAL_SURFACE('',#278,2.);
#278 = AXIS2_PLACEMENT_3D('',#279,#280,#281);
#279 = CARTESIAN_POINT('',(-5.,-8.35,4.6));
#280 = DIRECTION('',(0.,-1.,0.));
#281 = DIRECTION('',(1.,0.,0.));
#282 = DEFINITIONAL_REPRESENTATION('',(#283),#287);
#283 = LINE('',#284,#285);
#284 = CARTESIAN_POINT('',(0.,1.5));
#285 = VECTOR('',#286,1.);
#286 = DIRECTION('',(1.,0.));
#287 = ( GEOMETRIC_REPRESENTATION_CONTEXT(2) 
PARAMETRIC_REPRESENTATION_CONTEXT() REPRESENTATION_CONTEXT('2D SPACE',''
  ) );
#288 = ORIENTED_EDGE('',*,*,#289,.T.);
#289 = EDGE_CURVE('',#261,#290,#292,.T.);
#290 = VERTEX_POINT('',#291);
#291 = CARTESIAN_POINT('',(-7.,-9.85,1.7));
#292 = SURFACE_CURVE('',#293,(#297,#304),.PCURVE_S1.);
#293 = LINE('',#294,#295);
#294 = CARTESIAN_POINT('',(-7.,-9.85,1.7));
#295 = VECTOR('',#296,1.);
#296 = DIRECTION('',(0.,0.,-1.));
#297 = PCURVE('',#94,#298);
#298 = DEFINITIONAL_REPRESENTATION('',(#299),#303);
#299 = LINE('',#300,#301);
#300 = CARTESIAN_POINT('',(-7.,-1.599999983236));
#301 = VECTOR('',#302,1.);
#302 = DIRECTION('',(0.,-1.));
#303 = ( GEOMETRIC_REPRESENTATION_CONTEXT(2) 
PARAMETRIC_REPRESENTATION_CONTEXT() REPRESENTATION_CONTEXT('2D SPACE',''
  ) );
#304 = PCURVE('',#305,#310);
#305 = PLANE('',#306);
#306 = AXIS2_PLACEMENT_3D('',#307,#308,#309);
#307 = CARTESIAN_POINT('',(-7.,-8.35,4.6));
#308 = DIRECTION('',(-1.,0.,0.));
#309 = DIRECTION('',(0.,0.,-1.));
#310 = DEFINITIONAL_REPRESENTATION('',(#311),#315);
#311 = LINE('',#312,#313);
#312 = CARTESIAN_POINT('',(2.9,1.5));
#313 = VECTOR('',#314,1.);
#314 = DIRECTION('',(1.,0.));
#315 = ( GEOMETRIC_REPRESENTATION_CONTEXT(2) 
PARAMETRIC_REPRESENTATION_CONTEXT() REPRESENTATION_CONTEXT('2D SPACE',''
  ) );
#316 = ORIENTED_EDGE('',*,*,#317,.T.);
#317 = EDGE_CURVE('',#290,#318,#320,.T.);
#318 = VERTEX_POINT('',#319);
#319 = CARTESIAN_POINT('',(-1.486606870221,-9.85,1.7));
#320 = SURFACE_CURVE('',#321,(#325,#332),.PCURVE_S1.);
#321 = LINE('',#322,#323);
#322 = CARTESIAN_POINT('',(-3.,-9.85,1.7));
#323 = VECTOR('',#324,1.);
#324 = DIRECTION('',(1.,0.,0.));
#325 = PCURVE('',#94,#326);
#326 = DEFINITIONAL_REPRESENTATION('',(#327),#331);
#327 = LINE('',#328,#329);
#328 = CARTESIAN_POINT('',(-3.,-1.599999983236));
#329 = VECTOR('',#330,1.);
#330 = DIRECTION('',(1.,0.));
#331 = ( GEOMETRIC_REPRESENTATION_CONTEXT(2) 
PARAMETRIC_REPRESENTATION_CONTEXT() REPRESENTATION_CONTEXT('2D SPACE',''
  ) );
#332 = PCURVE('',#333,#338);
#333 = PLANE('',#334);
#334 = AXIS2_PLACEMENT_3D('',#335,#336,#337);
#335 = CARTESIAN_POINT('',(-7.,-8.35,1.7));
#336 = DIRECTION('',(0.,0.,-1.));
#337 = DIRECTION('',(1.,0.,0.));
#338 = DEFINITIONAL_REPRESENTATION('',(#339),#343);
#339 = LINE('',#340,#341);
#340 = CARTESIAN_POINT('',(4.,1.5));
#341 = VECTOR('',#342,1.);
#342 = DIRECTION('',(1.,0.));
#343 = ( GEOMETRIC_REPRESENTATION_CONTEXT(2) 
PARAMETRIC_REPRESENTATION_CONTEXT() REPRESENTATION_CONTEXT('2D SPACE',''
  ) );
#344 = ORIENTED_EDGE('',*,*,#345,.T.);
#345 = EDGE_CURVE('',#318,#346,#348,.T.);
#346 = VERTEX_POINT('',#347);
#347 = CARTESIAN_POINT('',(1.486606870221,-9.85,1.7));
#348 = SURFACE_CURVE('',#349,(#354,#361),.PCURVE_S1.);
#349 = CIRCLE('',#350,1.5);
#350 = AXIS2_PLACEMENT_3D('',#351,#352,#353);
#351 = CARTESIAN_POINT('',(0.,-9.85,1.499999966472));
#352 = DIRECTION('',(0.,-1.,0.));
#353 = DIRECTION('',(1.,0.,0.));
#354 = PCURVE('',#94,#355);
#355 = DEFINITIONAL_REPRESENTATION('',(#356),#360);
#356 = CIRCLE('',#357,1.5);
#357 = AXIS2_PLACEMENT_2D('',#358,#359);
#358 = CARTESIAN_POINT('',(0.,-1.800000016764));
#359 = DIRECTION('',(1.,0.));
#360 = ( GEOMETRIC_REPRESENTATION_CONTEXT(2) 
PARAMETRIC_REPRESENTATION_CONTEXT() REPRESENTATION_CONTEXT('2D SPACE',''
  ) );
#361 = PCURVE('',#362,#367);
#362 = CYLINDRICAL_SURFACE('',#363,1.5);
#363 = AXIS2_PLACEMENT_3D('',#364,#365,#366);
#364 = CARTESIAN_POINT('',(0.,-8.35,1.499999966472));
#365 = DIRECTION('',(0.,-1.,0.));
#366 = DIRECTION('',(-1.836970198721E-16,-0.,-1.));
#367 = DEFINITIONAL_REPRESENTATION('',(#368),#372);
#368 = LINE('',#369,#370);
#369 = CARTESIAN_POINT('',(-4.712388980385,1.5));
#370 = VECTOR('',#371,1.);
#371 = DIRECTION('',(1.,0.));
#372 = ( GEOMETRIC_REPRESENTATION_CONTEXT(2) 
PARAMETRIC_REPRESENTATION_CONTEXT() REPRESENTATION_CONTEXT('2D SPACE',''
  ) );
#373 = ORIENTED_EDGE('',*,*,#374,.T.);
#374 = EDGE_CURVE('',#346,#118,#375,.T.);
#375 = SURFACE_CURVE('',#376,(#380,#387),.PCURVE_S1.);
#376 = LINE('',#377,#378);
#377 = CARTESIAN_POINT('',(3.,-9.85,1.7));
#378 = VECTOR('',#379,1.);
#379 = DIRECTION('',(1.,0.,0.));
#380 = PCURVE('',#94,#381);
#381 = DEFINITIONAL_REPRESENTATION('',(#382),#386);
#382 = LINE('',#383,#384);
#383 = CARTESIAN_POINT('',(3.,-1.599999983236));
#384 = VECTOR('',#385,1.);
#385 = DIRECTION('',(1.,0.));
#386 = ( GEOMETRIC_REPRESENTATION_CONTEXT(2) 
PARAMETRIC_REPRESENTATION_CONTEXT() REPRESENTATION_CONTEXT('2D SPACE',''
  ) );
#387 = PCURVE('',#388,#393);
#388 = PLANE('',#389);
#389 = AXIS2_PLACEMENT_3D('',#390,#391,#392);
#390 = CARTESIAN_POINT('',(1.486606870221,-8.35,1.7));
#391 = DIRECTION('',(0.,0.,-1.));
#392 = DIRECTION('',(1.,0.,0.));
#393 = DEFINITIONAL_REPRESENTATION('',(#394),#398);
#394 = LINE('',#395,#396);
#395 = CARTESIAN_POINT('',(1.513393129779,1.5));
#396 = VECTOR('',#397,1.);
#397 = DIRECTION('',(1.,0.));
#398 = ( GEOMETRIC_REPRESENTATION_CONTEXT(2) 
PARAMETRIC_REPRESENTATION_CONTEXT() REPRESENTATION_CONTEXT('2D SPACE',''
  ) );
#399 = FACE_BOUND('',#400,.T.);
#400 = EDGE_LOOP('',(#401));
#401 = ORIENTED_EDGE('',*,*,#402,.T.);
#402 = EDGE_CURVE('',#403,#403,#405,.T.);
#403 = VERTEX_POINT('',#404);
#404 = CARTESIAN_POINT('',(4.,-9.85,4.6));
#405 = SURFACE_CURVE('',#406,(#411,#422),.PCURVE_S1.);
#406 = CIRCLE('',#407,1.);
#407 = AXIS2_PLACEMENT_3D('',#408,#409,#410);
#408 = CARTESIAN_POINT('',(5.,-9.85,4.6));
#409 = DIRECTION('',(-0.,1.,0.));
#410 = DIRECTION('',(1.,0.,0.));
#411 = PCURVE('',#94,#412);
#412 = DEFINITIONAL_REPRESENTATION('',(#413),#421);
#413 = ( BOUNDED_CURVE() B_SPLINE_CURVE(2,(#414,#415,#416,#417,#418,#419
,#420),.UNSPECIFIED.,.T.,.F.) B_SPLINE_CURVE_WITH_KNOTS((1,2,2,2,2,1),(
    -2.094395102393,0.,2.094395102393,4.188790204786,6.28318530718,
8.377580409573),.UNSPECIFIED.) CURVE() GEOMETRIC_REPRESENTATION_ITEM() 
RATIONAL_B_SPLINE_CURVE((1.,0.5,1.,0.5,1.,0.5,1.)) REPRESENTATION_ITEM(
  '') );
#414 = CARTESIAN_POINT('',(6.,1.300000016764));
#415 = CARTESIAN_POINT('',(6.,-0.432050790805));
#416 = CARTESIAN_POINT('',(4.5,0.433974612979));
#417 = CARTESIAN_POINT('',(3.,1.300000016764));
#418 = CARTESIAN_POINT('',(4.5,2.166025420548));
#419 = CARTESIAN_POINT('',(6.,3.032050824333));
#420 = CARTESIAN_POINT('',(6.,1.300000016764));
#421 = ( GEOMETRIC_REPRESENTATION_CONTEXT(2) 
PARAMETRIC_REPRESENTATION_CONTEXT() REPRESENTATION_CONTEXT('2D SPACE',''
  ) );
#422 = PCURVE('',#423,#428);
#423 = CYLINDRICAL_SURFACE('',#424,1.);
#424 = AXIS2_PLACEMENT_3D('',#425,#426,#427);
#425 = CARTESIAN_POINT('',(5.,-8.35,4.6));
#426 = DIRECTION('',(0.,-1.,0.));
#427 = DIRECTION('',(1.,0.,0.));
#428 = DEFINITIONAL_REPRESENTATION('',(#429),#433);
#429 = LINE('',#430,#431);
#430 = CARTESIAN_POINT('',(6.28318530718,1.5));
#431 = VECTOR('',#432,1.);
#432 = DIRECTION('',(-1.,0.));
#433 = ( GEOMETRIC_REPRESENTATION_CONTEXT(2) 
PARAMETRIC_REPRESENTATION_CONTEXT() REPRESENTATION_CONTEXT('2D SPACE',''
  ) );
#434 = FACE_BOUND('',#435,.T.);
#435 = EDGE_LOOP('',(#436));
#436 = ORIENTED_EDGE('',*,*,#437,.T.);
#437 = EDGE_CURVE('',#438,#438,#440,.T.);
#438 = VERTEX_POINT('',#439);
#439 = CARTESIAN_POINT('',(-6.,-9.85,4.6));
#440 = SURFACE_CURVE('',#441,(#446,#457),.PCURVE_S1.);
#441 = CIRCLE('',#442,1.);
#442 = AXIS2_PLACEMENT_3D('',#443,#444,#445);
#443 = CARTESIAN_POINT('',(-5.,-9.85,4.6));
#444 = DIRECTION('',(-0.,1.,0.));
#445 = DIRECTION('',(1.,0.,0.));
#446 = PCURVE('',#94,#447);
#447 = DEFINITIONAL_REPRESENTATION('',(#448),#456);
#448 = ( BOUNDED_CURVE() B_SPLINE_CURVE(2,(#449,#450,#451,#452,#453,#454
,#455),.UNSPECIFIED.,.T.,.F.) B_SPLINE_CURVE_WITH_KNOTS((1,2,2,2,2,1),(
    -2.094395102393,0.,2.094395102393,4.188790204786,6.28318530718,
8.377580409573),.UNSPECIFIED.) CURVE() GEOMETRIC_REPRESENTATION_ITEM() 
RATIONAL_B_SPLINE_CURVE((1.,0.5,1.,0.5,1.,0.5,1.)) REPRESENTATION_ITEM(
  '') );
#449 = CARTESIAN_POINT('',(-4.,1.300000016764));
#450 = CARTESIAN_POINT('',(-4.,-0.432050790805));
#451 = CARTESIAN_POINT('',(-5.5,0.433974612979));
#452 = CARTESIAN_POINT('',(-7.,1.300000016764));
#453 = CARTESIAN_POINT('',(-5.5,2.166025420548));
#454 = CARTESIAN_POINT('',(-4.,3.032050824333));
#455 = CARTESIAN_POINT('',(-4.,1.300000016764));
#456 = ( GEOMETRIC_REPRESENTATION_CONTEXT(2) 
PARAMETRIC_REPRESENTATION_CONTEXT() REPRESENTATION_CONTEXT('2D SPACE',''
  ) );
#457 = PCURVE('',#458,#463);
#458 = CYLINDRICAL_SURFACE('',#459,1.);
#459 = AXIS2_PLACEMENT_3D('',#460,#461,#462);
#460 = CARTESIAN_POINT('',(-5.,-8.35,4.6));
#461 = DIRECTION('',(0.,-1.,0.));
#462 = DIRECTION('',(1.,0.,0.));
#463 = DEFINITIONAL_REPRESENTATION('',(#464),#468);
#464 = LINE('',#465,#466);
#465 = CARTESIAN_POINT('',(6.28318530718,1.5));
#466 = VECTOR('',#467,1.);
#467 = DIRECTION('',(-1.,0.));
#468 = ( GEOMETRIC_REPRESENTATION_CONTEXT(2) 
PARAMETRIC_REPRESENTATION_CONTEXT() REPRESENTATION_CONTEXT('2D SPACE',''
  ) );
#469 = FACE_BOUND('',#470,.T.);
#470 = EDGE_LOOP('',(#471));
#471 = ORIENTED_EDGE('',*,*,#79,.T.);
#472 = ADVANCED_FACE('',(#473),#135,.T.);
#473 = FACE_BOUND('',#474,.T.);
#474 = EDGE_LOOP('',(#475,#505,#526,#527));
#475 = ORIENTED_EDGE('',*,*,#476,.F.);
#476 = EDGE_CURVE('',#477,#479,#481,.T.);
#477 = VERTEX_POINT('',#478);
#478 = CARTESIAN_POINT('',(7.,-8.35,4.6));
#479 = VERTEX_POINT('',#480);
#480 = CARTESIAN_POINT('',(7.,-8.35,1.7));
#481 = SURFACE_CURVE('',#482,(#486,#493),.PCURVE_S1.);
#482 = LINE('',#483,#484);
#483 = CARTESIAN_POINT('',(7.,-8.35,0.85));
#484 = VECTOR('',#485,1.);
#485 = DIRECTION('',(0.,0.,-1.));
#486 = PCURVE('',#135,#487);
#487 = DEFINITIONAL_REPRESENTATION('',(#488),#492);
#488 = LINE('',#489,#490);
#489 = CARTESIAN_POINT('',(-0.85,0.));
#490 = VECTOR('',#491,1.);
#491 = DIRECTION('',(-1.,0.));
#492 = ( GEOMETRIC_REPRESENTATION_CONTEXT(2) 
PARAMETRIC_REPRESENTATION_CONTEXT() REPRESENTATION_CONTEXT('2D SPACE',''
  ) );
#493 = PCURVE('',#494,#499);
#494 = PLANE('',#495);
#495 = AXIS2_PLACEMENT_3D('',#496,#497,#498);
#496 = CARTESIAN_POINT('',(-7.7,-8.35,0.));
#497 = DIRECTION('',(0.,-1.,0.));
#498 = DIRECTION('',(1.,0.,0.));
#499 = DEFINITIONAL_REPRESENTATION('',(#500),#504);
#500 = LINE('',#501,#502);
#501 = CARTESIAN_POINT('',(14.7,0.85));
#502 = VECTOR('',#503,1.);
#503 = DIRECTION('',(0.,-1.));
#504 = ( GEOMETRIC_REPRESENTATION_CONTEXT(2) 
PARAMETRIC_REPRESENTATION_CONTEXT() REPRESENTATION_CONTEXT('2D SPACE',''
  ) );
#505 = ORIENTED_EDGE('',*,*,#506,.T.);
#506 = EDGE_CURVE('',#477,#120,#507,.T.);
#507 = SURFACE_CURVE('',#508,(#512,#519),.PCURVE_S1.);
#508 = LINE('',#509,#510);
#509 = CARTESIAN_POINT('',(7.,-8.35,4.6));
#510 = VECTOR('',#511,1.);
#511 = DIRECTION('',(0.,-1.,0.));
#512 = PCURVE('',#135,#513);
#513 = DEFINITIONAL_REPRESENTATION('',(#514),#518);
#514 = LINE('',#515,#516);
#515 = CARTESIAN_POINT('',(2.9,0.));
#516 = VECTOR('',#517,1.);
#517 = DIRECTION('',(0.,1.));
#518 = ( GEOMETRIC_REPRESENTATION_CONTEXT(2) 
PARAMETRIC_REPRESENTATION_CONTEXT() REPRESENTATION_CONTEXT('2D SPACE',''
  ) );
#519 = PCURVE('',#164,#520);
#520 = DEFINITIONAL_REPRESENTATION('',(#521),#525);
#521 = LINE('',#522,#523);
#522 = CARTESIAN_POINT('',(0.,0.));
#523 = VECTOR('',#524,1.);
#524 = DIRECTION('',(0.,1.));
#525 = ( GEOMETRIC_REPRESENTATION_CONTEXT(2) 
PARAMETRIC_REPRESENTATION_CONTEXT() REPRESENTATION_CONTEXT('2D SPACE',''
  ) );
#526 = ORIENTED_EDGE('',*,*,#117,.F.);
#527 = ORIENTED_EDGE('',*,*,#528,.F.);
#528 = EDGE_CURVE('',#479,#118,#529,.T.);
#529 = SURFACE_CURVE('',#530,(#534,#541),.PCURVE_S1.);
#530 = LINE('',#531,#532);
#531 = CARTESIAN_POINT('',(7.,-8.35,1.7));
#532 = VECTOR('',#533,1.);
#533 = DIRECTION('',(0.,-1.,0.));
#534 = PCURVE('',#135,#535);
#535 = DEFINITIONAL_REPRESENTATION('',(#536),#540);
#536 = LINE('',#537,#538);
#537 = CARTESIAN_POINT('',(0.,0.));
#538 = VECTOR('',#539,1.);
#539 = DIRECTION('',(0.,1.));
#540 = ( GEOMETRIC_REPRESENTATION_CONTEXT(2) 
PARAMETRIC_REPRESENTATION_CONTEXT() REPRESENTATION_CONTEXT('2D SPACE',''
  ) );
#541 = PCURVE('',#388,#542);
#542 = DEFINITIONAL_REPRESENTATION('',(#543),#547);
#543 = LINE('',#544,#545);
#544 = CARTESIAN_POINT('',(5.513393129779,0.));
#545 = VECTOR('',#546,1.);
#546 = DIRECTION('',(0.,1.));
#547 = ( GEOMETRIC_REPRESENTATION_CONTEXT(2) 
PARAMETRIC_REPRESENTATION_CONTEXT() REPRESENTATION_CONTEXT('2D SPACE',''
  ) );
#548 = ADVANCED_FACE('',(#549),#164,.T.);
#549 = FACE_BOUND('',#550,.T.);
#550 = EDGE_LOOP('',(#551,#579,#612,#633,#634));
#551 = ORIENTED_EDGE('',*,*,#552,.F.);
#552 = EDGE_CURVE('',#553,#477,#555,.T.);
#553 = VERTEX_POINT('',#554);
#554 = CARTESIAN_POINT('',(5.,-8.35,6.6));
#555 = SURFACE_CURVE('',#556,(#561,#568),.PCURVE_S1.);
#556 = CIRCLE('',#557,2.);
#557 = AXIS2_PLACEMENT_3D('',#558,#559,#560);
#558 = CARTESIAN_POINT('',(5.,-8.35,4.6));
#559 = DIRECTION('',(-0.,1.,0.));
#560 = DIRECTION('',(1.,0.,0.));
#561 = PCURVE('',#164,#562);
#562 = DEFINITIONAL_REPRESENTATION('',(#563),#567);
#563 = LINE('',#564,#565);
#564 = CARTESIAN_POINT('',(6.28318530718,0.));
#565 = VECTOR('',#566,1.);
#566 = DIRECTION('',(-1.,0.));
#567 = ( GEOMETRIC_REPRESENTATION_CONTEXT(2) 
PARAMETRIC_REPRESENTATION_CONTEXT() REPRESENTATION_CONTEXT('2D SPACE',''
  ) );
#568 = PCURVE('',#494,#569);
#569 = DEFINITIONAL_REPRESENTATION('',(#570),#578);
#570 = ( BOUNDED_CURVE() B_SPLINE_CURVE(2,(#571,#572,#573,#574,#575,#576
,#577),.UNSPECIFIED.,.T.,.F.) B_SPLINE_CURVE_WITH_KNOTS((1,2,2,2,2,1),(
    -2.094395102393,0.,2.094395102393,4.188790204786,6.28318530718,
8.377580409573),.UNSPECIFIED.) CURVE() GEOMETRIC_REPRESENTATION_ITEM() 
RATIONAL_B_SPLINE_CURVE((1.,0.5,1.,0.5,1.,0.5,1.)) REPRESENTATION_ITEM(
  '') );
#571 = CARTESIAN_POINT('',(14.7,4.6));
#572 = CARTESIAN_POINT('',(14.7,1.135898384862));
#573 = CARTESIAN_POINT('',(11.7,2.867949192431));
#574 = CARTESIAN_POINT('',(8.7,4.6));
#575 = CARTESIAN_POINT('',(11.7,6.332050807569));
#576 = CARTESIAN_POINT('',(14.7,8.064101615138));
#577 = CARTESIAN_POINT('',(14.7,4.6));
#578 = ( GEOMETRIC_REPRESENTATION_CONTEXT(2) 
PARAMETRIC_REPRESENTATION_CONTEXT() REPRESENTATION_CONTEXT('2D SPACE',''
  ) );
#579 = ORIENTED_EDGE('',*,*,#580,.F.);
#580 = EDGE_CURVE('',#581,#553,#583,.T.);
#581 = VERTEX_POINT('',#582);
#582 = CARTESIAN_POINT('',(3.,-8.35,4.6));
#583 = SURFACE_CURVE('',#584,(#589,#596),.PCURVE_S1.);
#584 = CIRCLE('',#585,2.);
#585 = AXIS2_PLACEMENT_3D('',#586,#587,#588);
#586 = CARTESIAN_POINT('',(5.,-8.35,4.6));
#587 = DIRECTION('',(-0.,1.,0.));
#588 = DIRECTION('',(1.,0.,0.));
#589 = PCURVE('',#164,#590);
#590 = DEFINITIONAL_REPRESENTATION('',(#591),#595);
#591 = LINE('',#592,#593);
#592 = CARTESIAN_POINT('',(6.28318530718,0.));
#593 = VECTOR('',#594,1.);
#594 = DIRECTION('',(-1.,0.));
#595 = ( GEOMETRIC_REPRESENTATION_CONTEXT(2) 
PARAMETRIC_REPRESENTATION_CONTEXT() REPRESENTATION_CONTEXT('2D SPACE',''
  ) );
#596 = PCURVE('',#597,#602);
#597 = PLANE('',#598);
#598 = AXIS2_PLACEMENT_3D('',#599,#600,#601);
#599 = CARTESIAN_POINT('',(-7.7,-8.35,0.));
#600 = DIRECTION('',(0.,-1.,0.));
#601 = DIRECTION('',(1.,0.,0.));
#602 = DEFINITIONAL_REPRESENTATION('',(#603),#611);
#603 = ( BOUNDED_CURVE() B_SPLINE_CURVE(2,(#604,#605,#606,#607,#608,#609
,#610),.UNSPECIFIED.,.T.,.F.) B_SPLINE_CURVE_WITH_KNOTS((1,2,2,2,2,1),(
    -2.094395102393,0.,2.094395102393,4.188790204786,6.28318530718,
8.377580409573),.UNSPECIFIED.) CURVE() GEOMETRIC_REPRESENTATION_ITEM() 
RATIONAL_B_SPLINE_CURVE((1.,0.5,1.,0.5,1.,0.5,1.)) REPRESENTATION_ITEM(
  '') );
#604 = CARTESIAN_POINT('',(14.7,4.6));
#605 = CARTESIAN_POINT('',(14.7,1.135898384862));
#606 = CARTESIAN_POINT('',(11.7,2.867949192431));
#607 = CARTESIAN_POINT('',(8.7,4.6));
#608 = CARTESIAN_POINT('',(11.7,6.332050807569));
#609 = CARTESIAN_POINT('',(14.7,8.064101615138));
#610 = CARTESIAN_POINT('',(14.7,4.6));
#611 = ( GEOMETRIC_REPRESENTATION_CONTEXT(2) 
PARAMETRIC_REPRESENTATION_CONTEXT() REPRESENTATION_CONTEXT('2D SPACE',''
  ) );
#612 = ORIENTED_EDGE('',*,*,#613,.T.);
#613 = EDGE_CURVE('',#581,#148,#614,.T.);
#614 = SURFACE_CURVE('',#615,(#619,#626),.PCURVE_S1.);
#615 = LINE('',#616,#617);
#616 = CARTESIAN_POINT('',(3.,-8.35,4.6));
#617 = VECTOR('',#618,1.);
#618 = DIRECTION('',(0.,-1.,0.));
#619 = PCURVE('',#164,#620);
#620 = DEFINITIONAL_REPRESENTATION('',(#621),#625);
#621 = LINE('',#622,#623);
#622 = CARTESIAN_POINT('',(3.14159265359,0.));
#623 = VECTOR('',#624,1.);
#624 = DIRECTION('',(0.,1.));
#625 = ( GEOMETRIC_REPRESENTATION_CONTEXT(2) 
PARAMETRIC_REPRESENTATION_CONTEXT() REPRESENTATION_CONTEXT('2D SPACE',''
  ) );
#626 = PCURVE('',#192,#627);
#627 = DEFINITIONAL_REPRESENTATION('',(#628),#632);
#628 = LINE('',#629,#630);
#629 = CARTESIAN_POINT('',(0.,-0.));
#630 = VECTOR('',#631,1.);
#631 = DIRECTION('',(0.,1.));
#632 = ( GEOMETRIC_REPRESENTATION_CONTEXT(2) 
PARAMETRIC_REPRESENTATION_CONTEXT() REPRESENTATION_CONTEXT('2D SPACE',''
  ) );
#633 = ORIENTED_EDGE('',*,*,#147,.F.);
#634 = ORIENTED_EDGE('',*,*,#506,.F.);
#635 = ADVANCED_FACE('',(#636),#192,.T.);
#636 = FACE_BOUND('',#637,.T.);
#637 = EDGE_LOOP('',(#638,#661,#682,#683));
#638 = ORIENTED_EDGE('',*,*,#639,.F.);
#639 = EDGE_CURVE('',#640,#581,#642,.T.);
#640 = VERTEX_POINT('',#641);
#641 = CARTESIAN_POINT('',(3.,-8.35,4.15));
#642 = SURFACE_CURVE('',#643,(#647,#654),.PCURVE_S1.);
#643 = LINE('',#644,#645);
#644 = CARTESIAN_POINT('',(3.,-8.35,2.3));
#645 = VECTOR('',#646,1.);
#646 = DIRECTION('',(0.,0.,1.));
#647 = PCURVE('',#192,#648);
#648 = DEFINITIONAL_REPRESENTATION('',(#649),#653);
#649 = LINE('',#650,#651);
#650 = CARTESIAN_POINT('',(2.3,0.));
#651 = VECTOR('',#652,1.);
#652 = DIRECTION('',(-1.,-0.));
#653 = ( GEOMETRIC_REPRESENTATION_CONTEXT(2) 
PARAMETRIC_REPRESENTATION_CONTEXT() REPRESENTATION_CONTEXT('2D SPACE',''
  ) );
#654 = PCURVE('',#597,#655);
#655 = DEFINITIONAL_REPRESENTATION('',(#656),#660);
#656 = LINE('',#657,#658);
#657 = CARTESIAN_POINT('',(10.7,2.3));
#658 = VECTOR('',#659,1.);
#659 = DIRECTION('',(0.,1.));
#660 = ( GEOMETRIC_REPRESENTATION_CONTEXT(2) 
PARAMETRIC_REPRESENTATION_CONTEXT() REPRESENTATION_CONTEXT('2D SPACE',''
  ) );
#661 = ORIENTED_EDGE('',*,*,#662,.T.);
#662 = EDGE_CURVE('',#640,#177,#663,.T.);
#663 = SURFACE_CURVE('',#664,(#668,#675),.PCURVE_S1.);
#664 = LINE('',#665,#666);
#665 = CARTESIAN_POINT('',(3.,-8.35,4.15));
#666 = VECTOR('',#667,1.);
#667 = DIRECTION('',(0.,-1.,0.));
#668 = PCURVE('',#192,#669);
#669 = DEFINITIONAL_REPRESENTATION('',(#670),#674);
#670 = LINE('',#671,#672);
#671 = CARTESIAN_POINT('',(0.45,0.));
#672 = VECTOR('',#673,1.);
#673 = DIRECTION('',(0.,1.));
#674 = ( GEOMETRIC_REPRESENTATION_CONTEXT(2) 
PARAMETRIC_REPRESENTATION_CONTEXT() REPRESENTATION_CONTEXT('2D SPACE',''
  ) );
#675 = PCURVE('',#220,#676);
#676 = DEFINITIONAL_REPRESENTATION('',(#677),#681);
#677 = LINE('',#678,#679);
#678 = CARTESIAN_POINT('',(0.,0.));
#679 = VECTOR('',#680,1.);
#680 = DIRECTION('',(0.,1.));
#681 = ( GEOMETRIC_REPRESENTATION_CONTEXT(2) 
PARAMETRIC_REPRESENTATION_CONTEXT() REPRESENTATION_CONTEXT('2D SPACE',''
  ) );
#682 = ORIENTED_EDGE('',*,*,#176,.F.);
#683 = ORIENTED_EDGE('',*,*,#613,.F.);
#684 = ADVANCED_FACE('',(#685),#220,.T.);
#685 = FACE_BOUND('',#686,.T.);
#686 = EDGE_LOOP('',(#687,#710,#731,#732));
#687 = ORIENTED_EDGE('',*,*,#688,.F.);
#688 = EDGE_CURVE('',#689,#640,#691,.T.);
#689 = VERTEX_POINT('',#690);
#690 = CARTESIAN_POINT('',(-3.,-8.35,4.15));
#691 = SURFACE_CURVE('',#692,(#696,#703),.PCURVE_S1.);
#692 = LINE('',#693,#694);
#693 = CARTESIAN_POINT('',(-2.35,-8.35,4.15));
#694 = VECTOR('',#695,1.);
#695 = DIRECTION('',(1.,0.,0.));
#696 = PCURVE('',#220,#697);
#697 = DEFINITIONAL_REPRESENTATION('',(#698),#702);
#698 = LINE('',#699,#700);
#699 = CARTESIAN_POINT('',(5.35,0.));
#700 = VECTOR('',#701,1.);
#701 = DIRECTION('',(-1.,0.));
#702 = ( GEOMETRIC_REPRESENTATION_CONTEXT(2) 
PARAMETRIC_REPRESENTATION_CONTEXT() REPRESENTATION_CONTEXT('2D SPACE',''
  ) );
#703 = PCURVE('',#597,#704);
#704 = DEFINITIONAL_REPRESENTATION('',(#705),#709);
#705 = LINE('',#706,#707);
#706 = CARTESIAN_POINT('',(5.35,4.15));
#707 = VECTOR('',#708,1.);
#708 = DIRECTION('',(1.,0.));
#709 = ( GEOMETRIC_REPRESENTATION_CONTEXT(2) 
PARAMETRIC_REPRESENTATION_CONTEXT() REPRESENTATION_CONTEXT('2D SPACE',''
  ) );
#710 = ORIENTED_EDGE('',*,*,#711,.T.);
#711 = EDGE_CURVE('',#689,#205,#712,.T.);
#712 = SURFACE_CURVE('',#713,(#717,#724),.PCURVE_S1.);
#713 = LINE('',#714,#715);
#714 = CARTESIAN_POINT('',(-3.,-8.35,4.15));
#715 = VECTOR('',#716,1.);
#716 = DIRECTION('',(0.,-1.,0.));
#717 = PCURVE('',#220,#718);
#718 = DEFINITIONAL_REPRESENTATION('',(#719),#723);
#719 = LINE('',#720,#721);
#720 = CARTESIAN_POINT('',(6.,0.));
#721 = VECTOR('',#722,1.);
#722 = DIRECTION('',(0.,1.));
#723 = ( GEOMETRIC_REPRESENTATION_CONTEXT(2) 
PARAMETRIC_REPRESENTATION_CONTEXT() REPRESENTATION_CONTEXT('2D SPACE',''
  ) );
#724 = PCURVE('',#248,#725);
#725 = DEFINITIONAL_REPRESENTATION('',(#726),#730);
#726 = LINE('',#727,#728);
#727 = CARTESIAN_POINT('',(0.,0.));
#728 = VECTOR('',#729,1.);
#729 = DIRECTION('',(0.,1.));
#730 = ( GEOMETRIC_REPRESENTATION_CONTEXT(2) 
PARAMETRIC_REPRESENTATION_CONTEXT() REPRESENTATION_CONTEXT('2D SPACE',''
  ) );
#731 = ORIENTED_EDGE('',*,*,#204,.F.);
#732 = ORIENTED_EDGE('',*,*,#662,.F.);
#733 = ADVANCED_FACE('',(#734),#248,.T.);
#734 = FACE_BOUND('',#735,.T.);
#735 = EDGE_LOOP('',(#736,#759,#780,#781));
#736 = ORIENTED_EDGE('',*,*,#737,.F.);
#737 = EDGE_CURVE('',#738,#689,#740,.T.);
#738 = VERTEX_POINT('',#739);
#739 = CARTESIAN_POINT('',(-3.,-8.35,4.6));
#740 = SURFACE_CURVE('',#741,(#745,#752),.PCURVE_S1.);
#741 = LINE('',#742,#743);
#742 = CARTESIAN_POINT('',(-3.,-8.35,2.075));
#743 = VECTOR('',#744,1.);
#744 = DIRECTION('',(0.,0.,-1.));
#745 = PCURVE('',#248,#746);
#746 = DEFINITIONAL_REPRESENTATION('',(#747),#751);
#747 = LINE('',#748,#749);
#748 = CARTESIAN_POINT('',(-2.075,0.));
#749 = VECTOR('',#750,1.);
#750 = DIRECTION('',(-1.,0.));
#751 = ( GEOMETRIC_REPRESENTATION_CONTEXT(2) 
PARAMETRIC_REPRESENTATION_CONTEXT() REPRESENTATION_CONTEXT('2D SPACE',''
  ) );
#752 = PCURVE('',#597,#753);
#753 = DEFINITIONAL_REPRESENTATION('',(#754),#758);
#754 = LINE('',#755,#756);
#755 = CARTESIAN_POINT('',(4.7,2.075));
#756 = VECTOR('',#757,1.);
#757 = DIRECTION('',(0.,-1.));
#758 = ( GEOMETRIC_REPRESENTATION_CONTEXT(2) 
PARAMETRIC_REPRESENTATION_CONTEXT() REPRESENTATION_CONTEXT('2D SPACE',''
  ) );
#759 = ORIENTED_EDGE('',*,*,#760,.T.);
#760 = EDGE_CURVE('',#738,#233,#761,.T.);
#761 = SURFACE_CURVE('',#762,(#766,#773),.PCURVE_S1.);
#762 = LINE('',#763,#764);
#763 = CARTESIAN_POINT('',(-3.,-8.35,4.6));
#764 = VECTOR('',#765,1.);
#765 = DIRECTION('',(0.,-1.,0.));
#766 = PCURVE('',#248,#767);
#767 = DEFINITIONAL_REPRESENTATION('',(#768),#772);
#768 = LINE('',#769,#770);
#769 = CARTESIAN_POINT('',(0.45,0.));
#770 = VECTOR('',#771,1.);
#771 = DIRECTION('',(0.,1.));
#772 = ( GEOMETRIC_REPRESENTATION_CONTEXT(2) 
PARAMETRIC_REPRESENTATION_CONTEXT() REPRESENTATION_CONTEXT('2D SPACE',''
  ) );
#773 = PCURVE('',#277,#774);
#774 = DEFINITIONAL_REPRESENTATION('',(#775),#779);
#775 = LINE('',#776,#777);
#776 = CARTESIAN_POINT('',(0.,0.));
#777 = VECTOR('',#778,1.);
#778 = DIRECTION('',(0.,1.));
#779 = ( GEOMETRIC_REPRESENTATION_CONTEXT(2) 
PARAMETRIC_REPRESENTATION_CONTEXT() REPRESENTATION_CONTEXT('2D SPACE',''
  ) );
#780 = ORIENTED_EDGE('',*,*,#232,.F.);
#781 = ORIENTED_EDGE('',*,*,#711,.F.);
#782 = ADVANCED_FACE('',(#783),#277,.T.);
#783 = FACE_BOUND('',#784,.T.);
#784 = EDGE_LOOP('',(#785,#813,#846,#1015,#1048,#1069,#1070));
#785 = ORIENTED_EDGE('',*,*,#786,.F.);
#786 = EDGE_CURVE('',#787,#738,#789,.T.);
#787 = VERTEX_POINT('',#788);
#788 = CARTESIAN_POINT('',(-5.,-8.35,6.6));
#789 = SURFACE_CURVE('',#790,(#795,#802),.PCURVE_S1.);
#790 = CIRCLE('',#791,2.);
#791 = AXIS2_PLACEMENT_3D('',#792,#793,#794);
#792 = CARTESIAN_POINT('',(-5.,-8.35,4.6));
#793 = DIRECTION('',(-0.,1.,0.));
#794 = DIRECTION('',(1.,0.,0.));
#795 = PCURVE('',#277,#796);
#796 = DEFINITIONAL_REPRESENTATION('',(#797),#801);
#797 = LINE('',#798,#799);
#798 = CARTESIAN_POINT('',(6.28318530718,0.));
#799 = VECTOR('',#800,1.);
#800 = DIRECTION('',(-1.,0.));
#801 = ( GEOMETRIC_REPRESENTATION_CONTEXT(2) 
PARAMETRIC_REPRESENTATION_CONTEXT() REPRESENTATION_CONTEXT('2D SPACE',''
  ) );
#802 = PCURVE('',#597,#803);
#803 = DEFINITIONAL_REPRESENTATION('',(#804),#812);
#804 = ( BOUNDED_CURVE() B_SPLINE_CURVE(2,(#805,#806,#807,#808,#809,#810
,#811),.UNSPECIFIED.,.T.,.F.) B_SPLINE_CURVE_WITH_KNOTS((1,2,2,2,2,1),(
    -2.094395102393,0.,2.094395102393,4.188790204786,6.28318530718,
8.377580409573),.UNSPECIFIED.) CURVE() GEOMETRIC_REPRESENTATION_ITEM() 
RATIONAL_B_SPLINE_CURVE((1.,0.5,1.,0.5,1.,0.5,1.)) REPRESENTATION_ITEM(
  '') );
#805 = CARTESIAN_POINT('',(4.7,4.6));
#806 = CARTESIAN_POINT('',(4.7,1.135898384862));
#807 = CARTESIAN_POINT('',(1.7,2.867949192431));
#808 = CARTESIAN_POINT('',(-1.3,4.6));
#809 = CARTESIAN_POINT('',(1.7,6.332050807569));
#810 = CARTESIAN_POINT('',(4.7,8.064101615138));
#811 = CARTESIAN_POINT('',(4.7,4.6));
#812 = ( GEOMETRIC_REPRESENTATION_CONTEXT(2) 
PARAMETRIC_REPRESENTATION_CONTEXT() REPRESENTATION_CONTEXT('2D SPACE',''
  ) );
#813 = ORIENTED_EDGE('',*,*,#814,.F.);
#814 = EDGE_CURVE('',#815,#787,#817,.T.);
#815 = VERTEX_POINT('',#816);
#816 = CARTESIAN_POINT('',(-5.920400160128,-8.35,6.375630464155));
#817 = SURFACE_CURVE('',#818,(#823,#830),.PCURVE_S1.);
#818 = CIRCLE('',#819,2.);
#819 = AXIS2_PLACEMENT_3D('',#820,#821,#822);
#820 = CARTESIAN_POINT('',(-5.,-8.35,4.6));
#821 = DIRECTION('',(-0.,1.,0.));
#822 = DIRECTION('',(1.,0.,0.));
#823 = PCURVE('',#277,#824);
#824 = DEFINITIONAL_REPRESENTATION('',(#825),#829);
#825 = LINE('',#826,#827);
#826 = CARTESIAN_POINT('',(6.28318530718,0.));
#827 = VECTOR('',#828,1.);
#828 = DIRECTION('',(-1.,0.));
#829 = ( GEOMETRIC_REPRESENTATION_CONTEXT(2) 
PARAMETRIC_REPRESENTATION_CONTEXT() REPRESENTATION_CONTEXT('2D SPACE',''
  ) );
#830 = PCURVE('',#831,#836);
#831 = PLANE('',#832);
#832 = AXIS2_PLACEMENT_3D('',#833,#834,#835);
#833 = CARTESIAN_POINT('',(-7.7,-8.35,0.));
#834 = DIRECTION('',(0.,-1.,0.));
#835 = DIRECTION('',(1.,0.,0.));
#836 = DEFINITIONAL_REPRESENTATION('',(#837),#845);
#837 = ( BOUNDED_CURVE() B_SPLINE_CURVE(2,(#838,#839,#840,#841,#842,#843
,#844),.UNSPECIFIED.,.T.,.F.) B_SPLINE_CURVE_WITH_KNOTS((1,2,2,2,2,1),(
    -2.094395102393,0.,2.094395102393,4.188790204786,6.28318530718,
8.377580409573),.UNSPECIFIED.) CURVE() GEOMETRIC_REPRESENTATION_ITEM() 
RATIONAL_B_SPLINE_CURVE((1.,0.5,1.,0.5,1.,0.5,1.)) REPRESENTATION_ITEM(
  '') );
#838 = CARTESIAN_POINT('',(4.7,4.6));
#839 = CARTESIAN_POINT('',(4.7,1.135898384862));
#840 = CARTESIAN_POINT('',(1.7,2.867949192431));
#841 = CARTESIAN_POINT('',(-1.3,4.6));
#842 = CARTESIAN_POINT('',(1.7,6.332050807569));
#843 = CARTESIAN_POINT('',(4.7,8.064101615138));
#844 = CARTESIAN_POINT('',(4.7,4.6));
#845 = ( GEOMETRIC_REPRESENTATION_CONTEXT(2) 
PARAMETRIC_REPRESENTATION_CONTEXT() REPRESENTATION_CONTEXT('2D SPACE',''
  ) );
#846 = ORIENTED_EDGE('',*,*,#847,.F.);
#847 = EDGE_CURVE('',#848,#815,#850,.T.);
#848 = VERTEX_POINT('',#849);
#849 = CARTESIAN_POINT('',(-6.919599839872,-8.35,5.16137015842));
#850 = SURFACE_CURVE('',#851,(#902,#956),.PCURVE_S1.);
#851 = B_SPLINE_CURVE_WITH_KNOTS('',7,(#852,#853,#854,#855,#856,#857,
    #858,#859,#860,#861,#862,#863,#864,#865,#866,#867,#868,#869,#870,
    #871,#872,#873,#874,#875,#876,#877,#878,#879,#880,#881,#882,#883,
    #884,#885,#886,#887,#888,#889,#890,#891,#892,#893,#894,#895,#896,
    #897,#898,#899,#900,#901),.UNSPECIFIED.,.F.,.F.,(8,6,6,6,6,6,6,6,8),
  (0.,6.417391819203E-02,0.176791508444,0.264994422059,0.489026779738,
    0.619294630873,0.72205648266,0.859539242451,1.),.UNSPECIFIED.);
#852 = CARTESIAN_POINT('',(-6.919599863891,-8.3499994,5.161370076287));
#853 = CARTESIAN_POINT('',(-6.918980030459,-8.365483299414,
    5.163489591061));
#854 = CARTESIAN_POINT('',(-6.917808446467,-8.38073883031,5.167485204534
    ));
#855 = CARTESIAN_POINT('',(-6.916113000576,-8.39575239584,5.173231157922
    ));
#856 = CARTESIAN_POINT('',(-6.913919750648,-8.410496432908,
    5.180563974736));
#857 = CARTESIAN_POINT('',(-6.911260537233,-8.424926294543,
    5.189281861042));
#858 = CARTESIAN_POINT('',(-6.908180597046,-8.438977132261,
    5.199144105722));
#859 = CARTESIAN_POINT('',(-6.898719176988,-8.476398461135,5.22869399254
    ));
#860 = CARTESIAN_POINT('',(-6.891502563249,-8.499186382117,
    5.250486470328));
#861 = CARTESIAN_POINT('',(-6.883246135538,-8.520943726303,
    5.274340819645));
#862 = CARTESIAN_POINT('',(-6.874074232303,-8.541688223772,
    5.299547776056));
#863 = CARTESIAN_POINT('',(-6.864083531547,-8.561479756616,
    5.325644178023));
#864 = CARTESIAN_POINT('',(-6.853301256346,-8.580446566674,
    5.352445295773));
#865 = CARTESIAN_POINT('',(-6.832442239682,-8.613163957199,
    5.401690205319));
#866 = CARTESIAN_POINT('',(-6.822769587993,-8.627075140525,5.42370067649
    ));
#867 = CARTESIAN_POINT('',(-6.812606141394,-8.640524890703,5.44597488035
    ));
#868 = CARTESIAN_POINT('',(-6.801967606913,-8.653514002984,
    5.468427623127));
#869 = CARTESIAN_POINT('',(-6.790862423981,-8.666046028337,
    5.491002847364));
#870 = CARTESIAN_POINT('',(-6.779289101777,-8.678126510513,
    5.513670212702));
#871 = CARTESIAN_POINT('',(-6.736612887677,-8.71931653173,5.594209610183
    ));
#872 = CARTESIAN_POINT('',(-6.702921988028,-8.745961161008,
    5.652462937583));
#873 = CARTESIAN_POINT('',(-6.666280453843,-8.769485988613,
    5.710414421613));
#874 = CARTESIAN_POINT('',(-6.626822030913,-8.789551259944,
    5.767560592867));
#875 = CARTESIAN_POINT('',(-6.584727234555,-8.805749236812,
    5.823455253447));
#876 = CARTESIAN_POINT('',(-6.540252093214,-8.81759426431,5.877697162931
    ));
#877 = CARTESIAN_POINT('',(-6.466740939499,-8.82855999689,5.960265852329
    ));
#878 = CARTESIAN_POINT('',(-6.43904299692,-8.830929983626,5.98992723274)
  );
#879 = CARTESIAN_POINT('',(-6.410808145101,-8.831521374394,6.01875180794
    ));
#880 = CARTESIAN_POINT('',(-6.382184358966,-8.830231974318,
    6.046620102716));
#881 = CARTESIAN_POINT('',(-6.353333303551,-8.826974911188,
    6.073431803871));
#882 = CARTESIAN_POINT('',(-6.32442876081,-8.821679412178,6.099104776321
    ));
#883 = CARTESIAN_POINT('',(-6.272956907025,-8.808463686339,
    6.142876699544));
#884 = CARTESIAN_POINT('',(-6.250353261292,-8.801337133622,
    6.161419183841));
#885 = CARTESIAN_POINT('',(-6.227957450274,-8.792893838314,
    6.179151302043));
#886 = CARTESIAN_POINT('',(-6.20588594958,-8.783130469409,6.196034477475
    ));
#887 = CARTESIAN_POINT('',(-6.184255933693,-8.772058569299,
    6.212040807064));
#888 = CARTESIAN_POINT('',(-6.163182830293,-8.759704674083,
    6.227152081565));
#889 = CARTESIAN_POINT('',(-6.115478545333,-8.727923007025,
    6.260365661182));
#890 = CARTESIAN_POINT('',(-6.089403605681,-8.707534563046,
    6.277733611038));
#891 = CARTESIAN_POINT('',(-6.064802999236,-8.68504414782,6.293453579662
    ));
#892 = CARTESIAN_POINT('',(-6.04191773304,-8.660595876017,6.307537309671
    ));
#893 = CARTESIAN_POINT('',(-6.02096857111,-8.634376427872,6.320012060159
    ));
#894 = CARTESIAN_POINT('',(-6.002144727984,-8.606612545964,
    6.330915304858));
#895 = CARTESIAN_POINT('',(-5.968681862046,-8.547895399107,
    6.349866607559));
#896 = CARTESIAN_POINT('',(-5.954137102468,-8.516876727409,6.35785044386
    ));
#897 = CARTESIAN_POINT('',(-5.942085889642,-8.484738066105,
    6.364302861825));
#898 = CARTESIAN_POINT('',(-5.932630166499,-8.451721355022,
    6.369275480999));
#899 = CARTESIAN_POINT('',(-5.925842866091,-8.418081649341,
    6.372807440779));
#900 = CARTESIAN_POINT('',(-5.921764564895,-8.384083844317,
    6.374923223347));
#901 = CARTESIAN_POINT('',(-5.920400136109,-8.3499994,6.375630476605));
#902 = PCURVE('',#277,#903);
#903 = DEFINITIONAL_REPRESENTATION('',(#904),#955);
#904 = B_SPLINE_CURVE_WITH_KNOTS('',7,(#905,#906,#907,#908,#909,#910,
    #911,#912,#913,#914,#915,#916,#917,#918,#919,#920,#921,#922,#923,
    #924,#925,#926,#927,#928,#929,#930,#931,#932,#933,#934,#935,#936,
    #937,#938,#939,#940,#941,#942,#943,#944,#945,#946,#947,#948,#949,
    #950,#951,#952,#953,#954),.UNSPECIFIED.,.F.,.F.,(8,6,6,6,6,6,6,6,8),
  (0.,6.417391819203E-02,0.176791508444,0.264994422059,0.489026779738,
    0.619294630873,0.72205648266,0.859539242451,1.),.UNSPECIFIED.);
#905 = CARTESIAN_POINT('',(2.857084888648,-6.E-07));
#906 = CARTESIAN_POINT('',(2.855980744595,1.548329941396E-02));
#907 = CARTESIAN_POINT('',(2.853898818155,3.073883030989E-02));
#908 = CARTESIAN_POINT('',(2.850903401341,4.575239583965E-02));
#909 = CARTESIAN_POINT('',(2.847076566437,6.049643290837E-02));
#910 = CARTESIAN_POINT('',(2.842519463293,7.492629454295E-02));
#911 = CARTESIAN_POINT('',(2.83735361661,8.897713226065E-02));
#912 = CARTESIAN_POINT('',(2.821839797927,0.126398461135));
#913 = CARTESIAN_POINT('',(2.810362169425,0.149186382117));
#914 = CARTESIAN_POINT('',(2.797742794566,0.170943726303));
#915 = CARTESIAN_POINT('',(2.784333900623,0.191688223772));
#916 = CARTESIAN_POINT('',(2.770365423984,0.211479756616));
#917 = CARTESIAN_POINT('',(2.755923402348,0.230446566674));
#918 = CARTESIAN_POINT('',(2.729183171925,0.263163957199));
#919 = CARTESIAN_POINT('',(2.71716323216,0.277075140525));
#920 = CARTESIAN_POINT('',(2.704923463074,0.290524890703));
#921 = CARTESIAN_POINT('',(2.692503022768,0.303514002984));
#922 = CARTESIAN_POINT('',(2.679925864683,0.316046028337));
#923 = CARTESIAN_POINT('',(2.667201836773,0.328126510513));
#924 = CARTESIAN_POINT('',(2.621628122319,0.36931653173));
#925 = CARTESIAN_POINT('',(2.588004097219,0.395961161008));
#926 = CARTESIAN_POINT('',(2.553765521105,0.419485988613));
#927 = CARTESIAN_POINT('',(2.519094679633,0.439551259944));
#928 = CARTESIAN_POINT('',(2.484156027793,0.455749236812));
#929 = CARTESIAN_POINT('',(2.449112837408,0.46759426431));
#930 = CARTESIAN_POINT('',(2.393837440102,0.47855999689));
#931 = CARTESIAN_POINT('',(2.373551725701,0.480929983626));
#932 = CARTESIAN_POINT('',(2.353386223668,0.481521374394));
#933 = CARTESIAN_POINT('',(2.333421365471,0.480231974318));
#934 = CARTESIAN_POINT('',(2.313736550271,0.476974911188));
#935 = CARTESIAN_POINT('',(2.294411144807,0.471679412178));
#936 = CARTESIAN_POINT('',(2.260627520834,0.458463686339));
#937 = CARTESIAN_POINT('',(2.246011792415,0.451337133622));
#938 = CARTESIAN_POINT('',(2.231732259662,0.442893838314));
#939 = CARTESIAN_POINT('',(2.217841391312,0.433130469409));
#940 = CARTESIAN_POINT('',(2.204389712915,0.422058569299));
#941 = CARTESIAN_POINT('',(2.191425356558,0.409704674083));
#942 = CARTESIAN_POINT('',(2.162361458529,0.377923007025));
#943 = CARTESIAN_POINT('',(2.146700017874,0.357534563046));
#944 = CARTESIAN_POINT('',(2.132106657358,0.33504414782));
#945 = CARTESIAN_POINT('',(2.118673700355,0.310595876017));
#946 = CARTESIAN_POINT('',(2.106484231742,0.284376427872));
#947 = CARTESIAN_POINT('',(2.095607904769,0.256612545964));
#948 = CARTESIAN_POINT('',(2.076379571048,0.197895399107));
#949 = CARTESIAN_POINT('',(2.068084303187,0.166876727409));
#950 = CARTESIAN_POINT('',(2.06124986233,0.134738066105));
#951 = CARTESIAN_POINT('',(2.05590819291,0.101721355022));
#952 = CARTESIAN_POINT('',(2.052082466124,6.808164934068E-02));
#953 = CARTESIAN_POINT('',(2.049785280239,3.408384431719E-02));
#954 = CARTESIAN_POINT('',(2.049016860906,-6.E-07));
#955 = ( GEOMETRIC_REPRESENTATION_CONTEXT(2) 
PARAMETRIC_REPRESENTATION_CONTEXT() REPRESENTATION_CONTEXT('2D SPACE',''
  ) );
#956 = PCURVE('',#957,#962);
#957 = CYLINDRICAL_SURFACE('',#958,0.5);
#958 = AXIS2_PLACEMENT_3D('',#959,#960,#961);
#959 = CARTESIAN_POINT('',(-6.42,-8.33,-1.));
#960 = DIRECTION('',(0.,0.,1.));
#961 = DIRECTION('',(1.,0.,-0.));
#962 = DEFINITIONAL_REPRESENTATION('',(#963),#1014);
#963 = B_SPLINE_CURVE_WITH_KNOTS('',7,(#964,#965,#966,#967,#968,#969,
    #970,#971,#972,#973,#974,#975,#976,#977,#978,#979,#980,#981,#982,
    #983,#984,#985,#986,#987,#988,#989,#990,#991,#992,#993,#994,#995,
    #996,#997,#998,#999,#1000,#1001,#1002,#1003,#1004,#1005,#1006,#1007,
    #1008,#1009,#1010,#1011,#1012,#1013),.UNSPECIFIED.,.F.,.F.,(8,6,6,6,
    6,6,6,6,8),(0.,6.417391819203E-02,0.176791508444,0.264994422059,
    0.489026779738,0.619294630873,0.72205648266,0.859539242451,1.),
  .UNSPECIFIED.);
#964 = CARTESIAN_POINT('',(3.181602126983,6.161370076287));
#965 = CARTESIAN_POINT('',(3.212594728328,6.163489591061));
#966 = CARTESIAN_POINT('',(3.243175437276,6.167485204534));
#967 = CARTESIAN_POINT('',(3.273362171236,6.173231157922));
#968 = CARTESIAN_POINT('',(3.303142129839,6.180563974736));
#969 = CARTESIAN_POINT('',(3.332461563653,6.189281861042));
#970 = CARTESIAN_POINT('',(3.361215542891,6.199144105722));
#971 = CARTESIAN_POINT('',(3.438413323279,6.22869399254));
#972 = CARTESIAN_POINT('',(3.4861370849,6.250486470328));
#973 = CARTESIAN_POINT('',(3.532564574966,6.274340819645));
#974 = CARTESIAN_POINT('',(3.577817679569,6.299547776056));
#975 = CARTESIAN_POINT('',(3.622069251098,6.325644178023));
#976 = CARTESIAN_POINT('',(3.665648451217,6.352445295773));
#977 = CARTESIAN_POINT('',(3.743250673324,6.401690205319));
#978 = CARTESIAN_POINT('',(3.777110370938,6.42370067649));
#979 = CARTESIAN_POINT('',(3.810784639823,6.44597488035));
#980 = CARTESIAN_POINT('',(3.844318222022,6.468427623127));
#981 = CARTESIAN_POINT('',(3.877766507753,6.491002847364));
#982 = CARTESIAN_POINT('',(3.911200195867,6.513670212702));
#983 = CARTESIAN_POINT('',(4.029823584755,6.594209610183));
#984 = CARTESIAN_POINT('',(4.11531411119,6.652462937583));
#985 = CARTESIAN_POINT('',(4.20172433753,6.710414421613));
#986 = CARTESIAN_POINT('',(4.289438870677,6.767560592867));
#987 = CARTESIAN_POINT('',(4.378843651912,6.823455253447));
#988 = CARTESIAN_POINT('',(4.470315577016,6.877697162931));
#989 = CARTESIAN_POINT('',(4.618964653859,6.960265852329));
#990 = CARTESIAN_POINT('',(4.674453515701,6.98992723274));
#991 = CARTESIAN_POINT('',(4.73074659461,7.01875180794));
#992 = CARTESIAN_POINT('',(4.787823854659,7.046620102716));
#993 = CARTESIAN_POINT('',(4.845675501528,7.073431803871));
#994 = CARTESIAN_POINT('',(4.904302383536,7.099104776321));
#995 = CARTESIAN_POINT('',(5.010585159968,7.142876699544));
#996 = CARTESIAN_POINT('',(5.057916833759,7.161419183841));
#997 = CARTESIAN_POINT('',(5.105668836338,7.179151302043));
#998 = CARTESIAN_POINT('',(5.153800544959,7.196034477475));
#999 = CARTESIAN_POINT('',(5.202272672953,7.212040807064));
#1000 = CARTESIAN_POINT('',(5.251046650834,7.227152081565));
#1001 = CARTESIAN_POINT('',(5.365689978848,7.260365661182));
#1002 = CARTESIAN_POINT('',(5.431699291756,7.277733611038));
#1003 = CARTESIAN_POINT('',(5.498045118345,7.293453579662));
#1004 = CARTESIAN_POINT('',(5.564655811978,7.307537309671));
#1005 = CARTESIAN_POINT('',(5.631450353684,7.320012060159));
#1006 = CARTESIAN_POINT('',(5.698333798679,7.330915304858));
#1007 = CARTESIAN_POINT('',(5.833499870336,7.349866607559));
#1008 = CARTESIAN_POINT('',(5.901802393552,7.35785044386));
#1009 = CARTESIAN_POINT('',(5.97010162716,7.364302861825));
#1010 = CARTESIAN_POINT('',(6.038397446552,7.369275480999));
#1011 = CARTESIAN_POINT('',(6.106685151172,7.372807440779));
#1012 = CARTESIAN_POINT('',(6.174952347792,7.374923223347));
#1013 = CARTESIAN_POINT('',(6.243175833787,7.375630476605));
#1014 = ( GEOMETRIC_REPRESENTATION_CONTEXT(2) 
PARAMETRIC_REPRESENTATION_CONTEXT() REPRESENTATION_CONTEXT('2D SPACE',''
  ) );
#1015 = ORIENTED_EDGE('',*,*,#1016,.F.);
#1016 = EDGE_CURVE('',#1017,#848,#1019,.T.);
#1017 = VERTEX_POINT('',#1018);
#1018 = CARTESIAN_POINT('',(-7.,-8.35,4.6));
#1019 = SURFACE_CURVE('',#1020,(#1025,#1032),.PCURVE_S1.);
#1020 = CIRCLE('',#1021,2.);
#1021 = AXIS2_PLACEMENT_3D('',#1022,#1023,#1024);
#1022 = CARTESIAN_POINT('',(-5.,-8.35,4.6));
#1023 = DIRECTION('',(-0.,1.,0.));
#1024 = DIRECTION('',(1.,0.,0.));
#1025 = PCURVE('',#277,#1026);
#1026 = DEFINITIONAL_REPRESENTATION('',(#1027),#1031);
#1027 = LINE('',#1028,#1029);
#1028 = CARTESIAN_POINT('',(6.28318530718,0.));
#1029 = VECTOR('',#1030,1.);
#1030 = DIRECTION('',(-1.,0.));
#1031 = ( GEOMETRIC_REPRESENTATION_CONTEXT(2) 
PARAMETRIC_REPRESENTATION_CONTEXT() REPRESENTATION_CONTEXT('2D SPACE',''
  ) );
#1032 = PCURVE('',#1033,#1038);
#1033 = PLANE('',#1034);
#1034 = AXIS2_PLACEMENT_3D('',#1035,#1036,#1037);
#1035 = CARTESIAN_POINT('',(-7.7,-8.35,0.));
#1036 = DIRECTION('',(0.,-1.,0.));
#1037 = DIRECTION('',(1.,0.,0.));
#1038 = DEFINITIONAL_REPRESENTATION('',(#1039),#1047);
#1039 = ( BOUNDED_CURVE() B_SPLINE_CURVE(2,(#1040,#1041,#1042,#1043,
#1044,#1045,#1046),.UNSPECIFIED.,.T.,.F.) B_SPLINE_CURVE_WITH_KNOTS((1,2
    ,2,2,2,1),(-2.094395102393,0.,2.094395102393,4.188790204786,
6.28318530718,8.377580409573),.UNSPECIFIED.) CURVE() 
GEOMETRIC_REPRESENTATION_ITEM() RATIONAL_B_SPLINE_CURVE((1.,0.5,1.,0.5,
1.,0.5,1.)) REPRESENTATION_ITEM('') );
#1040 = CARTESIAN_POINT('',(4.7,4.6));
#1041 = CARTESIAN_POINT('',(4.7,1.135898384862));
#1042 = CARTESIAN_POINT('',(1.7,2.867949192431));
#1043 = CARTESIAN_POINT('',(-1.3,4.6));
#1044 = CARTESIAN_POINT('',(1.7,6.332050807569));
#1045 = CARTESIAN_POINT('',(4.7,8.064101615138));
#1046 = CARTESIAN_POINT('',(4.7,4.6));
#1047 = ( GEOMETRIC_REPRESENTATION_CONTEXT(2) 
PARAMETRIC_REPRESENTATION_CONTEXT() REPRESENTATION_CONTEXT('2D SPACE',''
  ) );
#1048 = ORIENTED_EDGE('',*,*,#1049,.T.);
#1049 = EDGE_CURVE('',#1017,#261,#1050,.T.);
#1050 = SURFACE_CURVE('',#1051,(#1055,#1062),.PCURVE_S1.);
#1051 = LINE('',#1052,#1053);
#1052 = CARTESIAN_POINT('',(-7.,-8.35,4.6));
#1053 = VECTOR('',#1054,1.);
#1054 = DIRECTION('',(0.,-1.,0.));
#1055 = PCURVE('',#277,#1056);
#1056 = DEFINITIONAL_REPRESENTATION('',(#1057),#1061);
#1057 = LINE('',#1058,#1059);
#1058 = CARTESIAN_POINT('',(3.14159265359,0.));
#1059 = VECTOR('',#1060,1.);
#1060 = DIRECTION('',(0.,1.));
#1061 = ( GEOMETRIC_REPRESENTATION_CONTEXT(2) 
PARAMETRIC_REPRESENTATION_CONTEXT() REPRESENTATION_CONTEXT('2D SPACE',''
  ) );
#1062 = PCURVE('',#305,#1063);
#1063 = DEFINITIONAL_REPRESENTATION('',(#1064),#1068);
#1064 = LINE('',#1065,#1066);
#1065 = CARTESIAN_POINT('',(0.,-0.));
#1066 = VECTOR('',#1067,1.);
#1067 = DIRECTION('',(0.,1.));
#1068 = ( GEOMETRIC_REPRESENTATION_CONTEXT(2) 
PARAMETRIC_REPRESENTATION_CONTEXT() REPRESENTATION_CONTEXT('2D SPACE',''
  ) );
#1069 = ORIENTED_EDGE('',*,*,#260,.F.);
#1070 = ORIENTED_EDGE('',*,*,#760,.F.);
#1071 = ADVANCED_FACE('',(#1072),#305,.T.);
#1072 = FACE_BOUND('',#1073,.T.);
#1073 = EDGE_LOOP('',(#1074,#1097,#1118,#1119));
#1074 = ORIENTED_EDGE('',*,*,#1075,.F.);
#1075 = EDGE_CURVE('',#1076,#1017,#1078,.T.);
#1076 = VERTEX_POINT('',#1077);
#1077 = CARTESIAN_POINT('',(-7.,-8.35,1.7));
#1078 = SURFACE_CURVE('',#1079,(#1083,#1090),.PCURVE_S1.);
#1079 = LINE('',#1080,#1081);
#1080 = CARTESIAN_POINT('',(-7.,-8.35,2.3));
#1081 = VECTOR('',#1082,1.);
#1082 = DIRECTION('',(0.,0.,1.));
#1083 = PCURVE('',#305,#1084);
#1084 = DEFINITIONAL_REPRESENTATION('',(#1085),#1089);
#1085 = LINE('',#1086,#1087);
#1086 = CARTESIAN_POINT('',(2.3,0.));
#1087 = VECTOR('',#1088,1.);
#1088 = DIRECTION('',(-1.,-0.));
#1089 = ( GEOMETRIC_REPRESENTATION_CONTEXT(2) 
PARAMETRIC_REPRESENTATION_CONTEXT() REPRESENTATION_CONTEXT('2D SPACE',''
  ) );
#1090 = PCURVE('',#1033,#1091);
#1091 = DEFINITIONAL_REPRESENTATION('',(#1092),#1096);
#1092 = LINE('',#1093,#1094);
#1093 = CARTESIAN_POINT('',(0.7,2.3));
#1094 = VECTOR('',#1095,1.);
#1095 = DIRECTION('',(0.,1.));
#1096 = ( GEOMETRIC_REPRESENTATION_CONTEXT(2) 
PARAMETRIC_REPRESENTATION_CONTEXT() REPRESENTATION_CONTEXT('2D SPACE',''
  ) );
#1097 = ORIENTED_EDGE('',*,*,#1098,.T.);
#1098 = EDGE_CURVE('',#1076,#290,#1099,.T.);
#1099 = SURFACE_CURVE('',#1100,(#1104,#1111),.PCURVE_S1.);
#1100 = LINE('',#1101,#1102);
#1101 = CARTESIAN_POINT('',(-7.,-8.35,1.7));
#1102 = VECTOR('',#1103,1.);
#1103 = DIRECTION('',(0.,-1.,0.));
#1104 = PCURVE('',#305,#1105);
#1105 = DEFINITIONAL_REPRESENTATION('',(#1106),#1110);
#1106 = LINE('',#1107,#1108);
#1107 = CARTESIAN_POINT('',(2.9,0.));
#1108 = VECTOR('',#1109,1.);
#1109 = DIRECTION('',(0.,1.));
#1110 = ( GEOMETRIC_REPRESENTATION_CONTEXT(2) 
PARAMETRIC_REPRESENTATION_CONTEXT() REPRESENTATION_CONTEXT('2D SPACE',''
  ) );
#1111 = PCURVE('',#333,#1112);
#1112 = DEFINITIONAL_REPRESENTATION('',(#1113),#1117);
#1113 = LINE('',#1114,#1115);
#1114 = CARTESIAN_POINT('',(0.,0.));
#1115 = VECTOR('',#1116,1.);
#1116 = DIRECTION('',(0.,1.));
#1117 = ( GEOMETRIC_REPRESENTATION_CONTEXT(2) 
PARAMETRIC_REPRESENTATION_CONTEXT() REPRESENTATION_CONTEXT('2D SPACE',''
  ) );
#1118 = ORIENTED_EDGE('',*,*,#289,.F.);
#1119 = ORIENTED_EDGE('',*,*,#1049,.F.);
#1120 = ADVANCED_FACE('',(#1121),#333,.T.);
#1121 = FACE_BOUND('',#1122,.T.);
#1122 = EDGE_LOOP('',(#1123,#1153,#1174,#1175,#1176,#1199));
#1123 = ORIENTED_EDGE('',*,*,#1124,.F.);
#1124 = EDGE_CURVE('',#1125,#1127,#1129,.T.);
#1125 = VERTEX_POINT('',#1126);
#1126 = CARTESIAN_POINT('',(-1.486606870221,-8.35,1.7));
#1127 = VERTEX_POINT('',#1128);
#1128 = CARTESIAN_POINT('',(-5.920400160128,-8.35,1.7));
#1129 = SURFACE_CURVE('',#1130,(#1134,#1141),.PCURVE_S1.);
#1130 = LINE('',#1131,#1132);
#1131 = CARTESIAN_POINT('',(-7.35,-8.35,1.7));
#1132 = VECTOR('',#1133,1.);
#1133 = DIRECTION('',(-1.,0.,0.));
#1134 = PCURVE('',#333,#1135);
#1135 = DEFINITIONAL_REPRESENTATION('',(#1136),#1140);
#1136 = LINE('',#1137,#1138);
#1137 = CARTESIAN_POINT('',(-0.35,0.));
#1138 = VECTOR('',#1139,1.);
#1139 = DIRECTION('',(-1.,0.));
#1140 = ( GEOMETRIC_REPRESENTATION_CONTEXT(2) 
PARAMETRIC_REPRESENTATION_CONTEXT() REPRESENTATION_CONTEXT('2D SPACE',''
  ) );
#1141 = PCURVE('',#1142,#1147);
#1142 = PLANE('',#1143);
#1143 = AXIS2_PLACEMENT_3D('',#1144,#1145,#1146);
#1144 = CARTESIAN_POINT('',(-7.7,-8.35,0.));
#1145 = DIRECTION('',(0.,-1.,0.));
#1146 = DIRECTION('',(1.,0.,0.));
#1147 = DEFINITIONAL_REPRESENTATION('',(#1148),#1152);
#1148 = LINE('',#1149,#1150);
#1149 = CARTESIAN_POINT('',(0.35,1.7));
#1150 = VECTOR('',#1151,1.);
#1151 = DIRECTION('',(-1.,0.));
#1152 = ( GEOMETRIC_REPRESENTATION_CONTEXT(2) 
PARAMETRIC_REPRESENTATION_CONTEXT() REPRESENTATION_CONTEXT('2D SPACE',''
  ) );
#1153 = ORIENTED_EDGE('',*,*,#1154,.T.);
#1154 = EDGE_CURVE('',#1125,#318,#1155,.T.);
#1155 = SURFACE_CURVE('',#1156,(#1160,#1167),.PCURVE_S1.);
#1156 = LINE('',#1157,#1158);
#1157 = CARTESIAN_POINT('',(-1.486606870221,-8.35,1.7));
#1158 = VECTOR('',#1159,1.);
#1159 = DIRECTION('',(0.,-1.,0.));
#1160 = PCURVE('',#333,#1161);
#1161 = DEFINITIONAL_REPRESENTATION('',(#1162),#1166);
#1162 = LINE('',#1163,#1164);
#1163 = CARTESIAN_POINT('',(5.513393129779,0.));
#1164 = VECTOR('',#1165,1.);
#1165 = DIRECTION('',(0.,1.));
#1166 = ( GEOMETRIC_REPRESENTATION_CONTEXT(2) 
PARAMETRIC_REPRESENTATION_CONTEXT() REPRESENTATION_CONTEXT('2D SPACE',''
  ) );
#1167 = PCURVE('',#362,#1168);
#1168 = DEFINITIONAL_REPRESENTATION('',(#1169),#1173);
#1169 = LINE('',#1170,#1171);
#1170 = CARTESIAN_POINT('',(-1.704527938758,0.));
#1171 = VECTOR('',#1172,1.);
#1172 = DIRECTION('',(0.,1.));
#1173 = ( GEOMETRIC_REPRESENTATION_CONTEXT(2) 
PARAMETRIC_REPRESENTATION_CONTEXT() REPRESENTATION_CONTEXT('2D SPACE',''
  ) );
#1174 = ORIENTED_EDGE('',*,*,#317,.F.);
#1175 = ORIENTED_EDGE('',*,*,#1098,.F.);
#1176 = ORIENTED_EDGE('',*,*,#1177,.F.);
#1177 = EDGE_CURVE('',#1178,#1076,#1180,.T.);
#1178 = VERTEX_POINT('',#1179);
#1179 = CARTESIAN_POINT('',(-6.919599839872,-8.35,1.7));
#1180 = SURFACE_CURVE('',#1181,(#1185,#1192),.PCURVE_S1.);
#1181 = LINE('',#1182,#1183);
#1182 = CARTESIAN_POINT('',(-7.35,-8.35,1.7));
#1183 = VECTOR('',#1184,1.);
#1184 = DIRECTION('',(-1.,0.,0.));
#1185 = PCURVE('',#333,#1186);
#1186 = DEFINITIONAL_REPRESENTATION('',(#1187),#1191);
#1187 = LINE('',#1188,#1189);
#1188 = CARTESIAN_POINT('',(-0.35,0.));
#1189 = VECTOR('',#1190,1.);
#1190 = DIRECTION('',(-1.,0.));
#1191 = ( GEOMETRIC_REPRESENTATION_CONTEXT(2) 
PARAMETRIC_REPRESENTATION_CONTEXT() REPRESENTATION_CONTEXT('2D SPACE',''
  ) );
#1192 = PCURVE('',#1033,#1193);
#1193 = DEFINITIONAL_REPRESENTATION('',(#1194),#1198);
#1194 = LINE('',#1195,#1196);
#1195 = CARTESIAN_POINT('',(0.35,1.7));
#1196 = VECTOR('',#1197,1.);
#1197 = DIRECTION('',(-1.,0.));
#1198 = ( GEOMETRIC_REPRESENTATION_CONTEXT(2) 
PARAMETRIC_REPRESENTATION_CONTEXT() REPRESENTATION_CONTEXT('2D SPACE',''
  ) );
#1199 = ORIENTED_EDGE('',*,*,#1200,.T.);
#1200 = EDGE_CURVE('',#1178,#1127,#1201,.T.);
#1201 = SURFACE_CURVE('',#1202,(#1207,#1218),.PCURVE_S1.);
#1202 = CIRCLE('',#1203,0.5);
#1203 = AXIS2_PLACEMENT_3D('',#1204,#1205,#1206);
#1204 = CARTESIAN_POINT('',(-6.42,-8.33,1.7));
#1205 = DIRECTION('',(0.,0.,1.));
#1206 = DIRECTION('',(1.,0.,-0.));
#1207 = PCURVE('',#333,#1208);
#1208 = DEFINITIONAL_REPRESENTATION('',(#1209),#1217);
#1209 = ( BOUNDED_CURVE() B_SPLINE_CURVE(2,(#1210,#1211,#1212,#1213,
#1214,#1215,#1216),.UNSPECIFIED.,.T.,.F.) B_SPLINE_CURVE_WITH_KNOTS((1,2
    ,2,2,2,1),(-2.094395102393,0.,2.094395102393,4.188790204786,
6.28318530718,8.377580409573),.UNSPECIFIED.) CURVE() 
GEOMETRIC_REPRESENTATION_ITEM() RATIONAL_B_SPLINE_CURVE((1.,0.5,1.,0.5,
1.,0.5,1.)) REPRESENTATION_ITEM('') );
#1210 = CARTESIAN_POINT('',(1.08,-2.E-02));
#1211 = CARTESIAN_POINT('',(1.08,-0.886025403784));
#1212 = CARTESIAN_POINT('',(0.33,-0.453012701892));
#1213 = CARTESIAN_POINT('',(-0.42,-2.E-02));
#1214 = CARTESIAN_POINT('',(0.33,0.413012701892));
#1215 = CARTESIAN_POINT('',(1.08,0.846025403784));
#1216 = CARTESIAN_POINT('',(1.08,-2.E-02));
#1217 = ( GEOMETRIC_REPRESENTATION_CONTEXT(2) 
PARAMETRIC_REPRESENTATION_CONTEXT() REPRESENTATION_CONTEXT('2D SPACE',''
  ) );
#1218 = PCURVE('',#957,#1219);
#1219 = DEFINITIONAL_REPRESENTATION('',(#1220),#1224);
#1220 = LINE('',#1221,#1222);
#1221 = CARTESIAN_POINT('',(0.,2.7));
#1222 = VECTOR('',#1223,1.);
#1223 = DIRECTION('',(1.,0.));
#1224 = ( GEOMETRIC_REPRESENTATION_CONTEXT(2) 
PARAMETRIC_REPRESENTATION_CONTEXT() REPRESENTATION_CONTEXT('2D SPACE',''
  ) );
#1225 = ADVANCED_FACE('',(#1226),#362,.T.);
#1226 = FACE_BOUND('',#1227,.T.);
#1227 = EDGE_LOOP('',(#1228,#1256,#1284,#1305,#1306));
#1228 = ORIENTED_EDGE('',*,*,#1229,.F.);
#1229 = EDGE_CURVE('',#1230,#1125,#1232,.T.);
#1230 = VERTEX_POINT('',#1231);
#1231 = CARTESIAN_POINT('',(0.,-8.35,0.));
#1232 = SURFACE_CURVE('',#1233,(#1238,#1245),.PCURVE_S1.);
#1233 = CIRCLE('',#1234,1.5);
#1234 = AXIS2_PLACEMENT_3D('',#1235,#1236,#1237);
#1235 = CARTESIAN_POINT('',(0.,-8.35,1.499999966472));
#1236 = DIRECTION('',(-0.,1.,0.));
#1237 = DIRECTION('',(1.,0.,0.));
#1238 = PCURVE('',#362,#1239);
#1239 = DEFINITIONAL_REPRESENTATION('',(#1240),#1244);
#1240 = LINE('',#1241,#1242);
#1241 = CARTESIAN_POINT('',(1.570796326795,0.));
#1242 = VECTOR('',#1243,1.);
#1243 = DIRECTION('',(-1.,0.));
#1244 = ( GEOMETRIC_REPRESENTATION_CONTEXT(2) 
PARAMETRIC_REPRESENTATION_CONTEXT() REPRESENTATION_CONTEXT('2D SPACE',''
  ) );
#1245 = PCURVE('',#1142,#1246);
#1246 = DEFINITIONAL_REPRESENTATION('',(#1247),#1255);
#1247 = ( BOUNDED_CURVE() B_SPLINE_CURVE(2,(#1248,#1249,#1250,#1251,
#1252,#1253,#1254),.UNSPECIFIED.,.T.,.F.) B_SPLINE_CURVE_WITH_KNOTS((1,2
    ,2,2,2,1),(-2.094395102393,0.,2.094395102393,4.188790204786,
6.28318530718,8.377580409573),.UNSPECIFIED.) CURVE() 
GEOMETRIC_REPRESENTATION_ITEM() RATIONAL_B_SPLINE_CURVE((1.,0.5,1.,0.5,
1.,0.5,1.)) REPRESENTATION_ITEM('') );
#1248 = CARTESIAN_POINT('',(9.2,1.499999966472));
#1249 = CARTESIAN_POINT('',(9.2,-1.098076244881));
#1250 = CARTESIAN_POINT('',(6.95,0.200961860796));
#1251 = CARTESIAN_POINT('',(4.7,1.499999966472));
#1252 = CARTESIAN_POINT('',(6.95,2.799038072149));
#1253 = CARTESIAN_POINT('',(9.2,4.098076177826));
#1254 = CARTESIAN_POINT('',(9.2,1.499999966472));
#1255 = ( GEOMETRIC_REPRESENTATION_CONTEXT(2) 
PARAMETRIC_REPRESENTATION_CONTEXT() REPRESENTATION_CONTEXT('2D SPACE',''
  ) );
#1256 = ORIENTED_EDGE('',*,*,#1257,.F.);
#1257 = EDGE_CURVE('',#1258,#1230,#1260,.T.);
#1258 = VERTEX_POINT('',#1259);
#1259 = CARTESIAN_POINT('',(1.486606870221,-8.35,1.7));
#1260 = SURFACE_CURVE('',#1261,(#1266,#1273),.PCURVE_S1.);
#1261 = CIRCLE('',#1262,1.5);
#1262 = AXIS2_PLACEMENT_3D('',#1263,#1264,#1265);
#1263 = CARTESIAN_POINT('',(0.,-8.35,1.499999966472));
#1264 = DIRECTION('',(-0.,1.,0.));
#1265 = DIRECTION('',(1.,0.,0.));
#1266 = PCURVE('',#362,#1267);
#1267 = DEFINITIONAL_REPRESENTATION('',(#1268),#1272);
#1268 = LINE('',#1269,#1270);
#1269 = CARTESIAN_POINT('',(7.853981633974,0.));
#1270 = VECTOR('',#1271,1.);
#1271 = DIRECTION('',(-1.,0.));
#1272 = ( GEOMETRIC_REPRESENTATION_CONTEXT(2) 
PARAMETRIC_REPRESENTATION_CONTEXT() REPRESENTATION_CONTEXT('2D SPACE',''
  ) );
#1273 = PCURVE('',#494,#1274);
#1274 = DEFINITIONAL_REPRESENTATION('',(#1275),#1283);
#1275 = ( BOUNDED_CURVE() B_SPLINE_CURVE(2,(#1276,#1277,#1278,#1279,
#1280,#1281,#1282),.UNSPECIFIED.,.T.,.F.) B_SPLINE_CURVE_WITH_KNOTS((1,2
    ,2,2,2,1),(-2.094395102393,0.,2.094395102393,4.188790204786,
6.28318530718,8.377580409573),.UNSPECIFIED.) CURVE() 
GEOMETRIC_REPRESENTATION_ITEM() RATIONAL_B_SPLINE_CURVE((1.,0.5,1.,0.5,
1.,0.5,1.)) REPRESENTATION_ITEM('') );
#1276 = CARTESIAN_POINT('',(9.2,1.499999966472));
#1277 = CARTESIAN_POINT('',(9.2,-1.098076244881));
#1278 = CARTESIAN_POINT('',(6.95,0.200961860796));
#1279 = CARTESIAN_POINT('',(4.7,1.499999966472));
#1280 = CARTESIAN_POINT('',(6.95,2.799038072149));
#1281 = CARTESIAN_POINT('',(9.2,4.098076177826));
#1282 = CARTESIAN_POINT('',(9.2,1.499999966472));
#1283 = ( GEOMETRIC_REPRESENTATION_CONTEXT(2) 
PARAMETRIC_REPRESENTATION_CONTEXT() REPRESENTATION_CONTEXT('2D SPACE',''
  ) );
#1284 = ORIENTED_EDGE('',*,*,#1285,.T.);
#1285 = EDGE_CURVE('',#1258,#346,#1286,.T.);
#1286 = SURFACE_CURVE('',#1287,(#1291,#1298),.PCURVE_S1.);
#1287 = LINE('',#1288,#1289);
#1288 = CARTESIAN_POINT('',(1.486606870221,-8.35,1.7));
#1289 = VECTOR('',#1290,1.);
#1290 = DIRECTION('',(0.,-1.,0.));
#1291 = PCURVE('',#362,#1292);
#1292 = DEFINITIONAL_REPRESENTATION('',(#1293),#1297);
#1293 = LINE('',#1294,#1295);
#1294 = CARTESIAN_POINT('',(1.704527938758,0.));
#1295 = VECTOR('',#1296,1.);
#1296 = DIRECTION('',(0.,1.));
#1297 = ( GEOMETRIC_REPRESENTATION_CONTEXT(2) 
PARAMETRIC_REPRESENTATION_CONTEXT() REPRESENTATION_CONTEXT('2D SPACE',''
  ) );
#1298 = PCURVE('',#388,#1299);
#1299 = DEFINITIONAL_REPRESENTATION('',(#1300),#1304);
#1300 = LINE('',#1301,#1302);
#1301 = CARTESIAN_POINT('',(0.,0.));
#1302 = VECTOR('',#1303,1.);
#1303 = DIRECTION('',(0.,1.));
#1304 = ( GEOMETRIC_REPRESENTATION_CONTEXT(2) 
PARAMETRIC_REPRESENTATION_CONTEXT() REPRESENTATION_CONTEXT('2D SPACE',''
  ) );
#1305 = ORIENTED_EDGE('',*,*,#345,.F.);
#1306 = ORIENTED_EDGE('',*,*,#1154,.F.);
#1307 = ADVANCED_FACE('',(#1308),#388,.T.);
#1308 = FACE_BOUND('',#1309,.T.);
#1309 = EDGE_LOOP('',(#1310,#1331,#1332,#1333));
#1310 = ORIENTED_EDGE('',*,*,#1311,.F.);
#1311 = EDGE_CURVE('',#479,#1258,#1312,.T.);
#1312 = SURFACE_CURVE('',#1313,(#1317,#1324),.PCURVE_S1.);
#1313 = LINE('',#1314,#1315);
#1314 = CARTESIAN_POINT('',(-3.106696564889,-8.35,1.7));
#1315 = VECTOR('',#1316,1.);
#1316 = DIRECTION('',(-1.,0.,0.));
#1317 = PCURVE('',#388,#1318);
#1318 = DEFINITIONAL_REPRESENTATION('',(#1319),#1323);
#1319 = LINE('',#1320,#1321);
#1320 = CARTESIAN_POINT('',(-4.593303435111,0.));
#1321 = VECTOR('',#1322,1.);
#1322 = DIRECTION('',(-1.,0.));
#1323 = ( GEOMETRIC_REPRESENTATION_CONTEXT(2) 
PARAMETRIC_REPRESENTATION_CONTEXT() REPRESENTATION_CONTEXT('2D SPACE',''
  ) );
#1324 = PCURVE('',#494,#1325);
#1325 = DEFINITIONAL_REPRESENTATION('',(#1326),#1330);
#1326 = LINE('',#1327,#1328);
#1327 = CARTESIAN_POINT('',(4.593303435111,1.7));
#1328 = VECTOR('',#1329,1.);
#1329 = DIRECTION('',(-1.,0.));
#1330 = ( GEOMETRIC_REPRESENTATION_CONTEXT(2) 
PARAMETRIC_REPRESENTATION_CONTEXT() REPRESENTATION_CONTEXT('2D SPACE',''
  ) );
#1331 = ORIENTED_EDGE('',*,*,#528,.T.);
#1332 = ORIENTED_EDGE('',*,*,#374,.F.);
#1333 = ORIENTED_EDGE('',*,*,#1285,.F.);
#1334 = ADVANCED_FACE('',(#1335),#423,.F.);
#1335 = FACE_BOUND('',#1336,.F.);
#1336 = EDGE_LOOP('',(#1337,#1360,#1387,#1388));
#1337 = ORIENTED_EDGE('',*,*,#1338,.T.);
#1338 = EDGE_CURVE('',#403,#1339,#1341,.T.);
#1339 = VERTEX_POINT('',#1340);
#1340 = CARTESIAN_POINT('',(4.,-8.35,4.6));
#1341 = SEAM_CURVE('',#1342,(#1346,#1353),.PCURVE_S1.);
#1342 = LINE('',#1343,#1344);
#1343 = CARTESIAN_POINT('',(4.,-8.35,4.6));
#1344 = VECTOR('',#1345,1.);
#1345 = DIRECTION('',(0.,1.,0.));
#1346 = PCURVE('',#423,#1347);
#1347 = DEFINITIONAL_REPRESENTATION('',(#1348),#1352);
#1348 = LINE('',#1349,#1350);
#1349 = CARTESIAN_POINT('',(-3.14159265359,0.));
#1350 = VECTOR('',#1351,1.);
#1351 = DIRECTION('',(0.,-1.));
#1352 = ( GEOMETRIC_REPRESENTATION_CONTEXT(2) 
PARAMETRIC_REPRESENTATION_CONTEXT() REPRESENTATION_CONTEXT('2D SPACE',''
  ) );
#1353 = PCURVE('',#423,#1354);
#1354 = DEFINITIONAL_REPRESENTATION('',(#1355),#1359);
#1355 = LINE('',#1356,#1357);
#1356 = CARTESIAN_POINT('',(3.14159265359,0.));
#1357 = VECTOR('',#1358,1.);
#1358 = DIRECTION('',(0.,-1.));
#1359 = ( GEOMETRIC_REPRESENTATION_CONTEXT(2) 
PARAMETRIC_REPRESENTATION_CONTEXT() REPRESENTATION_CONTEXT('2D SPACE',''
  ) );
#1360 = ORIENTED_EDGE('',*,*,#1361,.T.);
#1361 = EDGE_CURVE('',#1339,#1339,#1362,.T.);
#1362 = SURFACE_CURVE('',#1363,(#1368,#1375),.PCURVE_S1.);
#1363 = CIRCLE('',#1364,1.);
#1364 = AXIS2_PLACEMENT_3D('',#1365,#1366,#1367);
#1365 = CARTESIAN_POINT('',(5.,-8.35,4.6));
#1366 = DIRECTION('',(0.,-1.,0.));
#1367 = DIRECTION('',(1.,0.,0.));
#1368 = PCURVE('',#423,#1369);
#1369 = DEFINITIONAL_REPRESENTATION('',(#1370),#1374);
#1370 = LINE('',#1371,#1372);
#1371 = CARTESIAN_POINT('',(-6.28318530718,0.));
#1372 = VECTOR('',#1373,1.);
#1373 = DIRECTION('',(1.,0.));
#1374 = ( GEOMETRIC_REPRESENTATION_CONTEXT(2) 
PARAMETRIC_REPRESENTATION_CONTEXT() REPRESENTATION_CONTEXT('2D SPACE',''
  ) );
#1375 = PCURVE('',#1376,#1381);
#1376 = PLANE('',#1377);
#1377 = AXIS2_PLACEMENT_3D('',#1378,#1379,#1380);
#1378 = CARTESIAN_POINT('',(-7.7,-8.35,0.));
#1379 = DIRECTION('',(0.,-1.,0.));
#1380 = DIRECTION('',(1.,0.,0.));
#1381 = DEFINITIONAL_REPRESENTATION('',(#1382),#1386);
#1382 = CIRCLE('',#1383,1.);
#1383 = AXIS2_PLACEMENT_2D('',#1384,#1385);
#1384 = CARTESIAN_POINT('',(12.7,4.6));
#1385 = DIRECTION('',(1.,0.));
#1386 = ( GEOMETRIC_REPRESENTATION_CONTEXT(2) 
PARAMETRIC_REPRESENTATION_CONTEXT() REPRESENTATION_CONTEXT('2D SPACE',''
  ) );
#1387 = ORIENTED_EDGE('',*,*,#1338,.F.);
#1388 = ORIENTED_EDGE('',*,*,#402,.T.);
#1389 = ADVANCED_FACE('',(#1390),#458,.F.);
#1390 = FACE_BOUND('',#1391,.F.);
#1391 = EDGE_LOOP('',(#1392,#1393,#1416,#1508,#1537,#1627));
#1392 = ORIENTED_EDGE('',*,*,#437,.T.);
#1393 = ORIENTED_EDGE('',*,*,#1394,.T.);
#1394 = EDGE_CURVE('',#438,#1395,#1397,.T.);
#1395 = VERTEX_POINT('',#1396);
#1396 = CARTESIAN_POINT('',(-6.,-8.601293199325,4.6));
#1397 = SEAM_CURVE('',#1398,(#1402,#1409),.PCURVE_S1.);
#1398 = LINE('',#1399,#1400);
#1399 = CARTESIAN_POINT('',(-6.,-8.35,4.6));
#1400 = VECTOR('',#1401,1.);
#1401 = DIRECTION('',(0.,1.,0.));
#1402 = PCURVE('',#458,#1403);
#1403 = DEFINITIONAL_REPRESENTATION('',(#1404),#1408);
#1404 = LINE('',#1405,#1406);
#1405 = CARTESIAN_POINT('',(3.14159265359,0.));
#1406 = VECTOR('',#1407,1.);
#1407 = DIRECTION('',(0.,-1.));
#1408 = ( GEOMETRIC_REPRESENTATION_CONTEXT(2) 
PARAMETRIC_REPRESENTATION_CONTEXT() REPRESENTATION_CONTEXT('2D SPACE',''
  ) );
#1409 = PCURVE('',#458,#1410);
#1410 = DEFINITIONAL_REPRESENTATION('',(#1411),#1415);
#1411 = LINE('',#1412,#1413);
#1412 = CARTESIAN_POINT('',(-3.14159265359,0.));
#1413 = VECTOR('',#1414,1.);
#1414 = DIRECTION('',(0.,-1.));
#1415 = ( GEOMETRIC_REPRESENTATION_CONTEXT(2) 
PARAMETRIC_REPRESENTATION_CONTEXT() REPRESENTATION_CONTEXT('2D SPACE',''
  ) );
#1416 = ORIENTED_EDGE('',*,*,#1417,.T.);
#1417 = EDGE_CURVE('',#1395,#1418,#1420,.T.);
#1418 = VERTEX_POINT('',#1419);
#1419 = CARTESIAN_POINT('',(-5.920400160128,-8.35,4.209022321307));
#1420 = SURFACE_CURVE('',#1421,(#1448,#1478),.PCURVE_S1.);
#1421 = B_SPLINE_CURVE_WITH_KNOTS('',5,(#1422,#1423,#1424,#1425,#1426,
    #1427,#1428,#1429,#1430,#1431,#1432,#1433,#1434,#1435,#1436,#1437,
    #1438,#1439,#1440,#1441,#1442,#1443,#1444,#1445,#1446,#1447),
  .UNSPECIFIED.,.F.,.F.,(6,4,4,4,4,4,6),(0.,0.237307153193,
    0.432281726214,0.593058254751,0.658889999216,0.75568351004,1.),
  .UNSPECIFIED.);
#1422 = CARTESIAN_POINT('',(-6.,-8.601293199325,4.6));
#1423 = CARTESIAN_POINT('',(-6.,-8.601293199325,4.571591950301));
#1424 = CARTESIAN_POINT('',(-5.998991295563,-8.599731236783,
    4.543179174007));
#1425 = CARTESIAN_POINT('',(-5.996972795,-8.596607819491,4.515095160212)
  );
#1426 = CARTESIAN_POINT('',(-5.994029787159,-8.591920045656,
    4.487660234389));
#1427 = CARTESIAN_POINT('',(-5.987265509543,-8.580552305393,
    4.439408063462));
#1428 = CARTESIAN_POINT('',(-5.983694253828,-8.574376520884,
    4.418281301322));
#1429 = CARTESIAN_POINT('',(-5.979688474697,-8.567160623435,
    4.397962226238));
#1430 = CARTESIAN_POINT('',(-5.975364875134,-8.558921488895,
    4.378600483959));
#1431 = CARTESIAN_POINT('',(-5.967132396687,-8.542091092295,
    4.345253266058));
#1432 = CARTESIAN_POINT('',(-5.963283941155,-8.53381541437,
    4.330921116234));
#1433 = CARTESIAN_POINT('',(-5.959380466789,-8.524892611718,
    4.317400584084));
#1434 = CARTESIAN_POINT('',(-5.955500084797,-8.515354569876,
    4.304751896031));
#1435 = CARTESIAN_POINT('',(-5.950168306364,-8.501107304981,
    4.288221794627));
#1436 = CARTESIAN_POINT('',(-5.948635710879,-8.496872701359,
    4.283573980864));
#1437 = CARTESIAN_POINT('',(-5.947124565705,-8.492545498871,
    4.279083806224));
#1438 = CARTESIAN_POINT('',(-5.945639816088,-8.488129051957,
    4.274754231865));
#1439 = CARTESIAN_POINT('',(-5.942049013933,-8.477007616103,
    4.264462000132));
#1440 = CARTESIAN_POINT('',(-5.939979133196,-8.470203175232,
    4.25868897956));
#1441 = CARTESIAN_POINT('',(-5.937991824628,-8.463225378711,
    4.253277074546));
#1442 = CARTESIAN_POINT('',(-5.936100969315,-8.456087142237,
    4.248233079548));
#1443 = CARTESIAN_POINT('',(-5.929821480233,-8.43041575611,
    4.231772848562));
#1444 = CARTESIAN_POINT('',(-5.926018998429,-8.411101192922,
    4.222364338514));
#1445 = CARTESIAN_POINT('',(-5.92310974282,-8.391079505181,
    4.215415621985));
#1446 = CARTESIAN_POINT('',(-5.921225461422,-8.37061663921,
    4.210965161921));
#1447 = CARTESIAN_POINT('',(-5.920400136109,-8.3499994,4.209022264764));
#1448 = PCURVE('',#458,#1449);
#1449 = DEFINITIONAL_REPRESENTATION('',(#1450),#1477);
#1450 = B_SPLINE_CURVE_WITH_KNOTS('',5,(#1451,#1452,#1453,#1454,#1455,
    #1456,#1457,#1458,#1459,#1460,#1461,#1462,#1463,#1464,#1465,#1466,
    #1467,#1468,#1469,#1470,#1471,#1472,#1473,#1474,#1475,#1476),
  .UNSPECIFIED.,.F.,.F.,(6,4,4,4,4,4,6),(0.,0.237307153193,
    0.432281726214,0.593058254751,0.658889999216,0.75568351004,1.),
  .UNSPECIFIED.);
#1451 = CARTESIAN_POINT('',(-3.14159265359,0.251293199325));
#1452 = CARTESIAN_POINT('',(-3.113184603891,0.251293199325));
#1453 = CARTESIAN_POINT('',(-3.084771873686,0.249731236783));
#1454 = CARTESIAN_POINT('',(-3.056639910715,0.246607819491));
#1455 = CARTESIAN_POINT('',(-3.029062040248,0.241920045656));
#1456 = CARTESIAN_POINT('',(-2.980338047689,0.230552305393));
#1457 = CARTESIAN_POINT('',(-2.958920109708,0.224376520884));
#1458 = CARTESIAN_POINT('',(-2.938219423215,0.217160623435));
#1459 = CARTESIAN_POINT('',(-2.918385726057,0.208921488895));
#1460 = CARTESIAN_POINT('',(-2.88403735429,0.192091092295));
#1461 = CARTESIAN_POINT('',(-2.86920057232,0.18381541437));
#1462 = CARTESIAN_POINT('',(-2.855130717363,0.174892611718));
#1463 = CARTESIAN_POINT('',(-2.841901549357,0.165354569876));
#1464 = CARTESIAN_POINT('',(-2.82453283859,0.151107304981));
#1465 = CARTESIAN_POINT('',(-2.819638963063,0.146872701359));
#1466 = CARTESIAN_POINT('',(-2.814901435219,0.142545498871));
#1467 = CARTESIAN_POINT('',(-2.810324415304,0.138129051957));
#1468 = CARTESIAN_POINT('',(-2.799423777976,0.127007616103));
#1469 = CARTESIAN_POINT('',(-2.793291119493,0.120203175232));
#1470 = CARTESIAN_POINT('',(-2.787526076478,0.113225378711));
#1471 = CARTESIAN_POINT('',(-2.782139396137,0.106087142237));
#1472 = CARTESIAN_POINT('',(-2.76452204142,8.041575611001E-02));
#1473 = CARTESIAN_POINT('',(-2.754376099135,6.11011929222E-02));
#1474 = CARTESIAN_POINT('',(-2.746842801567,4.107950518145E-02));
#1475 = CARTESIAN_POINT('',(-2.742009933224,2.061663920966E-02));
#1476 = CARTESIAN_POINT('',(-2.739899006595,-6.E-07));
#1477 = ( GEOMETRIC_REPRESENTATION_CONTEXT(2) 
PARAMETRIC_REPRESENTATION_CONTEXT() REPRESENTATION_CONTEXT('2D SPACE',''
  ) );
#1478 = PCURVE('',#957,#1479);
#1479 = DEFINITIONAL_REPRESENTATION('',(#1480),#1507);
#1480 = B_SPLINE_CURVE_WITH_KNOTS('',5,(#1481,#1482,#1483,#1484,#1485,
    #1486,#1487,#1488,#1489,#1490,#1491,#1492,#1493,#1494,#1495,#1496,
    #1497,#1498,#1499,#1500,#1501,#1502,#1503,#1504,#1505,#1506),
  .UNSPECIFIED.,.F.,.F.,(6,4,4,4,4,4,6),(0.,0.237307153193,
    0.432281726214,0.593058254751,0.658889999216,0.75568351004,1.),
  .UNSPECIFIED.);
#1481 = CARTESIAN_POINT('',(5.709672202756,5.6));
#1482 = CARTESIAN_POINT('',(5.709672202756,5.571591950301));
#1483 = CARTESIAN_POINT('',(5.713390757266,5.543179174007));
#1484 = CARTESIAN_POINT('',(5.720829240778,5.515095160212));
#1485 = CARTESIAN_POINT('',(5.731896278473,5.487660234389));
#1486 = CARTESIAN_POINT('',(5.758352353039,5.439408063462));
#1487 = CARTESIAN_POINT('',(5.772619301467,5.418281301322));
#1488 = CARTESIAN_POINT('',(5.789121729616,5.397962226238));
#1489 = CARTESIAN_POINT('',(5.807723564693,5.378600483959));
#1490 = CARTESIAN_POINT('',(5.845195471561,5.345253266058));
#1491 = CARTESIAN_POINT('',(5.863445466325,5.330921116234));
#1492 = CARTESIAN_POINT('',(5.882916401283,5.317400584084));
#1493 = CARTESIAN_POINT('',(5.903502465806,5.304751896031));
#1494 = CARTESIAN_POINT('',(5.933926957141,5.288221794627));
#1495 = CARTESIAN_POINT('',(5.942933249657,5.283573980864));
#1496 = CARTESIAN_POINT('',(5.952099398494,5.279083806224));
#1497 = CARTESIAN_POINT('',(5.961417412644,5.274754231865));
#1498 = CARTESIAN_POINT('',(5.984790918634,5.264462000132));
#1499 = CARTESIAN_POINT('',(5.999013441295,5.25868897956));
#1500 = CARTESIAN_POINT('',(6.013520835678,5.253277074546));
#1501 = CARTESIAN_POINT('',(6.028286989353,5.248233079548));
#1502 = CARTESIAN_POINT('',(6.081143476137,5.231772848562));
#1503 = CARTESIAN_POINT('',(6.120473497709,5.222364338514));
#1504 = CARTESIAN_POINT('',(6.160864808621,5.215415621985));
#1505 = CARTESIAN_POINT('',(6.201908330131,5.210965161921));
#1506 = CARTESIAN_POINT('',(6.243175833787,5.209022264764));
#1507 = ( GEOMETRIC_REPRESENTATION_CONTEXT(2) 
PARAMETRIC_REPRESENTATION_CONTEXT() REPRESENTATION_CONTEXT('2D SPACE',''
  ) );
#1508 = ORIENTED_EDGE('',*,*,#1509,.T.);
#1509 = EDGE_CURVE('',#1418,#1510,#1512,.T.);
#1510 = VERTEX_POINT('',#1511);
#1511 = CARTESIAN_POINT('',(-5.920400160128,-8.35,4.990977678693));
#1512 = SURFACE_CURVE('',#1513,(#1518,#1525),.PCURVE_S1.);
#1513 = CIRCLE('',#1514,1.);
#1514 = AXIS2_PLACEMENT_3D('',#1515,#1516,#1517);
#1515 = CARTESIAN_POINT('',(-5.,-8.35,4.6));
#1516 = DIRECTION('',(0.,-1.,0.));
#1517 = DIRECTION('',(1.,0.,0.));
#1518 = PCURVE('',#458,#1519);
#1519 = DEFINITIONAL_REPRESENTATION('',(#1520),#1524);
#1520 = LINE('',#1521,#1522);
#1521 = CARTESIAN_POINT('',(-6.28318530718,0.));
#1522 = VECTOR('',#1523,1.);
#1523 = DIRECTION('',(1.,0.));
#1524 = ( GEOMETRIC_REPRESENTATION_CONTEXT(2) 
PARAMETRIC_REPRESENTATION_CONTEXT() REPRESENTATION_CONTEXT('2D SPACE',''
  ) );
#1525 = PCURVE('',#1526,#1531);
#1526 = PLANE('',#1527);
#1527 = AXIS2_PLACEMENT_3D('',#1528,#1529,#1530);
#1528 = CARTESIAN_POINT('',(-7.7,-8.35,0.));
#1529 = DIRECTION('',(0.,-1.,0.));
#1530 = DIRECTION('',(1.,0.,0.));
#1531 = DEFINITIONAL_REPRESENTATION('',(#1532),#1536);
#1532 = CIRCLE('',#1533,1.);
#1533 = AXIS2_PLACEMENT_2D('',#1534,#1535);
#1534 = CARTESIAN_POINT('',(2.7,4.6));
#1535 = DIRECTION('',(1.,0.));
#1536 = ( GEOMETRIC_REPRESENTATION_CONTEXT(2) 
PARAMETRIC_REPRESENTATION_CONTEXT() REPRESENTATION_CONTEXT('2D SPACE',''
  ) );
#1537 = ORIENTED_EDGE('',*,*,#1538,.F.);
#1538 = EDGE_CURVE('',#1395,#1510,#1539,.T.);
#1539 = SURFACE_CURVE('',#1540,(#1567,#1597),.PCURVE_S1.);
#1540 = B_SPLINE_CURVE_WITH_KNOTS('',5,(#1541,#1542,#1543,#1544,#1545,
    #1546,#1547,#1548,#1549,#1550,#1551,#1552,#1553,#1554,#1555,#1556,
    #1557,#1558,#1559,#1560,#1561,#1562,#1563,#1564,#1565,#1566),
  .UNSPECIFIED.,.F.,.F.,(6,4,4,4,4,4,6),(0.,0.237307153194,
    0.432281726216,0.593058254751,0.658889999216,0.75568351004,1.),
  .UNSPECIFIED.);
#1541 = CARTESIAN_POINT('',(-6.,-8.601293199325,4.6));
#1542 = CARTESIAN_POINT('',(-6.,-8.601293199325,4.628408049699));
#1543 = CARTESIAN_POINT('',(-5.998991295563,-8.599731236783,
    4.656820825993));
#1544 = CARTESIAN_POINT('',(-5.996972795,-8.596607819491,4.684904839788)
  );
#1545 = CARTESIAN_POINT('',(-5.994029787159,-8.591920045656,
    4.712339765611));
#1546 = CARTESIAN_POINT('',(-5.987265509543,-8.580552305393,
    4.760591936538));
#1547 = CARTESIAN_POINT('',(-5.983694253828,-8.574376520884,
    4.781718698678));
#1548 = CARTESIAN_POINT('',(-5.979688474697,-8.567160623435,
    4.802037773762));
#1549 = CARTESIAN_POINT('',(-5.975364875134,-8.558921488895,
    4.821399516041));
#1550 = CARTESIAN_POINT('',(-5.967132396687,-8.542091092295,
    4.854746733942));
#1551 = CARTESIAN_POINT('',(-5.963283941155,-8.53381541437,
    4.869078883766));
#1552 = CARTESIAN_POINT('',(-5.959380466789,-8.524892611717,
    4.882599415916));
#1553 = CARTESIAN_POINT('',(-5.955500084797,-8.515354569876,
    4.895248103969));
#1554 = CARTESIAN_POINT('',(-5.950168306364,-8.501107304981,
    4.911778205373));
#1555 = CARTESIAN_POINT('',(-5.948635710879,-8.496872701359,
    4.916426019136));
#1556 = CARTESIAN_POINT('',(-5.947124565705,-8.492545498871,
    4.920916193776));
#1557 = CARTESIAN_POINT('',(-5.945639816088,-8.488129051957,
    4.925245768135));
#1558 = CARTESIAN_POINT('',(-5.942049013933,-8.477007616103,
    4.935537999868));
#1559 = CARTESIAN_POINT('',(-5.939979133196,-8.470203175232,
    4.94131102044));
#1560 = CARTESIAN_POINT('',(-5.937991824628,-8.463225378711,
    4.946722925454));
#1561 = CARTESIAN_POINT('',(-5.936100969315,-8.456087142237,
    4.951766920452));
#1562 = CARTESIAN_POINT('',(-5.929821480233,-8.43041575611,
    4.968227151438));
#1563 = CARTESIAN_POINT('',(-5.926018998429,-8.411101192922,
    4.977635661486));
#1564 = CARTESIAN_POINT('',(-5.92310974282,-8.391079505181,
    4.984584378015));
#1565 = CARTESIAN_POINT('',(-5.921225461422,-8.37061663921,
    4.989034838079));
#1566 = CARTESIAN_POINT('',(-5.920400136109,-8.3499994,4.990977735236));
#1567 = PCURVE('',#458,#1568);
#1568 = DEFINITIONAL_REPRESENTATION('',(#1569),#1596);
#1569 = B_SPLINE_CURVE_WITH_KNOTS('',5,(#1570,#1571,#1572,#1573,#1574,
    #1575,#1576,#1577,#1578,#1579,#1580,#1581,#1582,#1583,#1584,#1585,
    #1586,#1587,#1588,#1589,#1590,#1591,#1592,#1593,#1594,#1595),
  .UNSPECIFIED.,.F.,.F.,(6,4,4,4,4,4,6),(0.,0.237307153194,
    0.432281726216,0.593058254751,0.658889999216,0.75568351004,1.),
  .UNSPECIFIED.);
#1570 = CARTESIAN_POINT('',(3.14159265359,0.251293199325));
#1571 = CARTESIAN_POINT('',(3.113184603891,0.251293199325));
#1572 = CARTESIAN_POINT('',(3.084771873686,0.249731236783));
#1573 = CARTESIAN_POINT('',(3.056639910715,0.246607819491));
#1574 = CARTESIAN_POINT('',(3.029062040248,0.241920045656));
#1575 = CARTESIAN_POINT('',(2.980338047689,0.230552305393));
#1576 = CARTESIAN_POINT('',(2.958920109708,0.224376520884));
#1577 = CARTESIAN_POINT('',(2.938219423215,0.217160623435));
#1578 = CARTESIAN_POINT('',(2.918385726057,0.208921488895));
#1579 = CARTESIAN_POINT('',(2.88403735429,0.192091092295));
#1580 = CARTESIAN_POINT('',(2.86920057232,0.18381541437));
#1581 = CARTESIAN_POINT('',(2.855130717363,0.174892611717));
#1582 = CARTESIAN_POINT('',(2.841901549357,0.165354569876));
#1583 = CARTESIAN_POINT('',(2.82453283859,0.151107304981));
#1584 = CARTESIAN_POINT('',(2.819638963063,0.146872701359));
#1585 = CARTESIAN_POINT('',(2.814901435219,0.142545498871));
#1586 = CARTESIAN_POINT('',(2.810324415304,0.138129051957));
#1587 = CARTESIAN_POINT('',(2.799423777976,0.127007616103));
#1588 = CARTESIAN_POINT('',(2.793291119493,0.120203175232));
#1589 = CARTESIAN_POINT('',(2.787526076478,0.113225378711));
#1590 = CARTESIAN_POINT('',(2.782139396137,0.106087142237));
#1591 = CARTESIAN_POINT('',(2.76452204142,8.041575611001E-02));
#1592 = CARTESIAN_POINT('',(2.754376099135,6.11011929222E-02));
#1593 = CARTESIAN_POINT('',(2.746842801567,4.107950518145E-02));
#1594 = CARTESIAN_POINT('',(2.742009933224,2.061663920967E-02));
#1595 = CARTESIAN_POINT('',(2.739899006595,-6.E-07));
#1596 = ( GEOMETRIC_REPRESENTATION_CONTEXT(2) 
PARAMETRIC_REPRESENTATION_CONTEXT() REPRESENTATION_CONTEXT('2D SPACE',''
  ) );
#1597 = PCURVE('',#957,#1598);
#1598 = DEFINITIONAL_REPRESENTATION('',(#1599),#1626);
#1599 = B_SPLINE_CURVE_WITH_KNOTS('',5,(#1600,#1601,#1602,#1603,#1604,
    #1605,#1606,#1607,#1608,#1609,#1610,#1611,#1612,#1613,#1614,#1615,
    #1616,#1617,#1618,#1619,#1620,#1621,#1622,#1623,#1624,#1625),
  .UNSPECIFIED.,.F.,.F.,(6,4,4,4,4,4,6),(0.,0.237307153194,
    0.432281726216,0.593058254751,0.658889999216,0.75568351004,1.),
  .UNSPECIFIED.);
#1600 = CARTESIAN_POINT('',(5.709672202756,5.6));
#1601 = CARTESIAN_POINT('',(5.709672202756,5.628408049699));
#1602 = CARTESIAN_POINT('',(5.713390757266,5.656820825993));
#1603 = CARTESIAN_POINT('',(5.720829240778,5.684904839788));
#1604 = CARTESIAN_POINT('',(5.731896278473,5.712339765611));
#1605 = CARTESIAN_POINT('',(5.758352353039,5.760591936538));
#1606 = CARTESIAN_POINT('',(5.772619301467,5.781718698678));
#1607 = CARTESIAN_POINT('',(5.789121729616,5.802037773762));
#1608 = CARTESIAN_POINT('',(5.807723564693,5.821399516041));
#1609 = CARTESIAN_POINT('',(5.845195471561,5.854746733942));
#1610 = CARTESIAN_POINT('',(5.863445466325,5.869078883766));
#1611 = CARTESIAN_POINT('',(5.882916401284,5.882599415916));
#1612 = CARTESIAN_POINT('',(5.903502465806,5.895248103969));
#1613 = CARTESIAN_POINT('',(5.933926957141,5.911778205373));
#1614 = CARTESIAN_POINT('',(5.942933249657,5.916426019136));
#1615 = CARTESIAN_POINT('',(5.952099398494,5.920916193776));
#1616 = CARTESIAN_POINT('',(5.961417412644,5.925245768135));
#1617 = CARTESIAN_POINT('',(5.984790918634,5.935537999868));
#1618 = CARTESIAN_POINT('',(5.999013441295,5.94131102044));
#1619 = CARTESIAN_POINT('',(6.013520835678,5.946722925454));
#1620 = CARTESIAN_POINT('',(6.028286989353,5.951766920452));
#1621 = CARTESIAN_POINT('',(6.081143476137,5.968227151438));
#1622 = CARTESIAN_POINT('',(6.120473497709,5.977635661486));
#1623 = CARTESIAN_POINT('',(6.160864808621,5.984584378015));
#1624 = CARTESIAN_POINT('',(6.201908330131,5.989034838079));
#1625 = CARTESIAN_POINT('',(6.243175833787,5.990977735236));
#1626 = ( GEOMETRIC_REPRESENTATION_CONTEXT(2) 
PARAMETRIC_REPRESENTATION_CONTEXT() REPRESENTATION_CONTEXT('2D SPACE',''
  ) );
#1627 = ORIENTED_EDGE('',*,*,#1394,.F.);
#1628 = ADVANCED_FACE('',(#1629),#494,.T.);
#1629 = FACE_BOUND('',#1630,.T.);
#1630 = EDGE_LOOP('',(#1631,#1632,#1633,#1634,#1635,#1663,#1691));
#1631 = ORIENTED_EDGE('',*,*,#552,.T.);
#1632 = ORIENTED_EDGE('',*,*,#476,.T.);
#1633 = ORIENTED_EDGE('',*,*,#1311,.T.);
#1634 = ORIENTED_EDGE('',*,*,#1257,.T.);
#1635 = ORIENTED_EDGE('',*,*,#1636,.F.);
#1636 = EDGE_CURVE('',#1637,#1230,#1639,.T.);
#1637 = VERTEX_POINT('',#1638);
#1638 = CARTESIAN_POINT('',(7.2,-8.35,0.));
#1639 = SURFACE_CURVE('',#1640,(#1644,#1651),.PCURVE_S1.);
#1640 = LINE('',#1641,#1642);
#1641 = CARTESIAN_POINT('',(7.7,-8.35,0.));
#1642 = VECTOR('',#1643,1.);
#1643 = DIRECTION('',(-1.,0.,0.));
#1644 = PCURVE('',#494,#1645);
#1645 = DEFINITIONAL_REPRESENTATION('',(#1646),#1650);
#1646 = LINE('',#1647,#1648);
#1647 = CARTESIAN_POINT('',(15.4,0.));
#1648 = VECTOR('',#1649,1.);
#1649 = DIRECTION('',(-1.,0.));
#1650 = ( GEOMETRIC_REPRESENTATION_CONTEXT(2) 
PARAMETRIC_REPRESENTATION_CONTEXT() REPRESENTATION_CONTEXT('2D SPACE',''
  ) );
#1651 = PCURVE('',#1652,#1657);
#1652 = PLANE('',#1653);
#1653 = AXIS2_PLACEMENT_3D('',#1654,#1655,#1656);
#1654 = CARTESIAN_POINT('',(0.,-1.110223024625E-15,0.));
#1655 = DIRECTION('',(0.,0.,1.));
#1656 = DIRECTION('',(1.,0.,-0.));
#1657 = DEFINITIONAL_REPRESENTATION('',(#1658),#1662);
#1658 = LINE('',#1659,#1660);
#1659 = CARTESIAN_POINT('',(7.7,-8.35));
#1660 = VECTOR('',#1661,1.);
#1661 = DIRECTION('',(-1.,0.));
#1662 = ( GEOMETRIC_REPRESENTATION_CONTEXT(2) 
PARAMETRIC_REPRESENTATION_CONTEXT() REPRESENTATION_CONTEXT('2D SPACE',''
  ) );
#1663 = ORIENTED_EDGE('',*,*,#1664,.F.);
#1664 = EDGE_CURVE('',#1665,#1637,#1667,.T.);
#1665 = VERTEX_POINT('',#1666);
#1666 = CARTESIAN_POINT('',(7.2,-8.35,6.6));
#1667 = SURFACE_CURVE('',#1668,(#1672,#1679),.PCURVE_S1.);
#1668 = LINE('',#1669,#1670);
#1669 = CARTESIAN_POINT('',(7.2,-8.35,0.));
#1670 = VECTOR('',#1671,1.);
#1671 = DIRECTION('',(0.,0.,-1.));
#1672 = PCURVE('',#494,#1673);
#1673 = DEFINITIONAL_REPRESENTATION('',(#1674),#1678);
#1674 = LINE('',#1675,#1676);
#1675 = CARTESIAN_POINT('',(14.9,0.));
#1676 = VECTOR('',#1677,1.);
#1677 = DIRECTION('',(0.,-1.));
#1678 = ( GEOMETRIC_REPRESENTATION_CONTEXT(2) 
PARAMETRIC_REPRESENTATION_CONTEXT() REPRESENTATION_CONTEXT('2D SPACE',''
  ) );
#1679 = PCURVE('',#1680,#1685);
#1680 = CYLINDRICAL_SURFACE('',#1681,0.5);
#1681 = AXIS2_PLACEMENT_3D('',#1682,#1683,#1684);
#1682 = CARTESIAN_POINT('',(7.2,-7.85,0.));
#1683 = DIRECTION('',(0.,0.,1.));
#1684 = DIRECTION('',(0.707106781187,-0.707106781187,0.));
#1685 = DEFINITIONAL_REPRESENTATION('',(#1686),#1690);
#1686 = LINE('',#1687,#1688);
#1687 = CARTESIAN_POINT('',(-0.785398163397,0.));
#1688 = VECTOR('',#1689,1.);
#1689 = DIRECTION('',(0.,-1.));
#1690 = ( GEOMETRIC_REPRESENTATION_CONTEXT(2) 
PARAMETRIC_REPRESENTATION_CONTEXT() REPRESENTATION_CONTEXT('2D SPACE',''
  ) );
#1691 = ORIENTED_EDGE('',*,*,#1692,.F.);
#1692 = EDGE_CURVE('',#553,#1665,#1693,.T.);
#1693 = SURFACE_CURVE('',#1694,(#1698,#1705),.PCURVE_S1.);
#1694 = LINE('',#1695,#1696);
#1695 = CARTESIAN_POINT('',(7.7,-8.35,6.6));
#1696 = VECTOR('',#1697,1.);
#1697 = DIRECTION('',(1.,0.,0.));
#1698 = PCURVE('',#494,#1699);
#1699 = DEFINITIONAL_REPRESENTATION('',(#1700),#1704);
#1700 = LINE('',#1701,#1702);
#1701 = CARTESIAN_POINT('',(15.4,6.6));
#1702 = VECTOR('',#1703,1.);
#1703 = DIRECTION('',(1.,0.));
#1704 = ( GEOMETRIC_REPRESENTATION_CONTEXT(2) 
PARAMETRIC_REPRESENTATION_CONTEXT() REPRESENTATION_CONTEXT('2D SPACE',''
  ) );
#1705 = PCURVE('',#1706,#1711);
#1706 = PLANE('',#1707);
#1707 = AXIS2_PLACEMENT_3D('',#1708,#1709,#1710);
#1708 = CARTESIAN_POINT('',(0.,-1.110223024625E-15,6.6));
#1709 = DIRECTION('',(0.,0.,1.));
#1710 = DIRECTION('',(1.,0.,-0.));
#1711 = DEFINITIONAL_REPRESENTATION('',(#1712),#1716);
#1712 = LINE('',#1713,#1714);
#1713 = CARTESIAN_POINT('',(7.7,-8.35));
#1714 = VECTOR('',#1715,1.);
#1715 = DIRECTION('',(1.,0.));
#1716 = ( GEOMETRIC_REPRESENTATION_CONTEXT(2) 
PARAMETRIC_REPRESENTATION_CONTEXT() REPRESENTATION_CONTEXT('2D SPACE',''
  ) );
#1717 = ADVANCED_FACE('',(#1718),#597,.T.);
#1718 = FACE_BOUND('',#1719,.T.);
#1719 = EDGE_LOOP('',(#1720,#1721,#1722,#1723,#1724,#1725));
#1720 = ORIENTED_EDGE('',*,*,#786,.T.);
#1721 = ORIENTED_EDGE('',*,*,#737,.T.);
#1722 = ORIENTED_EDGE('',*,*,#688,.T.);
#1723 = ORIENTED_EDGE('',*,*,#639,.T.);
#1724 = ORIENTED_EDGE('',*,*,#580,.T.);
#1725 = ORIENTED_EDGE('',*,*,#1726,.F.);
#1726 = EDGE_CURVE('',#787,#553,#1727,.T.);
#1727 = SURFACE_CURVE('',#1728,(#1732,#1739),.PCURVE_S1.);
#1728 = LINE('',#1729,#1730);
#1729 = CARTESIAN_POINT('',(7.7,-8.35,6.6));
#1730 = VECTOR('',#1731,1.);
#1731 = DIRECTION('',(1.,0.,0.));
#1732 = PCURVE('',#597,#1733);
#1733 = DEFINITIONAL_REPRESENTATION('',(#1734),#1738);
#1734 = LINE('',#1735,#1736);
#1735 = CARTESIAN_POINT('',(15.4,6.6));
#1736 = VECTOR('',#1737,1.);
#1737 = DIRECTION('',(1.,0.));
#1738 = ( GEOMETRIC_REPRESENTATION_CONTEXT(2) 
PARAMETRIC_REPRESENTATION_CONTEXT() REPRESENTATION_CONTEXT('2D SPACE',''
  ) );
#1739 = PCURVE('',#1706,#1740);
#1740 = DEFINITIONAL_REPRESENTATION('',(#1741),#1745);
#1741 = LINE('',#1742,#1743);
#1742 = CARTESIAN_POINT('',(7.7,-8.35));
#1743 = VECTOR('',#1744,1.);
#1744 = DIRECTION('',(1.,0.));
#1745 = ( GEOMETRIC_REPRESENTATION_CONTEXT(2) 
PARAMETRIC_REPRESENTATION_CONTEXT() REPRESENTATION_CONTEXT('2D SPACE',''
  ) );
#1746 = ADVANCED_FACE('',(#1747),#1033,.T.);
#1747 = FACE_BOUND('',#1748,.T.);
#1748 = EDGE_LOOP('',(#1749,#1750,#1751,#1772,#1795,#1823,#1846,#1865));
#1749 = ORIENTED_EDGE('',*,*,#1075,.T.);
#1750 = ORIENTED_EDGE('',*,*,#1016,.T.);
#1751 = ORIENTED_EDGE('',*,*,#1752,.T.);
#1752 = EDGE_CURVE('',#848,#1753,#1755,.T.);
#1753 = VERTEX_POINT('',#1754);
#1754 = CARTESIAN_POINT('',(-6.919599839872,-8.35,6.6));
#1755 = SURFACE_CURVE('',#1756,(#1760,#1766),.PCURVE_S1.);
#1756 = LINE('',#1757,#1758);
#1757 = CARTESIAN_POINT('',(-6.919599839872,-8.35,-1.));
#1758 = VECTOR('',#1759,1.);
#1759 = DIRECTION('',(0.,0.,1.));
#1760 = PCURVE('',#1033,#1761);
#1761 = DEFINITIONAL_REPRESENTATION('',(#1762),#1765);
#1762 = B_SPLINE_CURVE_WITH_KNOTS('',1,(#1763,#1764),.UNSPECIFIED.,.F.,
  .F.,(2,2),(0.33999996312,8.260000003353),.PIECEWISE_BEZIER_KNOTS.);
#1763 = CARTESIAN_POINT('',(0.780400160128,-0.66000003688));
#1764 = CARTESIAN_POINT('',(0.780400160128,7.260000003353));
#1765 = ( GEOMETRIC_REPRESENTATION_CONTEXT(2) 
PARAMETRIC_REPRESENTATION_CONTEXT() REPRESENTATION_CONTEXT('2D SPACE',''
  ) );
#1766 = PCURVE('',#957,#1767);
#1767 = DEFINITIONAL_REPRESENTATION('',(#1768),#1771);
#1768 = B_SPLINE_CURVE_WITH_KNOTS('',1,(#1769,#1770),.UNSPECIFIED.,.F.,
  .F.,(2,2),(0.33999996312,8.260000003353),.PIECEWISE_BEZIER_KNOTS.);
#1769 = CARTESIAN_POINT('',(3.181603327944,0.33999996312));
#1770 = CARTESIAN_POINT('',(3.181603327944,8.260000003353));
#1771 = ( GEOMETRIC_REPRESENTATION_CONTEXT(2) 
PARAMETRIC_REPRESENTATION_CONTEXT() REPRESENTATION_CONTEXT('2D SPACE',''
  ) );
#1772 = ORIENTED_EDGE('',*,*,#1773,.F.);
#1773 = EDGE_CURVE('',#1774,#1753,#1776,.T.);
#1774 = VERTEX_POINT('',#1775);
#1775 = CARTESIAN_POINT('',(-7.2,-8.35,6.6));
#1776 = SURFACE_CURVE('',#1777,(#1781,#1788),.PCURVE_S1.);
#1777 = LINE('',#1778,#1779);
#1778 = CARTESIAN_POINT('',(7.7,-8.35,6.6));
#1779 = VECTOR('',#1780,1.);
#1780 = DIRECTION('',(1.,0.,0.));
#1781 = PCURVE('',#1033,#1782);
#1782 = DEFINITIONAL_REPRESENTATION('',(#1783),#1787);
#1783 = LINE('',#1784,#1785);
#1784 = CARTESIAN_POINT('',(15.4,6.6));
#1785 = VECTOR('',#1786,1.);
#1786 = DIRECTION('',(1.,0.));
#1787 = ( GEOMETRIC_REPRESENTATION_CONTEXT(2) 
PARAMETRIC_REPRESENTATION_CONTEXT() REPRESENTATION_CONTEXT('2D SPACE',''
  ) );
#1788 = PCURVE('',#1706,#1789);
#1789 = DEFINITIONAL_REPRESENTATION('',(#1790),#1794);
#1790 = LINE('',#1791,#1792);
#1791 = CARTESIAN_POINT('',(7.7,-8.35));
#1792 = VECTOR('',#1793,1.);
#1793 = DIRECTION('',(1.,0.));
#1794 = ( GEOMETRIC_REPRESENTATION_CONTEXT(2) 
PARAMETRIC_REPRESENTATION_CONTEXT() REPRESENTATION_CONTEXT('2D SPACE',''
  ) );
#1795 = ORIENTED_EDGE('',*,*,#1796,.F.);
#1796 = EDGE_CURVE('',#1797,#1774,#1799,.T.);
#1797 = VERTEX_POINT('',#1798);
#1798 = CARTESIAN_POINT('',(-7.2,-8.35,0.));
#1799 = SURFACE_CURVE('',#1800,(#1804,#1811),.PCURVE_S1.);
#1800 = LINE('',#1801,#1802);
#1801 = CARTESIAN_POINT('',(-7.2,-8.35,0.));
#1802 = VECTOR('',#1803,1.);
#1803 = DIRECTION('',(0.,0.,1.));
#1804 = PCURVE('',#1033,#1805);
#1805 = DEFINITIONAL_REPRESENTATION('',(#1806),#1810);
#1806 = LINE('',#1807,#1808);
#1807 = CARTESIAN_POINT('',(0.5,0.));
#1808 = VECTOR('',#1809,1.);
#1809 = DIRECTION('',(0.,1.));
#1810 = ( GEOMETRIC_REPRESENTATION_CONTEXT(2) 
PARAMETRIC_REPRESENTATION_CONTEXT() REPRESENTATION_CONTEXT('2D SPACE',''
  ) );
#1811 = PCURVE('',#1812,#1817);
#1812 = CYLINDRICAL_SURFACE('',#1813,0.5);
#1813 = AXIS2_PLACEMENT_3D('',#1814,#1815,#1816);
#1814 = CARTESIAN_POINT('',(-7.2,-7.85,0.));
#1815 = DIRECTION('',(0.,0.,1.));
#1816 = DIRECTION('',(-0.707106781187,-0.707106781187,0.));
#1817 = DEFINITIONAL_REPRESENTATION('',(#1818),#1822);
#1818 = LINE('',#1819,#1820);
#1819 = CARTESIAN_POINT('',(7.068583470577,0.));
#1820 = VECTOR('',#1821,1.);
#1821 = DIRECTION('',(0.,1.));
#1822 = ( GEOMETRIC_REPRESENTATION_CONTEXT(2) 
PARAMETRIC_REPRESENTATION_CONTEXT() REPRESENTATION_CONTEXT('2D SPACE',''
  ) );
#1823 = ORIENTED_EDGE('',*,*,#1824,.F.);
#1824 = EDGE_CURVE('',#1825,#1797,#1827,.T.);
#1825 = VERTEX_POINT('',#1826);
#1826 = CARTESIAN_POINT('',(-6.919599839872,-8.35,0.));
#1827 = SURFACE_CURVE('',#1828,(#1832,#1839),.PCURVE_S1.);
#1828 = LINE('',#1829,#1830);
#1829 = CARTESIAN_POINT('',(7.7,-8.35,0.));
#1830 = VECTOR('',#1831,1.);
#1831 = DIRECTION('',(-1.,0.,0.));
#1832 = PCURVE('',#1033,#1833);
#1833 = DEFINITIONAL_REPRESENTATION('',(#1834),#1838);
#1834 = LINE('',#1835,#1836);
#1835 = CARTESIAN_POINT('',(15.4,0.));
#1836 = VECTOR('',#1837,1.);
#1837 = DIRECTION('',(-1.,0.));
#1838 = ( GEOMETRIC_REPRESENTATION_CONTEXT(2) 
PARAMETRIC_REPRESENTATION_CONTEXT() REPRESENTATION_CONTEXT('2D SPACE',''
  ) );
#1839 = PCURVE('',#1652,#1840);
#1840 = DEFINITIONAL_REPRESENTATION('',(#1841),#1845);
#1841 = LINE('',#1842,#1843);
#1842 = CARTESIAN_POINT('',(7.7,-8.35));
#1843 = VECTOR('',#1844,1.);
#1844 = DIRECTION('',(-1.,0.));
#1845 = ( GEOMETRIC_REPRESENTATION_CONTEXT(2) 
PARAMETRIC_REPRESENTATION_CONTEXT() REPRESENTATION_CONTEXT('2D SPACE',''
  ) );
#1846 = ORIENTED_EDGE('',*,*,#1847,.T.);
#1847 = EDGE_CURVE('',#1825,#1178,#1848,.T.);
#1848 = SURFACE_CURVE('',#1849,(#1853,#1859),.PCURVE_S1.);
#1849 = LINE('',#1850,#1851);
#1850 = CARTESIAN_POINT('',(-6.919599839872,-8.35,-1.));
#1851 = VECTOR('',#1852,1.);
#1852 = DIRECTION('',(0.,0.,1.));
#1853 = PCURVE('',#1033,#1854);
#1854 = DEFINITIONAL_REPRESENTATION('',(#1855),#1858);
#1855 = B_SPLINE_CURVE_WITH_KNOTS('',1,(#1856,#1857),.UNSPECIFIED.,.F.,
  .F.,(2,2),(0.33999996312,8.260000003353),.PIECEWISE_BEZIER_KNOTS.);
#1856 = CARTESIAN_POINT('',(0.780400160128,-0.66000003688));
#1857 = CARTESIAN_POINT('',(0.780400160128,7.260000003353));
#1858 = ( GEOMETRIC_REPRESENTATION_CONTEXT(2) 
PARAMETRIC_REPRESENTATION_CONTEXT() REPRESENTATION_CONTEXT('2D SPACE',''
  ) );
#1859 = PCURVE('',#957,#1860);
#1860 = DEFINITIONAL_REPRESENTATION('',(#1861),#1864);
#1861 = B_SPLINE_CURVE_WITH_KNOTS('',1,(#1862,#1863),.UNSPECIFIED.,.F.,
  .F.,(2,2),(0.33999996312,8.260000003353),.PIECEWISE_BEZIER_KNOTS.);
#1862 = CARTESIAN_POINT('',(3.181603327944,0.33999996312));
#1863 = CARTESIAN_POINT('',(3.181603327944,8.260000003353));
#1864 = ( GEOMETRIC_REPRESENTATION_CONTEXT(2) 
PARAMETRIC_REPRESENTATION_CONTEXT() REPRESENTATION_CONTEXT('2D SPACE',''
  ) );
#1865 = ORIENTED_EDGE('',*,*,#1177,.T.);
#1866 = ADVANCED_FACE('',(#1867,#2029),#957,.F.);
#1867 = FACE_BOUND('',#1868,.F.);
#1868 = EDGE_LOOP('',(#1869,#1893,#1916,#1938,#1939,#1940,#1961,#1983,
    #1984,#2008,#2027,#2028));
#1869 = ORIENTED_EDGE('',*,*,#1870,.F.);
#1870 = EDGE_CURVE('',#1871,#1753,#1873,.T.);
#1871 = VERTEX_POINT('',#1872);
#1872 = CARTESIAN_POINT('',(-5.92,-8.33,6.6));
#1873 = SURFACE_CURVE('',#1874,(#1879,#1886),.PCURVE_S1.);
#1874 = CIRCLE('',#1875,0.5);
#1875 = AXIS2_PLACEMENT_3D('',#1876,#1877,#1878);
#1876 = CARTESIAN_POINT('',(-6.42,-8.33,6.6));
#1877 = DIRECTION('',(0.,0.,1.));
#1878 = DIRECTION('',(1.,0.,-0.));
#1879 = PCURVE('',#957,#1880);
#1880 = DEFINITIONAL_REPRESENTATION('',(#1881),#1885);
#1881 = LINE('',#1882,#1883);
#1882 = CARTESIAN_POINT('',(0.,7.6));
#1883 = VECTOR('',#1884,1.);
#1884 = DIRECTION('',(1.,0.));
#1885 = ( GEOMETRIC_REPRESENTATION_CONTEXT(2) 
PARAMETRIC_REPRESENTATION_CONTEXT() REPRESENTATION_CONTEXT('2D SPACE',''
  ) );
#1886 = PCURVE('',#1706,#1887);
#1887 = DEFINITIONAL_REPRESENTATION('',(#1888),#1892);
#1888 = CIRCLE('',#1889,0.5);
#1889 = AXIS2_PLACEMENT_2D('',#1890,#1891);
#1890 = CARTESIAN_POINT('',(-6.42,-8.33));
#1891 = DIRECTION('',(1.,0.));
#1892 = ( GEOMETRIC_REPRESENTATION_CONTEXT(2) 
PARAMETRIC_REPRESENTATION_CONTEXT() REPRESENTATION_CONTEXT('2D SPACE',''
  ) );
#1893 = ORIENTED_EDGE('',*,*,#1894,.F.);
#1894 = EDGE_CURVE('',#1895,#1871,#1897,.T.);
#1895 = VERTEX_POINT('',#1896);
#1896 = CARTESIAN_POINT('',(-5.92,-8.33,0.));
#1897 = SEAM_CURVE('',#1898,(#1902,#1909),.PCURVE_S1.);
#1898 = LINE('',#1899,#1900);
#1899 = CARTESIAN_POINT('',(-5.92,-8.33,-1.));
#1900 = VECTOR('',#1901,1.);
#1901 = DIRECTION('',(0.,0.,1.));
#1902 = PCURVE('',#957,#1903);
#1903 = DEFINITIONAL_REPRESENTATION('',(#1904),#1908);
#1904 = LINE('',#1905,#1906);
#1905 = CARTESIAN_POINT('',(6.28318530718,-0.));
#1906 = VECTOR('',#1907,1.);
#1907 = DIRECTION('',(0.,1.));
#1908 = ( GEOMETRIC_REPRESENTATION_CONTEXT(2) 
PARAMETRIC_REPRESENTATION_CONTEXT() REPRESENTATION_CONTEXT('2D SPACE',''
  ) );
#1909 = PCURVE('',#957,#1910);
#1910 = DEFINITIONAL_REPRESENTATION('',(#1911),#1915);
#1911 = LINE('',#1912,#1913);
#1912 = CARTESIAN_POINT('',(0.,-0.));
#1913 = VECTOR('',#1914,1.);
#1914 = DIRECTION('',(0.,1.));
#1915 = ( GEOMETRIC_REPRESENTATION_CONTEXT(2) 
PARAMETRIC_REPRESENTATION_CONTEXT() REPRESENTATION_CONTEXT('2D SPACE',''
  ) );
#1916 = ORIENTED_EDGE('',*,*,#1917,.T.);
#1917 = EDGE_CURVE('',#1895,#1825,#1918,.T.);
#1918 = SURFACE_CURVE('',#1919,(#1924,#1931),.PCURVE_S1.);
#1919 = CIRCLE('',#1920,0.5);
#1920 = AXIS2_PLACEMENT_3D('',#1921,#1922,#1923);
#1921 = CARTESIAN_POINT('',(-6.42,-8.33,0.));
#1922 = DIRECTION('',(0.,0.,1.));
#1923 = DIRECTION('',(1.,0.,-0.));
#1924 = PCURVE('',#957,#1925);
#1925 = DEFINITIONAL_REPRESENTATION('',(#1926),#1930);
#1926 = LINE('',#1927,#1928);
#1927 = CARTESIAN_POINT('',(0.,1.));
#1928 = VECTOR('',#1929,1.);
#1929 = DIRECTION('',(1.,0.));
#1930 = ( GEOMETRIC_REPRESENTATION_CONTEXT(2) 
PARAMETRIC_REPRESENTATION_CONTEXT() REPRESENTATION_CONTEXT('2D SPACE',''
  ) );
#1931 = PCURVE('',#1652,#1932);
#1932 = DEFINITIONAL_REPRESENTATION('',(#1933),#1937);
#1933 = CIRCLE('',#1934,0.5);
#1934 = AXIS2_PLACEMENT_2D('',#1935,#1936);
#1935 = CARTESIAN_POINT('',(-6.42,-8.33));
#1936 = DIRECTION('',(1.,0.));
#1937 = ( GEOMETRIC_REPRESENTATION_CONTEXT(2) 
PARAMETRIC_REPRESENTATION_CONTEXT() REPRESENTATION_CONTEXT('2D SPACE',''
  ) );
#1938 = ORIENTED_EDGE('',*,*,#1847,.T.);
#1939 = ORIENTED_EDGE('',*,*,#1200,.T.);
#1940 = ORIENTED_EDGE('',*,*,#1941,.F.);
#1941 = EDGE_CURVE('',#1942,#1127,#1944,.T.);
#1942 = VERTEX_POINT('',#1943);
#1943 = CARTESIAN_POINT('',(-5.920400160128,-8.35,0.));
#1944 = SURFACE_CURVE('',#1945,(#1949,#1955),.PCURVE_S1.);
#1945 = LINE('',#1946,#1947);
#1946 = CARTESIAN_POINT('',(-5.920400160128,-8.35,-1.));
#1947 = VECTOR('',#1948,1.);
#1948 = DIRECTION('',(0.,0.,1.));
#1949 = PCURVE('',#957,#1950);
#1950 = DEFINITIONAL_REPRESENTATION('',(#1951),#1954);
#1951 = B_SPLINE_CURVE_WITH_KNOTS('',1,(#1952,#1953),.UNSPECIFIED.,.F.,
  .F.,(2,2),(0.33999996312,8.260000003353),.PIECEWISE_BEZIER_KNOTS.);
#1952 = CARTESIAN_POINT('',(6.243174632826,0.33999996312));
#1953 = CARTESIAN_POINT('',(6.243174632826,8.260000003353));
#1954 = ( GEOMETRIC_REPRESENTATION_CONTEXT(2) 
PARAMETRIC_REPRESENTATION_CONTEXT() REPRESENTATION_CONTEXT('2D SPACE',''
  ) );
#1955 = PCURVE('',#1142,#1956);
#1956 = DEFINITIONAL_REPRESENTATION('',(#1957),#1960);
#1957 = B_SPLINE_CURVE_WITH_KNOTS('',1,(#1958,#1959),.UNSPECIFIED.,.F.,
  .F.,(2,2),(0.33999996312,8.260000003353),.PIECEWISE_BEZIER_KNOTS.);
#1958 = CARTESIAN_POINT('',(1.779599839872,-0.66000003688));
#1959 = CARTESIAN_POINT('',(1.779599839872,7.260000003353));
#1960 = ( GEOMETRIC_REPRESENTATION_CONTEXT(2) 
PARAMETRIC_REPRESENTATION_CONTEXT() REPRESENTATION_CONTEXT('2D SPACE',''
  ) );
#1961 = ORIENTED_EDGE('',*,*,#1962,.T.);
#1962 = EDGE_CURVE('',#1942,#1895,#1963,.T.);
#1963 = SURFACE_CURVE('',#1964,(#1969,#1976),.PCURVE_S1.);
#1964 = CIRCLE('',#1965,0.5);
#1965 = AXIS2_PLACEMENT_3D('',#1966,#1967,#1968);
#1966 = CARTESIAN_POINT('',(-6.42,-8.33,0.));
#1967 = DIRECTION('',(0.,0.,1.));
#1968 = DIRECTION('',(1.,0.,-0.));
#1969 = PCURVE('',#957,#1970);
#1970 = DEFINITIONAL_REPRESENTATION('',(#1971),#1975);
#1971 = LINE('',#1972,#1973);
#1972 = CARTESIAN_POINT('',(0.,1.));
#1973 = VECTOR('',#1974,1.);
#1974 = DIRECTION('',(1.,0.));
#1975 = ( GEOMETRIC_REPRESENTATION_CONTEXT(2) 
PARAMETRIC_REPRESENTATION_CONTEXT() REPRESENTATION_CONTEXT('2D SPACE',''
  ) );
#1976 = PCURVE('',#1652,#1977);
#1977 = DEFINITIONAL_REPRESENTATION('',(#1978),#1982);
#1978 = CIRCLE('',#1979,0.5);
#1979 = AXIS2_PLACEMENT_2D('',#1980,#1981);
#1980 = CARTESIAN_POINT('',(-6.42,-8.33));
#1981 = DIRECTION('',(1.,0.));
#1982 = ( GEOMETRIC_REPRESENTATION_CONTEXT(2) 
PARAMETRIC_REPRESENTATION_CONTEXT() REPRESENTATION_CONTEXT('2D SPACE',''
  ) );
#1983 = ORIENTED_EDGE('',*,*,#1894,.T.);
#1984 = ORIENTED_EDGE('',*,*,#1985,.F.);
#1985 = EDGE_CURVE('',#1986,#1871,#1988,.T.);
#1986 = VERTEX_POINT('',#1987);
#1987 = CARTESIAN_POINT('',(-5.920400160128,-8.35,6.6));
#1988 = SURFACE_CURVE('',#1989,(#1994,#2001),.PCURVE_S1.);
#1989 = CIRCLE('',#1990,0.5);
#1990 = AXIS2_PLACEMENT_3D('',#1991,#1992,#1993);
#1991 = CARTESIAN_POINT('',(-6.42,-8.33,6.6));
#1992 = DIRECTION('',(0.,0.,1.));
#1993 = DIRECTION('',(1.,0.,-0.));
#1994 = PCURVE('',#957,#1995);
#1995 = DEFINITIONAL_REPRESENTATION('',(#1996),#2000);
#1996 = LINE('',#1997,#1998);
#1997 = CARTESIAN_POINT('',(0.,7.6));
#1998 = VECTOR('',#1999,1.);
#1999 = DIRECTION('',(1.,0.));
#2000 = ( GEOMETRIC_REPRESENTATION_CONTEXT(2) 
PARAMETRIC_REPRESENTATION_CONTEXT() REPRESENTATION_CONTEXT('2D SPACE',''
  ) );
#2001 = PCURVE('',#1706,#2002);
#2002 = DEFINITIONAL_REPRESENTATION('',(#2003),#2007);
#2003 = CIRCLE('',#2004,0.5);
#2004 = AXIS2_PLACEMENT_2D('',#2005,#2006);
#2005 = CARTESIAN_POINT('',(-6.42,-8.33));
#2006 = DIRECTION('',(1.,0.));
#2007 = ( GEOMETRIC_REPRESENTATION_CONTEXT(2) 
PARAMETRIC_REPRESENTATION_CONTEXT() REPRESENTATION_CONTEXT('2D SPACE',''
  ) );
#2008 = ORIENTED_EDGE('',*,*,#2009,.F.);
#2009 = EDGE_CURVE('',#815,#1986,#2010,.T.);
#2010 = SURFACE_CURVE('',#2011,(#2015,#2021),.PCURVE_S1.);
#2011 = LINE('',#2012,#2013);
#2012 = CARTESIAN_POINT('',(-5.920400160128,-8.35,-1.));
#2013 = VECTOR('',#2014,1.);
#2014 = DIRECTION('',(0.,0.,1.));
#2015 = PCURVE('',#957,#2016);
#2016 = DEFINITIONAL_REPRESENTATION('',(#2017),#2020);
#2017 = B_SPLINE_CURVE_WITH_KNOTS('',1,(#2018,#2019),.UNSPECIFIED.,.F.,
  .F.,(2,2),(0.33999996312,8.260000003353),.PIECEWISE_BEZIER_KNOTS.);
#2018 = CARTESIAN_POINT('',(6.243174632826,0.33999996312));
#2019 = CARTESIAN_POINT('',(6.243174632826,8.260000003353));
#2020 = ( GEOMETRIC_REPRESENTATION_CONTEXT(2) 
PARAMETRIC_REPRESENTATION_CONTEXT() REPRESENTATION_CONTEXT('2D SPACE',''
  ) );
#2021 = PCURVE('',#831,#2022);
#2022 = DEFINITIONAL_REPRESENTATION('',(#2023),#2026);
#2023 = B_SPLINE_CURVE_WITH_KNOTS('',1,(#2024,#2025),.UNSPECIFIED.,.F.,
  .F.,(2,2),(0.33999996312,8.260000003353),.PIECEWISE_BEZIER_KNOTS.);
#2024 = CARTESIAN_POINT('',(1.779599839872,-0.66000003688));
#2025 = CARTESIAN_POINT('',(1.779599839872,7.260000003353));
#2026 = ( GEOMETRIC_REPRESENTATION_CONTEXT(2) 
PARAMETRIC_REPRESENTATION_CONTEXT() REPRESENTATION_CONTEXT('2D SPACE',''
  ) );
#2027 = ORIENTED_EDGE('',*,*,#847,.F.);
#2028 = ORIENTED_EDGE('',*,*,#1752,.T.);
#2029 = FACE_BOUND('',#2030,.F.);
#2030 = EDGE_LOOP('',(#2031,#2032,#2033));
#2031 = ORIENTED_EDGE('',*,*,#1417,.F.);
#2032 = ORIENTED_EDGE('',*,*,#1538,.T.);
#2033 = ORIENTED_EDGE('',*,*,#2034,.F.);
#2034 = EDGE_CURVE('',#1418,#1510,#2035,.T.);
#2035 = SURFACE_CURVE('',#2036,(#2040,#2046),.PCURVE_S1.);
#2036 = LINE('',#2037,#2038);
#2037 = CARTESIAN_POINT('',(-5.920400160128,-8.35,-1.));
#2038 = VECTOR('',#2039,1.);
#2039 = DIRECTION('',(0.,0.,1.));
#2040 = PCURVE('',#957,#2041);
#2041 = DEFINITIONAL_REPRESENTATION('',(#2042),#2045);
#2042 = B_SPLINE_CURVE_WITH_KNOTS('',1,(#2043,#2044),.UNSPECIFIED.,.F.,
  .F.,(2,2),(4.4,6.8),.PIECEWISE_BEZIER_KNOTS.);
#2043 = CARTESIAN_POINT('',(6.243174632826,4.4));
#2044 = CARTESIAN_POINT('',(6.243174632826,6.8));
#2045 = ( GEOMETRIC_REPRESENTATION_CONTEXT(2) 
PARAMETRIC_REPRESENTATION_CONTEXT() REPRESENTATION_CONTEXT('2D SPACE',''
  ) );
#2046 = PCURVE('',#1526,#2047);
#2047 = DEFINITIONAL_REPRESENTATION('',(#2048),#2051);
#2048 = B_SPLINE_CURVE_WITH_KNOTS('',1,(#2049,#2050),.UNSPECIFIED.,.F.,
  .F.,(2,2),(4.4,6.8),.PIECEWISE_BEZIER_KNOTS.);
#2049 = CARTESIAN_POINT('',(1.779599839872,3.4));
#2050 = CARTESIAN_POINT('',(1.779599839872,5.8));
#2051 = ( GEOMETRIC_REPRESENTATION_CONTEXT(2) 
PARAMETRIC_REPRESENTATION_CONTEXT() REPRESENTATION_CONTEXT('2D SPACE',''
  ) );
#2052 = ADVANCED_FACE('',(#2053),#831,.T.);
#2053 = FACE_BOUND('',#2054,.T.);
#2054 = EDGE_LOOP('',(#2055,#2056,#2057));
#2055 = ORIENTED_EDGE('',*,*,#2009,.F.);
#2056 = ORIENTED_EDGE('',*,*,#814,.T.);
#2057 = ORIENTED_EDGE('',*,*,#2058,.F.);
#2058 = EDGE_CURVE('',#1986,#787,#2059,.T.);
#2059 = SURFACE_CURVE('',#2060,(#2064,#2071),.PCURVE_S1.);
#2060 = LINE('',#2061,#2062);
#2061 = CARTESIAN_POINT('',(7.7,-8.35,6.6));
#2062 = VECTOR('',#2063,1.);
#2063 = DIRECTION('',(1.,0.,0.));
#2064 = PCURVE('',#831,#2065);
#2065 = DEFINITIONAL_REPRESENTATION('',(#2066),#2070);
#2066 = LINE('',#2067,#2068);
#2067 = CARTESIAN_POINT('',(15.4,6.6));
#2068 = VECTOR('',#2069,1.);
#2069 = DIRECTION('',(1.,0.));
#2070 = ( GEOMETRIC_REPRESENTATION_CONTEXT(2) 
PARAMETRIC_REPRESENTATION_CONTEXT() REPRESENTATION_CONTEXT('2D SPACE',''
  ) );
#2071 = PCURVE('',#1706,#2072);
#2072 = DEFINITIONAL_REPRESENTATION('',(#2073),#2077);
#2073 = LINE('',#2074,#2075);
#2074 = CARTESIAN_POINT('',(7.7,-8.35));
#2075 = VECTOR('',#2076,1.);
#2076 = DIRECTION('',(1.,0.));
#2077 = ( GEOMETRIC_REPRESENTATION_CONTEXT(2) 
PARAMETRIC_REPRESENTATION_CONTEXT() REPRESENTATION_CONTEXT('2D SPACE',''
  ) );
#2078 = ADVANCED_FACE('',(#2079),#1142,.T.);
#2079 = FACE_BOUND('',#2080,.T.);
#2080 = EDGE_LOOP('',(#2081,#2082,#2083,#2104));
#2081 = ORIENTED_EDGE('',*,*,#1124,.T.);
#2082 = ORIENTED_EDGE('',*,*,#1941,.F.);
#2083 = ORIENTED_EDGE('',*,*,#2084,.F.);
#2084 = EDGE_CURVE('',#1230,#1942,#2085,.T.);
#2085 = SURFACE_CURVE('',#2086,(#2090,#2097),.PCURVE_S1.);
#2086 = LINE('',#2087,#2088);
#2087 = CARTESIAN_POINT('',(7.7,-8.35,0.));
#2088 = VECTOR('',#2089,1.);
#2089 = DIRECTION('',(-1.,0.,0.));
#2090 = PCURVE('',#1142,#2091);
#2091 = DEFINITIONAL_REPRESENTATION('',(#2092),#2096);
#2092 = LINE('',#2093,#2094);
#2093 = CARTESIAN_POINT('',(15.4,0.));
#2094 = VECTOR('',#2095,1.);
#2095 = DIRECTION('',(-1.,0.));
#2096 = ( GEOMETRIC_REPRESENTATION_CONTEXT(2) 
PARAMETRIC_REPRESENTATION_CONTEXT() REPRESENTATION_CONTEXT('2D SPACE',''
  ) );
#2097 = PCURVE('',#1652,#2098);
#2098 = DEFINITIONAL_REPRESENTATION('',(#2099),#2103);
#2099 = LINE('',#2100,#2101);
#2100 = CARTESIAN_POINT('',(7.7,-8.35));
#2101 = VECTOR('',#2102,1.);
#2102 = DIRECTION('',(-1.,0.));
#2103 = ( GEOMETRIC_REPRESENTATION_CONTEXT(2) 
PARAMETRIC_REPRESENTATION_CONTEXT() REPRESENTATION_CONTEXT('2D SPACE',''
  ) );
#2104 = ORIENTED_EDGE('',*,*,#1229,.T.);
#2105 = ADVANCED_FACE('',(#2106),#1376,.T.);
#2106 = FACE_BOUND('',#2107,.T.);
#2107 = EDGE_LOOP('',(#2108));
#2108 = ORIENTED_EDGE('',*,*,#1361,.T.);
#2109 = ADVANCED_FACE('',(#2110),#1526,.T.);
#2110 = FACE_BOUND('',#2111,.T.);
#2111 = EDGE_LOOP('',(#2112,#2113));
#2112 = ORIENTED_EDGE('',*,*,#2034,.F.);
#2113 = ORIENTED_EDGE('',*,*,#1509,.T.);
#2114 = ADVANCED_FACE('',(#2115),#1652,.F.);
#2115 = FACE_BOUND('',#2116,.F.);
#2116 = EDGE_LOOP('',(#2117,#2147,#2175,#2203,#2231,#2254,#2283,#2311,
    #2340,#2368,#2396,#2424,#2452,#2475,#2497,#2498,#2499,#2500,#2501,
    #2502));
#2117 = ORIENTED_EDGE('',*,*,#2118,.F.);
#2118 = EDGE_CURVE('',#2119,#2121,#2123,.T.);
#2119 = VERTEX_POINT('',#2120);
#2120 = CARTESIAN_POINT('',(7.7,1.1,0.));
#2121 = VERTEX_POINT('',#2122);
#2122 = CARTESIAN_POINT('',(7.7,-7.85,0.));
#2123 = SURFACE_CURVE('',#2124,(#2128,#2135),.PCURVE_S1.);
#2124 = LINE('',#2125,#2126);
#2125 = CARTESIAN_POINT('',(7.7,8.35,0.));
#2126 = VECTOR('',#2127,1.);
#2127 = DIRECTION('',(0.,-1.,0.));
#2128 = PCURVE('',#1652,#2129);
#2129 = DEFINITIONAL_REPRESENTATION('',(#2130),#2134);
#2130 = LINE('',#2131,#2132);
#2131 = CARTESIAN_POINT('',(7.7,8.35));
#2132 = VECTOR('',#2133,1.);
#2133 = DIRECTION('',(0.,-1.));
#2134 = ( GEOMETRIC_REPRESENTATION_CONTEXT(2) 
PARAMETRIC_REPRESENTATION_CONTEXT() REPRESENTATION_CONTEXT('2D SPACE',''
  ) );
#2135 = PCURVE('',#2136,#2141);
#2136 = PLANE('',#2137);
#2137 = AXIS2_PLACEMENT_3D('',#2138,#2139,#2140);
#2138 = CARTESIAN_POINT('',(7.7,-8.35,0.));
#2139 = DIRECTION('',(1.,0.,0.));
#2140 = DIRECTION('',(-0.,1.,0.));
#2141 = DEFINITIONAL_REPRESENTATION('',(#2142),#2146);
#2142 = LINE('',#2143,#2144);
#2143 = CARTESIAN_POINT('',(16.7,0.));
#2144 = VECTOR('',#2145,1.);
#2145 = DIRECTION('',(-1.,0.));
#2146 = ( GEOMETRIC_REPRESENTATION_CONTEXT(2) 
PARAMETRIC_REPRESENTATION_CONTEXT() REPRESENTATION_CONTEXT('2D SPACE',''
  ) );
#2147 = ORIENTED_EDGE('',*,*,#2148,.T.);
#2148 = EDGE_CURVE('',#2119,#2149,#2151,.T.);
#2149 = VERTEX_POINT('',#2150);
#2150 = CARTESIAN_POINT('',(7.1,1.1,0.));
#2151 = SURFACE_CURVE('',#2152,(#2156,#2163),.PCURVE_S1.);
#2152 = LINE('',#2153,#2154);
#2153 = CARTESIAN_POINT('',(3.85,1.1,0.));
#2154 = VECTOR('',#2155,1.);
#2155 = DIRECTION('',(-1.,0.,0.));
#2156 = PCURVE('',#1652,#2157);
#2157 = DEFINITIONAL_REPRESENTATION('',(#2158),#2162);
#2158 = LINE('',#2159,#2160);
#2159 = CARTESIAN_POINT('',(3.85,1.1));
#2160 = VECTOR('',#2161,1.);
#2161 = DIRECTION('',(-1.,0.));
#2162 = ( GEOMETRIC_REPRESENTATION_CONTEXT(2) 
PARAMETRIC_REPRESENTATION_CONTEXT() REPRESENTATION_CONTEXT('2D SPACE',''
  ) );
#2163 = PCURVE('',#2164,#2169);
#2164 = PLANE('',#2165);
#2165 = AXIS2_PLACEMENT_3D('',#2166,#2167,#2168);
#2166 = CARTESIAN_POINT('',(7.7,1.1,1.8));
#2167 = DIRECTION('',(0.,1.,2.312964634636E-16));
#2168 = DIRECTION('',(1.537668618273E-32,2.312964634636E-16,-1.));
#2169 = DEFINITIONAL_REPRESENTATION('',(#2170),#2174);
#2170 = LINE('',#2171,#2172);
#2171 = CARTESIAN_POINT('',(1.8,3.85));
#2172 = VECTOR('',#2173,1.);
#2173 = DIRECTION('',(-1.537668618273E-32,1.));
#2174 = ( GEOMETRIC_REPRESENTATION_CONTEXT(2) 
PARAMETRIC_REPRESENTATION_CONTEXT() REPRESENTATION_CONTEXT('2D SPACE',''
  ) );
#2175 = ORIENTED_EDGE('',*,*,#2176,.T.);
#2176 = EDGE_CURVE('',#2149,#2177,#2179,.T.);
#2177 = VERTEX_POINT('',#2178);
#2178 = CARTESIAN_POINT('',(7.1,3.6,0.));
#2179 = SURFACE_CURVE('',#2180,(#2184,#2191),.PCURVE_S1.);
#2180 = LINE('',#2181,#2182);
#2181 = CARTESIAN_POINT('',(7.1,1.175,0.));
#2182 = VECTOR('',#2183,1.);
#2183 = DIRECTION('',(0.,1.,0.));
#2184 = PCURVE('',#1652,#2185);
#2185 = DEFINITIONAL_REPRESENTATION('',(#2186),#2190);
#2186 = LINE('',#2187,#2188);
#2187 = CARTESIAN_POINT('',(7.1,1.175));
#2188 = VECTOR('',#2189,1.);
#2189 = DIRECTION('',(0.,1.));
#2190 = ( GEOMETRIC_REPRESENTATION_CONTEXT(2) 
PARAMETRIC_REPRESENTATION_CONTEXT() REPRESENTATION_CONTEXT('2D SPACE',''
  ) );
#2191 = PCURVE('',#2192,#2197);
#2192 = PLANE('',#2193);
#2193 = AXIS2_PLACEMENT_3D('',#2194,#2195,#2196);
#2194 = CARTESIAN_POINT('',(7.1,2.35,0.9));
#2195 = DIRECTION('',(1.,0.,0.));
#2196 = DIRECTION('',(0.,0.,-1.));
#2197 = DEFINITIONAL_REPRESENTATION('',(#2198),#2202);
#2198 = LINE('',#2199,#2200);
#2199 = CARTESIAN_POINT('',(0.9,-1.175));
#2200 = VECTOR('',#2201,1.);
#2201 = DIRECTION('',(0.,1.));
#2202 = ( GEOMETRIC_REPRESENTATION_CONTEXT(2) 
PARAMETRIC_REPRESENTATION_CONTEXT() REPRESENTATION_CONTEXT('2D SPACE',''
  ) );
#2203 = ORIENTED_EDGE('',*,*,#2204,.T.);
#2204 = EDGE_CURVE('',#2177,#2205,#2207,.T.);
#2205 = VERTEX_POINT('',#2206);
#2206 = CARTESIAN_POINT('',(7.7,3.6,0.));
#2207 = SURFACE_CURVE('',#2208,(#2212,#2219),.PCURVE_S1.);
#2208 = LINE('',#2209,#2210);
#2209 = CARTESIAN_POINT('',(3.85,3.6,0.));
#2210 = VECTOR('',#2211,1.);
#2211 = DIRECTION('',(1.,0.,0.));
#2212 = PCURVE('',#1652,#2213);
#2213 = DEFINITIONAL_REPRESENTATION('',(#2214),#2218);
#2214 = LINE('',#2215,#2216);
#2215 = CARTESIAN_POINT('',(3.85,3.6));
#2216 = VECTOR('',#2217,1.);
#2217 = DIRECTION('',(1.,0.));
#2218 = ( GEOMETRIC_REPRESENTATION_CONTEXT(2) 
PARAMETRIC_REPRESENTATION_CONTEXT() REPRESENTATION_CONTEXT('2D SPACE',''
  ) );
#2219 = PCURVE('',#2220,#2225);
#2220 = PLANE('',#2221);
#2221 = AXIS2_PLACEMENT_3D('',#2222,#2223,#2224);
#2222 = CARTESIAN_POINT('',(7.7,3.6,0.));
#2223 = DIRECTION('',(0.,-1.,0.));
#2224 = DIRECTION('',(0.,0.,1.));
#2225 = DEFINITIONAL_REPRESENTATION('',(#2226),#2230);
#2226 = LINE('',#2227,#2228);
#2227 = CARTESIAN_POINT('',(0.,3.85));
#2228 = VECTOR('',#2229,1.);
#2229 = DIRECTION('',(0.,-1.));
#2230 = ( GEOMETRIC_REPRESENTATION_CONTEXT(2) 
PARAMETRIC_REPRESENTATION_CONTEXT() REPRESENTATION_CONTEXT('2D SPACE',''
  ) );
#2231 = ORIENTED_EDGE('',*,*,#2232,.F.);
#2232 = EDGE_CURVE('',#2233,#2205,#2235,.T.);
#2233 = VERTEX_POINT('',#2234);
#2234 = CARTESIAN_POINT('',(7.7,7.85,0.));
#2235 = SURFACE_CURVE('',#2236,(#2240,#2247),.PCURVE_S1.);
#2236 = LINE('',#2237,#2238);
#2237 = CARTESIAN_POINT('',(7.7,8.35,0.));
#2238 = VECTOR('',#2239,1.);
#2239 = DIRECTION('',(0.,-1.,0.));
#2240 = PCURVE('',#1652,#2241);
#2241 = DEFINITIONAL_REPRESENTATION('',(#2242),#2246);
#2242 = LINE('',#2243,#2244);
#2243 = CARTESIAN_POINT('',(7.7,8.35));
#2244 = VECTOR('',#2245,1.);
#2245 = DIRECTION('',(0.,-1.));
#2246 = ( GEOMETRIC_REPRESENTATION_CONTEXT(2) 
PARAMETRIC_REPRESENTATION_CONTEXT() REPRESENTATION_CONTEXT('2D SPACE',''
  ) );
#2247 = PCURVE('',#2136,#2248);
#2248 = DEFINITIONAL_REPRESENTATION('',(#2249),#2253);
#2249 = LINE('',#2250,#2251);
#2250 = CARTESIAN_POINT('',(16.7,0.));
#2251 = VECTOR('',#2252,1.);
#2252 = DIRECTION('',(-1.,0.));
#2253 = ( GEOMETRIC_REPRESENTATION_CONTEXT(2) 
PARAMETRIC_REPRESENTATION_CONTEXT() REPRESENTATION_CONTEXT('2D SPACE',''
  ) );
#2254 = ORIENTED_EDGE('',*,*,#2255,.T.);
#2255 = EDGE_CURVE('',#2233,#2256,#2258,.T.);
#2256 = VERTEX_POINT('',#2257);
#2257 = CARTESIAN_POINT('',(7.2,8.35,0.));
#2258 = SURFACE_CURVE('',#2259,(#2264,#2271),.PCURVE_S1.);
#2259 = CIRCLE('',#2260,0.5);
#2260 = AXIS2_PLACEMENT_3D('',#2261,#2262,#2263);
#2261 = CARTESIAN_POINT('',(7.2,7.85,0.));
#2262 = DIRECTION('',(0.,0.,1.));
#2263 = DIRECTION('',(0.707106781187,0.707106781187,-0.));
#2264 = PCURVE('',#1652,#2265);
#2265 = DEFINITIONAL_REPRESENTATION('',(#2266),#2270);
#2266 = CIRCLE('',#2267,0.5);
#2267 = AXIS2_PLACEMENT_2D('',#2268,#2269);
#2268 = CARTESIAN_POINT('',(7.2,7.85));
#2269 = DIRECTION('',(0.707106781187,0.707106781187));
#2270 = ( GEOMETRIC_REPRESENTATION_CONTEXT(2) 
PARAMETRIC_REPRESENTATION_CONTEXT() REPRESENTATION_CONTEXT('2D SPACE',''
  ) );
#2271 = PCURVE('',#2272,#2277);
#2272 = CYLINDRICAL_SURFACE('',#2273,0.5);
#2273 = AXIS2_PLACEMENT_3D('',#2274,#2275,#2276);
#2274 = CARTESIAN_POINT('',(7.2,7.85,0.));
#2275 = DIRECTION('',(0.,0.,1.));
#2276 = DIRECTION('',(0.707106781187,0.707106781187,-0.));
#2277 = DEFINITIONAL_REPRESENTATION('',(#2278),#2282);
#2278 = LINE('',#2279,#2280);
#2279 = CARTESIAN_POINT('',(-6.28318530718,0.));
#2280 = VECTOR('',#2281,1.);
#2281 = DIRECTION('',(1.,0.));
#2282 = ( GEOMETRIC_REPRESENTATION_CONTEXT(2) 
PARAMETRIC_REPRESENTATION_CONTEXT() REPRESENTATION_CONTEXT('2D SPACE',''
  ) );
#2283 = ORIENTED_EDGE('',*,*,#2284,.F.);
#2284 = EDGE_CURVE('',#2285,#2256,#2287,.T.);
#2285 = VERTEX_POINT('',#2286);
#2286 = CARTESIAN_POINT('',(-7.2,8.35,0.));
#2287 = SURFACE_CURVE('',#2288,(#2292,#2299),.PCURVE_S1.);
#2288 = LINE('',#2289,#2290);
#2289 = CARTESIAN_POINT('',(-7.7,8.35,0.));
#2290 = VECTOR('',#2291,1.);
#2291 = DIRECTION('',(1.,0.,0.));
#2292 = PCURVE('',#1652,#2293);
#2293 = DEFINITIONAL_REPRESENTATION('',(#2294),#2298);
#2294 = LINE('',#2295,#2296);
#2295 = CARTESIAN_POINT('',(-7.7,8.35));
#2296 = VECTOR('',#2297,1.);
#2297 = DIRECTION('',(1.,0.));
#2298 = ( GEOMETRIC_REPRESENTATION_CONTEXT(2) 
PARAMETRIC_REPRESENTATION_CONTEXT() REPRESENTATION_CONTEXT('2D SPACE',''
  ) );
#2299 = PCURVE('',#2300,#2305);
#2300 = PLANE('',#2301);
#2301 = AXIS2_PLACEMENT_3D('',#2302,#2303,#2304);
#2302 = CARTESIAN_POINT('',(7.7,8.35,0.));
#2303 = DIRECTION('',(0.,1.,0.));
#2304 = DIRECTION('',(-1.,0.,0.));
#2305 = DEFINITIONAL_REPRESENTATION('',(#2306),#2310);
#2306 = LINE('',#2307,#2308);
#2307 = CARTESIAN_POINT('',(15.4,0.));
#2308 = VECTOR('',#2309,1.);
#2309 = DIRECTION('',(-1.,0.));
#2310 = ( GEOMETRIC_REPRESENTATION_CONTEXT(2) 
PARAMETRIC_REPRESENTATION_CONTEXT() REPRESENTATION_CONTEXT('2D SPACE',''
  ) );
#2311 = ORIENTED_EDGE('',*,*,#2312,.T.);
#2312 = EDGE_CURVE('',#2285,#2313,#2315,.T.);
#2313 = VERTEX_POINT('',#2314);
#2314 = CARTESIAN_POINT('',(-7.7,7.85,0.));
#2315 = SURFACE_CURVE('',#2316,(#2321,#2328),.PCURVE_S1.);
#2316 = CIRCLE('',#2317,0.5);
#2317 = AXIS2_PLACEMENT_3D('',#2318,#2319,#2320);
#2318 = CARTESIAN_POINT('',(-7.2,7.85,0.));
#2319 = DIRECTION('',(0.,0.,1.));
#2320 = DIRECTION('',(-0.707106781187,0.707106781187,0.));
#2321 = PCURVE('',#1652,#2322);
#2322 = DEFINITIONAL_REPRESENTATION('',(#2323),#2327);
#2323 = CIRCLE('',#2324,0.5);
#2324 = AXIS2_PLACEMENT_2D('',#2325,#2326);
#2325 = CARTESIAN_POINT('',(-7.2,7.85));
#2326 = DIRECTION('',(-0.707106781187,0.707106781187));
#2327 = ( GEOMETRIC_REPRESENTATION_CONTEXT(2) 
PARAMETRIC_REPRESENTATION_CONTEXT() REPRESENTATION_CONTEXT('2D SPACE',''
  ) );
#2328 = PCURVE('',#2329,#2334);
#2329 = CYLINDRICAL_SURFACE('',#2330,0.5);
#2330 = AXIS2_PLACEMENT_3D('',#2331,#2332,#2333);
#2331 = CARTESIAN_POINT('',(-7.2,7.85,0.));
#2332 = DIRECTION('',(0.,0.,1.));
#2333 = DIRECTION('',(-0.707106781187,0.707106781187,0.));
#2334 = DEFINITIONAL_REPRESENTATION('',(#2335),#2339);
#2335 = LINE('',#2336,#2337);
#2336 = CARTESIAN_POINT('',(-6.28318530718,0.));
#2337 = VECTOR('',#2338,1.);
#2338 = DIRECTION('',(1.,0.));
#2339 = ( GEOMETRIC_REPRESENTATION_CONTEXT(2) 
PARAMETRIC_REPRESENTATION_CONTEXT() REPRESENTATION_CONTEXT('2D SPACE',''
  ) );
#2340 = ORIENTED_EDGE('',*,*,#2341,.F.);
#2341 = EDGE_CURVE('',#2342,#2313,#2344,.T.);
#2342 = VERTEX_POINT('',#2343);
#2343 = CARTESIAN_POINT('',(-7.7,3.6,0.));
#2344 = SURFACE_CURVE('',#2345,(#2349,#2356),.PCURVE_S1.);
#2345 = LINE('',#2346,#2347);
#2346 = CARTESIAN_POINT('',(-7.7,-8.35,0.));
#2347 = VECTOR('',#2348,1.);
#2348 = DIRECTION('',(-6.648042063624E-17,1.,0.));
#2349 = PCURVE('',#1652,#2350);
#2350 = DEFINITIONAL_REPRESENTATION('',(#2351),#2355);
#2351 = LINE('',#2352,#2353);
#2352 = CARTESIAN_POINT('',(-7.7,-8.35));
#2353 = VECTOR('',#2354,1.);
#2354 = DIRECTION('',(-6.648042063624E-17,1.));
#2355 = ( GEOMETRIC_REPRESENTATION_CONTEXT(2) 
PARAMETRIC_REPRESENTATION_CONTEXT() REPRESENTATION_CONTEXT('2D SPACE',''
  ) );
#2356 = PCURVE('',#2357,#2362);
#2357 = PLANE('',#2358);
#2358 = AXIS2_PLACEMENT_3D('',#2359,#2360,#2361);
#2359 = CARTESIAN_POINT('',(-7.7,8.35,0.));
#2360 = DIRECTION('',(-1.,-6.648042063624E-17,0.));
#2361 = DIRECTION('',(6.648042063624E-17,-1.,0.));
#2362 = DEFINITIONAL_REPRESENTATION('',(#2363),#2367);
#2363 = LINE('',#2364,#2365);
#2364 = CARTESIAN_POINT('',(16.7,0.));
#2365 = VECTOR('',#2366,1.);
#2366 = DIRECTION('',(-1.,0.));
#2367 = ( GEOMETRIC_REPRESENTATION_CONTEXT(2) 
PARAMETRIC_REPRESENTATION_CONTEXT() REPRESENTATION_CONTEXT('2D SPACE',''
  ) );
#2368 = ORIENTED_EDGE('',*,*,#2369,.F.);
#2369 = EDGE_CURVE('',#2370,#2342,#2372,.T.);
#2370 = VERTEX_POINT('',#2371);
#2371 = CARTESIAN_POINT('',(-7.1,3.6,0.));
#2372 = SURFACE_CURVE('',#2373,(#2377,#2384),.PCURVE_S1.);
#2373 = LINE('',#2374,#2375);
#2374 = CARTESIAN_POINT('',(-3.85,3.6,0.));
#2375 = VECTOR('',#2376,1.);
#2376 = DIRECTION('',(-1.,0.,0.));
#2377 = PCURVE('',#1652,#2378);
#2378 = DEFINITIONAL_REPRESENTATION('',(#2379),#2383);
#2379 = LINE('',#2380,#2381);
#2380 = CARTESIAN_POINT('',(-3.85,3.6));
#2381 = VECTOR('',#2382,1.);
#2382 = DIRECTION('',(-1.,0.));
#2383 = ( GEOMETRIC_REPRESENTATION_CONTEXT(2) 
PARAMETRIC_REPRESENTATION_CONTEXT() REPRESENTATION_CONTEXT('2D SPACE',''
  ) );
#2384 = PCURVE('',#2385,#2390);
#2385 = PLANE('',#2386);
#2386 = AXIS2_PLACEMENT_3D('',#2387,#2388,#2389);
#2387 = CARTESIAN_POINT('',(-7.7,3.6,0.));
#2388 = DIRECTION('',(0.,1.,0.));
#2389 = DIRECTION('',(0.,-0.,1.));
#2390 = DEFINITIONAL_REPRESENTATION('',(#2391),#2395);
#2391 = LINE('',#2392,#2393);
#2392 = CARTESIAN_POINT('',(0.,3.85));
#2393 = VECTOR('',#2394,1.);
#2394 = DIRECTION('',(0.,-1.));
#2395 = ( GEOMETRIC_REPRESENTATION_CONTEXT(2) 
PARAMETRIC_REPRESENTATION_CONTEXT() REPRESENTATION_CONTEXT('2D SPACE',''
  ) );
#2396 = ORIENTED_EDGE('',*,*,#2397,.F.);
#2397 = EDGE_CURVE('',#2398,#2370,#2400,.T.);
#2398 = VERTEX_POINT('',#2399);
#2399 = CARTESIAN_POINT('',(-7.1,1.1,0.));
#2400 = SURFACE_CURVE('',#2401,(#2405,#2412),.PCURVE_S1.);
#2401 = LINE('',#2402,#2403);
#2402 = CARTESIAN_POINT('',(-7.1,1.175,0.));
#2403 = VECTOR('',#2404,1.);
#2404 = DIRECTION('',(0.,1.,0.));
#2405 = PCURVE('',#1652,#2406);
#2406 = DEFINITIONAL_REPRESENTATION('',(#2407),#2411);
#2407 = LINE('',#2408,#2409);
#2408 = CARTESIAN_POINT('',(-7.1,1.175));
#2409 = VECTOR('',#2410,1.);
#2410 = DIRECTION('',(0.,1.));
#2411 = ( GEOMETRIC_REPRESENTATION_CONTEXT(2) 
PARAMETRIC_REPRESENTATION_CONTEXT() REPRESENTATION_CONTEXT('2D SPACE',''
  ) );
#2412 = PCURVE('',#2413,#2418);
#2413 = PLANE('',#2414);
#2414 = AXIS2_PLACEMENT_3D('',#2415,#2416,#2417);
#2415 = CARTESIAN_POINT('',(-7.1,2.35,0.9));
#2416 = DIRECTION('',(1.,0.,0.));
#2417 = DIRECTION('',(0.,0.,-1.));
#2418 = DEFINITIONAL_REPRESENTATION('',(#2419),#2423);
#2419 = LINE('',#2420,#2421);
#2420 = CARTESIAN_POINT('',(0.9,-1.175));
#2421 = VECTOR('',#2422,1.);
#2422 = DIRECTION('',(0.,1.));
#2423 = ( GEOMETRIC_REPRESENTATION_CONTEXT(2) 
PARAMETRIC_REPRESENTATION_CONTEXT() REPRESENTATION_CONTEXT('2D SPACE',''
  ) );
#2424 = ORIENTED_EDGE('',*,*,#2425,.F.);
#2425 = EDGE_CURVE('',#2426,#2398,#2428,.T.);
#2426 = VERTEX_POINT('',#2427);
#2427 = CARTESIAN_POINT('',(-7.7,1.1,0.));
#2428 = SURFACE_CURVE('',#2429,(#2433,#2440),.PCURVE_S1.);
#2429 = LINE('',#2430,#2431);
#2430 = CARTESIAN_POINT('',(-3.85,1.1,0.));
#2431 = VECTOR('',#2432,1.);
#2432 = DIRECTION('',(1.,0.,0.));
#2433 = PCURVE('',#1652,#2434);
#2434 = DEFINITIONAL_REPRESENTATION('',(#2435),#2439);
#2435 = LINE('',#2436,#2437);
#2436 = CARTESIAN_POINT('',(-3.85,1.1));
#2437 = VECTOR('',#2438,1.);
#2438 = DIRECTION('',(1.,0.));
#2439 = ( GEOMETRIC_REPRESENTATION_CONTEXT(2) 
PARAMETRIC_REPRESENTATION_CONTEXT() REPRESENTATION_CONTEXT('2D SPACE',''
  ) );
#2440 = PCURVE('',#2441,#2446);
#2441 = PLANE('',#2442);
#2442 = AXIS2_PLACEMENT_3D('',#2443,#2444,#2445);
#2443 = CARTESIAN_POINT('',(-7.7,1.1,1.8));
#2444 = DIRECTION('',(0.,-1.,-2.312964634636E-16));
#2445 = DIRECTION('',(-1.537668618273E-32,2.312964634636E-16,-1.));
#2446 = DEFINITIONAL_REPRESENTATION('',(#2447),#2451);
#2447 = LINE('',#2448,#2449);
#2448 = CARTESIAN_POINT('',(1.8,3.85));
#2449 = VECTOR('',#2450,1.);
#2450 = DIRECTION('',(-1.537668618273E-32,1.));
#2451 = ( GEOMETRIC_REPRESENTATION_CONTEXT(2) 
PARAMETRIC_REPRESENTATION_CONTEXT() REPRESENTATION_CONTEXT('2D SPACE',''
  ) );
#2452 = ORIENTED_EDGE('',*,*,#2453,.F.);
#2453 = EDGE_CURVE('',#2454,#2426,#2456,.T.);
#2454 = VERTEX_POINT('',#2455);
#2455 = CARTESIAN_POINT('',(-7.7,-7.85,0.));
#2456 = SURFACE_CURVE('',#2457,(#2461,#2468),.PCURVE_S1.);
#2457 = LINE('',#2458,#2459);
#2458 = CARTESIAN_POINT('',(-7.7,-8.35,0.));
#2459 = VECTOR('',#2460,1.);
#2460 = DIRECTION('',(-6.648042063624E-17,1.,0.));
#2461 = PCURVE('',#1652,#2462);
#2462 = DEFINITIONAL_REPRESENTATION('',(#2463),#2467);
#2463 = LINE('',#2464,#2465);
#2464 = CARTESIAN_POINT('',(-7.7,-8.35));
#2465 = VECTOR('',#2466,1.);
#2466 = DIRECTION('',(-6.648042063624E-17,1.));
#2467 = ( GEOMETRIC_REPRESENTATION_CONTEXT(2) 
PARAMETRIC_REPRESENTATION_CONTEXT() REPRESENTATION_CONTEXT('2D SPACE',''
  ) );
#2468 = PCURVE('',#2357,#2469);
#2469 = DEFINITIONAL_REPRESENTATION('',(#2470),#2474);
#2470 = LINE('',#2471,#2472);
#2471 = CARTESIAN_POINT('',(16.7,0.));
#2472 = VECTOR('',#2473,1.);
#2473 = DIRECTION('',(-1.,0.));
#2474 = ( GEOMETRIC_REPRESENTATION_CONTEXT(2) 
PARAMETRIC_REPRESENTATION_CONTEXT() REPRESENTATION_CONTEXT('2D SPACE',''
  ) );
#2475 = ORIENTED_EDGE('',*,*,#2476,.T.);
#2476 = EDGE_CURVE('',#2454,#1797,#2477,.T.);
#2477 = SURFACE_CURVE('',#2478,(#2483,#2490),.PCURVE_S1.);
#2478 = CIRCLE('',#2479,0.5);
#2479 = AXIS2_PLACEMENT_3D('',#2480,#2481,#2482);
#2480 = CARTESIAN_POINT('',(-7.2,-7.85,0.));
#2481 = DIRECTION('',(0.,0.,1.));
#2482 = DIRECTION('',(-0.707106781187,-0.707106781187,0.));
#2483 = PCURVE('',#1652,#2484);
#2484 = DEFINITIONAL_REPRESENTATION('',(#2485),#2489);
#2485 = CIRCLE('',#2486,0.5);
#2486 = AXIS2_PLACEMENT_2D('',#2487,#2488);
#2487 = CARTESIAN_POINT('',(-7.2,-7.85));
#2488 = DIRECTION('',(-0.707106781187,-0.707106781187));
#2489 = ( GEOMETRIC_REPRESENTATION_CONTEXT(2) 
PARAMETRIC_REPRESENTATION_CONTEXT() REPRESENTATION_CONTEXT('2D SPACE',''
  ) );
#2490 = PCURVE('',#1812,#2491);
#2491 = DEFINITIONAL_REPRESENTATION('',(#2492),#2496);
#2492 = LINE('',#2493,#2494);
#2493 = CARTESIAN_POINT('',(8.881784197001E-16,0.));
#2494 = VECTOR('',#2495,1.);
#2495 = DIRECTION('',(1.,0.));
#2496 = ( GEOMETRIC_REPRESENTATION_CONTEXT(2) 
PARAMETRIC_REPRESENTATION_CONTEXT() REPRESENTATION_CONTEXT('2D SPACE',''
  ) );
#2497 = ORIENTED_EDGE('',*,*,#1824,.F.);
#2498 = ORIENTED_EDGE('',*,*,#1917,.F.);
#2499 = ORIENTED_EDGE('',*,*,#1962,.F.);
#2500 = ORIENTED_EDGE('',*,*,#2084,.F.);
#2501 = ORIENTED_EDGE('',*,*,#1636,.F.);
#2502 = ORIENTED_EDGE('',*,*,#2503,.T.);
#2503 = EDGE_CURVE('',#1637,#2121,#2504,.T.);
#2504 = SURFACE_CURVE('',#2505,(#2510,#2517),.PCURVE_S1.);
#2505 = CIRCLE('',#2506,0.5);
#2506 = AXIS2_PLACEMENT_3D('',#2507,#2508,#2509);
#2507 = CARTESIAN_POINT('',(7.2,-7.85,0.));
#2508 = DIRECTION('',(0.,0.,1.));
#2509 = DIRECTION('',(0.707106781187,-0.707106781187,0.));
#2510 = PCURVE('',#1652,#2511);
#2511 = DEFINITIONAL_REPRESENTATION('',(#2512),#2516);
#2512 = CIRCLE('',#2513,0.5);
#2513 = AXIS2_PLACEMENT_2D('',#2514,#2515);
#2514 = CARTESIAN_POINT('',(7.2,-7.85));
#2515 = DIRECTION('',(0.707106781187,-0.707106781187));
#2516 = ( GEOMETRIC_REPRESENTATION_CONTEXT(2) 
PARAMETRIC_REPRESENTATION_CONTEXT() REPRESENTATION_CONTEXT('2D SPACE',''
  ) );
#2517 = PCURVE('',#1680,#2518);
#2518 = DEFINITIONAL_REPRESENTATION('',(#2519),#2523);
#2519 = LINE('',#2520,#2521);
#2520 = CARTESIAN_POINT('',(-6.28318530718,0.));
#2521 = VECTOR('',#2522,1.);
#2522 = DIRECTION('',(1.,0.));
#2523 = ( GEOMETRIC_REPRESENTATION_CONTEXT(2) 
PARAMETRIC_REPRESENTATION_CONTEXT() REPRESENTATION_CONTEXT('2D SPACE',''
  ) );
#2524 = ADVANCED_FACE('',(#2525),#1680,.T.);
#2525 = FACE_BOUND('',#2526,.T.);
#2526 = EDGE_LOOP('',(#2527,#2555,#2556,#2557));
#2527 = ORIENTED_EDGE('',*,*,#2528,.T.);
#2528 = EDGE_CURVE('',#2529,#1665,#2531,.T.);
#2529 = VERTEX_POINT('',#2530);
#2530 = CARTESIAN_POINT('',(7.7,-7.85,6.6));
#2531 = SURFACE_CURVE('',#2532,(#2537,#2544),.PCURVE_S1.);
#2532 = CIRCLE('',#2533,0.5);
#2533 = AXIS2_PLACEMENT_3D('',#2534,#2535,#2536);
#2534 = CARTESIAN_POINT('',(7.2,-7.85,6.6));
#2535 = DIRECTION('',(0.,0.,-1.));
#2536 = DIRECTION('',(0.707106781187,-0.707106781187,0.));
#2537 = PCURVE('',#1680,#2538);
#2538 = DEFINITIONAL_REPRESENTATION('',(#2539),#2543);
#2539 = LINE('',#2540,#2541);
#2540 = CARTESIAN_POINT('',(6.28318530718,6.6));
#2541 = VECTOR('',#2542,1.);
#2542 = DIRECTION('',(-1.,0.));
#2543 = ( GEOMETRIC_REPRESENTATION_CONTEXT(2) 
PARAMETRIC_REPRESENTATION_CONTEXT() REPRESENTATION_CONTEXT('2D SPACE',''
  ) );
#2544 = PCURVE('',#1706,#2545);
#2545 = DEFINITIONAL_REPRESENTATION('',(#2546),#2554);
#2546 = ( BOUNDED_CURVE() B_SPLINE_CURVE(2,(#2547,#2548,#2549,#2550,
#2551,#2552,#2553),.UNSPECIFIED.,.T.,.F.) B_SPLINE_CURVE_WITH_KNOTS((1,2
    ,2,2,2,1),(-2.094395102393,0.,2.094395102393,4.188790204786,
6.28318530718,8.377580409573),.UNSPECIFIED.) CURVE() 
GEOMETRIC_REPRESENTATION_ITEM() RATIONAL_B_SPLINE_CURVE((1.,0.5,1.,0.5,
1.,0.5,1.)) REPRESENTATION_ITEM('') );
#2547 = CARTESIAN_POINT('',(7.553553390593,-8.203553390593));
#2548 = CARTESIAN_POINT('',(6.941180954897,-8.815925826289));
#2549 = CARTESIAN_POINT('',(6.717037086855,-7.979409522551));
#2550 = CARTESIAN_POINT('',(6.492893218813,-7.142893218813));
#2551 = CARTESIAN_POINT('',(7.329409522551,-7.367037086855));
#2552 = CARTESIAN_POINT('',(8.165925826289,-7.591180954897));
#2553 = CARTESIAN_POINT('',(7.553553390593,-8.203553390593));
#2554 = ( GEOMETRIC_REPRESENTATION_CONTEXT(2) 
PARAMETRIC_REPRESENTATION_CONTEXT() REPRESENTATION_CONTEXT('2D SPACE',''
  ) );
#2555 = ORIENTED_EDGE('',*,*,#1664,.T.);
#2556 = ORIENTED_EDGE('',*,*,#2503,.T.);
#2557 = ORIENTED_EDGE('',*,*,#2558,.T.);
#2558 = EDGE_CURVE('',#2121,#2529,#2559,.T.);
#2559 = SURFACE_CURVE('',#2560,(#2564,#2571),.PCURVE_S1.);
#2560 = LINE('',#2561,#2562);
#2561 = CARTESIAN_POINT('',(7.7,-7.85,0.));
#2562 = VECTOR('',#2563,1.);
#2563 = DIRECTION('',(0.,0.,1.));
#2564 = PCURVE('',#1680,#2565);
#2565 = DEFINITIONAL_REPRESENTATION('',(#2566),#2570);
#2566 = LINE('',#2567,#2568);
#2567 = CARTESIAN_POINT('',(0.785398163397,0.));
#2568 = VECTOR('',#2569,1.);
#2569 = DIRECTION('',(0.,1.));
#2570 = ( GEOMETRIC_REPRESENTATION_CONTEXT(2) 
PARAMETRIC_REPRESENTATION_CONTEXT() REPRESENTATION_CONTEXT('2D SPACE',''
  ) );
#2571 = PCURVE('',#2136,#2572);
#2572 = DEFINITIONAL_REPRESENTATION('',(#2573),#2577);
#2573 = LINE('',#2574,#2575);
#2574 = CARTESIAN_POINT('',(0.5,0.));
#2575 = VECTOR('',#2576,1.);
#2576 = DIRECTION('',(0.,1.));
#2577 = ( GEOMETRIC_REPRESENTATION_CONTEXT(2) 
PARAMETRIC_REPRESENTATION_CONTEXT() REPRESENTATION_CONTEXT('2D SPACE',''
  ) );
#2578 = ADVANCED_FACE('',(#2579,#2953),#1706,.T.);
#2579 = FACE_BOUND('',#2580,.T.);
#2580 = EDGE_LOOP('',(#2581,#2611,#2639,#2667,#2690,#2718,#2741,#2769,
    #2792,#2820,#2848,#2876,#2899,#2925,#2926,#2927,#2928,#2929,#2930,
    #2931,#2932));
#2581 = ORIENTED_EDGE('',*,*,#2582,.F.);
#2582 = EDGE_CURVE('',#2583,#2585,#2587,.T.);
#2583 = VERTEX_POINT('',#2584);
#2584 = CARTESIAN_POINT('',(7.1,1.1,6.6));
#2585 = VERTEX_POINT('',#2586);
#2586 = CARTESIAN_POINT('',(7.7,1.1,6.6));
#2587 = SURFACE_CURVE('',#2588,(#2592,#2599),.PCURVE_S1.);
#2588 = LINE('',#2589,#2590);
#2589 = CARTESIAN_POINT('',(3.85,1.1,6.6));
#2590 = VECTOR('',#2591,1.);
#2591 = DIRECTION('',(1.,0.,0.));
#2592 = PCURVE('',#1706,#2593);
#2593 = DEFINITIONAL_REPRESENTATION('',(#2594),#2598);
#2594 = LINE('',#2595,#2596);
#2595 = CARTESIAN_POINT('',(3.85,1.1));
#2596 = VECTOR('',#2597,1.);
#2597 = DIRECTION('',(1.,0.));
#2598 = ( GEOMETRIC_REPRESENTATION_CONTEXT(2) 
PARAMETRIC_REPRESENTATION_CONTEXT() REPRESENTATION_CONTEXT('2D SPACE',''
  ) );
#2599 = PCURVE('',#2600,#2605);
#2600 = PLANE('',#2601);
#2601 = AXIS2_PLACEMENT_3D('',#2602,#2603,#2604);
#2602 = CARTESIAN_POINT('',(7.7,1.1,6.6));
#2603 = DIRECTION('',(0.,1.,0.));
#2604 = DIRECTION('',(0.,0.,-1.));
#2605 = DEFINITIONAL_REPRESENTATION('',(#2606),#2610);
#2606 = LINE('',#2607,#2608);
#2607 = CARTESIAN_POINT('',(0.,3.85));
#2608 = VECTOR('',#2609,1.);
#2609 = DIRECTION('',(0.,-1.));
#2610 = ( GEOMETRIC_REPRESENTATION_CONTEXT(2) 
PARAMETRIC_REPRESENTATION_CONTEXT() REPRESENTATION_CONTEXT('2D SPACE',''
  ) );
#2611 = ORIENTED_EDGE('',*,*,#2612,.F.);
#2612 = EDGE_CURVE('',#2613,#2583,#2615,.T.);
#2613 = VERTEX_POINT('',#2614);
#2614 = CARTESIAN_POINT('',(7.1,3.6,6.6));
#2615 = SURFACE_CURVE('',#2616,(#2620,#2627),.PCURVE_S1.);
#2616 = LINE('',#2617,#2618);
#2617 = CARTESIAN_POINT('',(7.1,1.175,6.6));
#2618 = VECTOR('',#2619,1.);
#2619 = DIRECTION('',(0.,-1.,0.));
#2620 = PCURVE('',#1706,#2621);
#2621 = DEFINITIONAL_REPRESENTATION('',(#2622),#2626);
#2622 = LINE('',#2623,#2624);
#2623 = CARTESIAN_POINT('',(7.1,1.175));
#2624 = VECTOR('',#2625,1.);
#2625 = DIRECTION('',(0.,-1.));
#2626 = ( GEOMETRIC_REPRESENTATION_CONTEXT(2) 
PARAMETRIC_REPRESENTATION_CONTEXT() REPRESENTATION_CONTEXT('2D SPACE',''
  ) );
#2627 = PCURVE('',#2628,#2633);
#2628 = PLANE('',#2629);
#2629 = AXIS2_PLACEMENT_3D('',#2630,#2631,#2632);
#2630 = CARTESIAN_POINT('',(7.1,2.35,5.35));
#2631 = DIRECTION('',(1.,0.,0.));
#2632 = DIRECTION('',(0.,0.,-1.));
#2633 = DEFINITIONAL_REPRESENTATION('',(#2634),#2638);
#2634 = LINE('',#2635,#2636);
#2635 = CARTESIAN_POINT('',(-1.25,-1.175));
#2636 = VECTOR('',#2637,1.);
#2637 = DIRECTION('',(0.,-1.));
#2638 = ( GEOMETRIC_REPRESENTATION_CONTEXT(2) 
PARAMETRIC_REPRESENTATION_CONTEXT() REPRESENTATION_CONTEXT('2D SPACE',''
  ) );
#2639 = ORIENTED_EDGE('',*,*,#2640,.F.);
#2640 = EDGE_CURVE('',#2641,#2613,#2643,.T.);
#2641 = VERTEX_POINT('',#2642);
#2642 = CARTESIAN_POINT('',(7.7,3.6,6.6));
#2643 = SURFACE_CURVE('',#2644,(#2648,#2655),.PCURVE_S1.);
#2644 = LINE('',#2645,#2646);
#2645 = CARTESIAN_POINT('',(3.85,3.6,6.6));
#2646 = VECTOR('',#2647,1.);
#2647 = DIRECTION('',(-1.,0.,0.));
#2648 = PCURVE('',#1706,#2649);
#2649 = DEFINITIONAL_REPRESENTATION('',(#2650),#2654);
#2650 = LINE('',#2651,#2652);
#2651 = CARTESIAN_POINT('',(3.85,3.6));
#2652 = VECTOR('',#2653,1.);
#2653 = DIRECTION('',(-1.,0.));
#2654 = ( GEOMETRIC_REPRESENTATION_CONTEXT(2) 
PARAMETRIC_REPRESENTATION_CONTEXT() REPRESENTATION_CONTEXT('2D SPACE',''
  ) );
#2655 = PCURVE('',#2656,#2661);
#2656 = PLANE('',#2657);
#2657 = AXIS2_PLACEMENT_3D('',#2658,#2659,#2660);
#2658 = CARTESIAN_POINT('',(7.7,3.6,4.1));
#2659 = DIRECTION('',(0.,-1.,0.));
#2660 = DIRECTION('',(0.,0.,1.));
#2661 = DEFINITIONAL_REPRESENTATION('',(#2662),#2666);
#2662 = LINE('',#2663,#2664);
#2663 = CARTESIAN_POINT('',(2.5,3.85));
#2664 = VECTOR('',#2665,1.);
#2665 = DIRECTION('',(0.,1.));
#2666 = ( GEOMETRIC_REPRESENTATION_CONTEXT(2) 
PARAMETRIC_REPRESENTATION_CONTEXT() REPRESENTATION_CONTEXT('2D SPACE',''
  ) );
#2667 = ORIENTED_EDGE('',*,*,#2668,.T.);
#2668 = EDGE_CURVE('',#2641,#2669,#2671,.T.);
#2669 = VERTEX_POINT('',#2670);
#2670 = CARTESIAN_POINT('',(7.7,7.85,6.6));
#2671 = SURFACE_CURVE('',#2672,(#2676,#2683),.PCURVE_S1.);
#2672 = LINE('',#2673,#2674);
#2673 = CARTESIAN_POINT('',(7.7,8.35,6.6));
#2674 = VECTOR('',#2675,1.);
#2675 = DIRECTION('',(0.,1.,0.));
#2676 = PCURVE('',#1706,#2677);
#2677 = DEFINITIONAL_REPRESENTATION('',(#2678),#2682);
#2678 = LINE('',#2679,#2680);
#2679 = CARTESIAN_POINT('',(7.7,8.35));
#2680 = VECTOR('',#2681,1.);
#2681 = DIRECTION('',(0.,1.));
#2682 = ( GEOMETRIC_REPRESENTATION_CONTEXT(2) 
PARAMETRIC_REPRESENTATION_CONTEXT() REPRESENTATION_CONTEXT('2D SPACE',''
  ) );
#2683 = PCURVE('',#2136,#2684);
#2684 = DEFINITIONAL_REPRESENTATION('',(#2685),#2689);
#2685 = LINE('',#2686,#2687);
#2686 = CARTESIAN_POINT('',(16.7,6.6));
#2687 = VECTOR('',#2688,1.);
#2688 = DIRECTION('',(1.,0.));
#2689 = ( GEOMETRIC_REPRESENTATION_CONTEXT(2) 
PARAMETRIC_REPRESENTATION_CONTEXT() REPRESENTATION_CONTEXT('2D SPACE',''
  ) );
#2690 = ORIENTED_EDGE('',*,*,#2691,.F.);
#2691 = EDGE_CURVE('',#2692,#2669,#2694,.T.);
#2692 = VERTEX_POINT('',#2693);
#2693 = CARTESIAN_POINT('',(7.2,8.35,6.6));
#2694 = SURFACE_CURVE('',#2695,(#2700,#2711),.PCURVE_S1.);
#2695 = CIRCLE('',#2696,0.5);
#2696 = AXIS2_PLACEMENT_3D('',#2697,#2698,#2699);
#2697 = CARTESIAN_POINT('',(7.2,7.85,6.6));
#2698 = DIRECTION('',(0.,0.,-1.));
#2699 = DIRECTION('',(0.707106781187,0.707106781187,0.));
#2700 = PCURVE('',#1706,#2701);
#2701 = DEFINITIONAL_REPRESENTATION('',(#2702),#2710);
#2702 = ( BOUNDED_CURVE() B_SPLINE_CURVE(2,(#2703,#2704,#2705,#2706,
#2707,#2708,#2709),.UNSPECIFIED.,.T.,.F.) B_SPLINE_CURVE_WITH_KNOTS((1,2
    ,2,2,2,1),(-2.094395102393,0.,2.094395102393,4.188790204786,
6.28318530718,8.377580409573),.UNSPECIFIED.) CURVE() 
GEOMETRIC_REPRESENTATION_ITEM() RATIONAL_B_SPLINE_CURVE((1.,0.5,1.,0.5,
1.,0.5,1.)) REPRESENTATION_ITEM('') );
#2703 = CARTESIAN_POINT('',(7.553553390593,8.203553390593));
#2704 = CARTESIAN_POINT('',(8.165925826289,7.591180954897));
#2705 = CARTESIAN_POINT('',(7.329409522551,7.367037086855));
#2706 = CARTESIAN_POINT('',(6.492893218813,7.142893218813));
#2707 = CARTESIAN_POINT('',(6.717037086855,7.979409522551));
#2708 = CARTESIAN_POINT('',(6.941180954897,8.815925826289));
#2709 = CARTESIAN_POINT('',(7.553553390593,8.203553390593));
#2710 = ( GEOMETRIC_REPRESENTATION_CONTEXT(2) 
PARAMETRIC_REPRESENTATION_CONTEXT() REPRESENTATION_CONTEXT('2D SPACE',''
  ) );
#2711 = PCURVE('',#2272,#2712);
#2712 = DEFINITIONAL_REPRESENTATION('',(#2713),#2717);
#2713 = LINE('',#2714,#2715);
#2714 = CARTESIAN_POINT('',(6.28318530718,6.6));
#2715 = VECTOR('',#2716,1.);
#2716 = DIRECTION('',(-1.,0.));
#2717 = ( GEOMETRIC_REPRESENTATION_CONTEXT(2) 
PARAMETRIC_REPRESENTATION_CONTEXT() REPRESENTATION_CONTEXT('2D SPACE',''
  ) );
#2718 = ORIENTED_EDGE('',*,*,#2719,.T.);
#2719 = EDGE_CURVE('',#2692,#2720,#2722,.T.);
#2720 = VERTEX_POINT('',#2721);
#2721 = CARTESIAN_POINT('',(-7.2,8.35,6.6));
#2722 = SURFACE_CURVE('',#2723,(#2727,#2734),.PCURVE_S1.);
#2723 = LINE('',#2724,#2725);
#2724 = CARTESIAN_POINT('',(-7.7,8.35,6.6));
#2725 = VECTOR('',#2726,1.);
#2726 = DIRECTION('',(-1.,0.,0.));
#2727 = PCURVE('',#1706,#2728);
#2728 = DEFINITIONAL_REPRESENTATION('',(#2729),#2733);
#2729 = LINE('',#2730,#2731);
#2730 = CARTESIAN_POINT('',(-7.7,8.35));
#2731 = VECTOR('',#2732,1.);
#2732 = DIRECTION('',(-1.,0.));
#2733 = ( GEOMETRIC_REPRESENTATION_CONTEXT(2) 
PARAMETRIC_REPRESENTATION_CONTEXT() REPRESENTATION_CONTEXT('2D SPACE',''
  ) );
#2734 = PCURVE('',#2300,#2735);
#2735 = DEFINITIONAL_REPRESENTATION('',(#2736),#2740);
#2736 = LINE('',#2737,#2738);
#2737 = CARTESIAN_POINT('',(15.4,6.6));
#2738 = VECTOR('',#2739,1.);
#2739 = DIRECTION('',(1.,0.));
#2740 = ( GEOMETRIC_REPRESENTATION_CONTEXT(2) 
PARAMETRIC_REPRESENTATION_CONTEXT() REPRESENTATION_CONTEXT('2D SPACE',''
  ) );
#2741 = ORIENTED_EDGE('',*,*,#2742,.F.);
#2742 = EDGE_CURVE('',#2743,#2720,#2745,.T.);
#2743 = VERTEX_POINT('',#2744);
#2744 = CARTESIAN_POINT('',(-7.7,7.85,6.6));
#2745 = SURFACE_CURVE('',#2746,(#2751,#2762),.PCURVE_S1.);
#2746 = CIRCLE('',#2747,0.5);
#2747 = AXIS2_PLACEMENT_3D('',#2748,#2749,#2750);
#2748 = CARTESIAN_POINT('',(-7.2,7.85,6.6));
#2749 = DIRECTION('',(0.,0.,-1.));
#2750 = DIRECTION('',(-0.707106781187,0.707106781187,0.));
#2751 = PCURVE('',#1706,#2752);
#2752 = DEFINITIONAL_REPRESENTATION('',(#2753),#2761);
#2753 = ( BOUNDED_CURVE() B_SPLINE_CURVE(2,(#2754,#2755,#2756,#2757,
#2758,#2759,#2760),.UNSPECIFIED.,.T.,.F.) B_SPLINE_CURVE_WITH_KNOTS((1,2
    ,2,2,2,1),(-2.094395102393,0.,2.094395102393,4.188790204786,
6.28318530718,8.377580409573),.UNSPECIFIED.) CURVE() 
GEOMETRIC_REPRESENTATION_ITEM() RATIONAL_B_SPLINE_CURVE((1.,0.5,1.,0.5,
1.,0.5,1.)) REPRESENTATION_ITEM('') );
#2754 = CARTESIAN_POINT('',(-7.553553390593,8.203553390593));
#2755 = CARTESIAN_POINT('',(-6.941180954897,8.815925826289));
#2756 = CARTESIAN_POINT('',(-6.717037086855,7.979409522551));
#2757 = CARTESIAN_POINT('',(-6.492893218813,7.142893218813));
#2758 = CARTESIAN_POINT('',(-7.329409522551,7.367037086855));
#2759 = CARTESIAN_POINT('',(-8.165925826289,7.591180954897));
#2760 = CARTESIAN_POINT('',(-7.553553390593,8.203553390593));
#2761 = ( GEOMETRIC_REPRESENTATION_CONTEXT(2) 
PARAMETRIC_REPRESENTATION_CONTEXT() REPRESENTATION_CONTEXT('2D SPACE',''
  ) );
#2762 = PCURVE('',#2329,#2763);
#2763 = DEFINITIONAL_REPRESENTATION('',(#2764),#2768);
#2764 = LINE('',#2765,#2766);
#2765 = CARTESIAN_POINT('',(6.28318530718,6.6));
#2766 = VECTOR('',#2767,1.);
#2767 = DIRECTION('',(-1.,0.));
#2768 = ( GEOMETRIC_REPRESENTATION_CONTEXT(2) 
PARAMETRIC_REPRESENTATION_CONTEXT() REPRESENTATION_CONTEXT('2D SPACE',''
  ) );
#2769 = ORIENTED_EDGE('',*,*,#2770,.T.);
#2770 = EDGE_CURVE('',#2743,#2771,#2773,.T.);
#2771 = VERTEX_POINT('',#2772);
#2772 = CARTESIAN_POINT('',(-7.7,3.6,6.6));
#2773 = SURFACE_CURVE('',#2774,(#2778,#2785),.PCURVE_S1.);
#2774 = LINE('',#2775,#2776);
#2775 = CARTESIAN_POINT('',(-7.7,-8.35,6.6));
#2776 = VECTOR('',#2777,1.);
#2777 = DIRECTION('',(6.648042063624E-17,-1.,0.));
#2778 = PCURVE('',#1706,#2779);
#2779 = DEFINITIONAL_REPRESENTATION('',(#2780),#2784);
#2780 = LINE('',#2781,#2782);
#2781 = CARTESIAN_POINT('',(-7.7,-8.35));
#2782 = VECTOR('',#2783,1.);
#2783 = DIRECTION('',(6.648042063624E-17,-1.));
#2784 = ( GEOMETRIC_REPRESENTATION_CONTEXT(2) 
PARAMETRIC_REPRESENTATION_CONTEXT() REPRESENTATION_CONTEXT('2D SPACE',''
  ) );
#2785 = PCURVE('',#2357,#2786);
#2786 = DEFINITIONAL_REPRESENTATION('',(#2787),#2791);
#2787 = LINE('',#2788,#2789);
#2788 = CARTESIAN_POINT('',(16.7,6.6));
#2789 = VECTOR('',#2790,1.);
#2790 = DIRECTION('',(1.,0.));
#2791 = ( GEOMETRIC_REPRESENTATION_CONTEXT(2) 
PARAMETRIC_REPRESENTATION_CONTEXT() REPRESENTATION_CONTEXT('2D SPACE',''
  ) );
#2792 = ORIENTED_EDGE('',*,*,#2793,.T.);
#2793 = EDGE_CURVE('',#2771,#2794,#2796,.T.);
#2794 = VERTEX_POINT('',#2795);
#2795 = CARTESIAN_POINT('',(-7.1,3.6,6.6));
#2796 = SURFACE_CURVE('',#2797,(#2801,#2808),.PCURVE_S1.);
#2797 = LINE('',#2798,#2799);
#2798 = CARTESIAN_POINT('',(-3.85,3.6,6.6));
#2799 = VECTOR('',#2800,1.);
#2800 = DIRECTION('',(1.,0.,0.));
#2801 = PCURVE('',#1706,#2802);
#2802 = DEFINITIONAL_REPRESENTATION('',(#2803),#2807);
#2803 = LINE('',#2804,#2805);
#2804 = CARTESIAN_POINT('',(-3.85,3.6));
#2805 = VECTOR('',#2806,1.);
#2806 = DIRECTION('',(1.,0.));
#2807 = ( GEOMETRIC_REPRESENTATION_CONTEXT(2) 
PARAMETRIC_REPRESENTATION_CONTEXT() REPRESENTATION_CONTEXT('2D SPACE',''
  ) );
#2808 = PCURVE('',#2809,#2814);
#2809 = PLANE('',#2810);
#2810 = AXIS2_PLACEMENT_3D('',#2811,#2812,#2813);
#2811 = CARTESIAN_POINT('',(-7.7,3.6,4.1));
#2812 = DIRECTION('',(0.,1.,0.));
#2813 = DIRECTION('',(0.,-0.,1.));
#2814 = DEFINITIONAL_REPRESENTATION('',(#2815),#2819);
#2815 = LINE('',#2816,#2817);
#2816 = CARTESIAN_POINT('',(2.5,3.85));
#2817 = VECTOR('',#2818,1.);
#2818 = DIRECTION('',(0.,1.));
#2819 = ( GEOMETRIC_REPRESENTATION_CONTEXT(2) 
PARAMETRIC_REPRESENTATION_CONTEXT() REPRESENTATION_CONTEXT('2D SPACE',''
  ) );
#2820 = ORIENTED_EDGE('',*,*,#2821,.T.);
#2821 = EDGE_CURVE('',#2794,#2822,#2824,.T.);
#2822 = VERTEX_POINT('',#2823);
#2823 = CARTESIAN_POINT('',(-7.1,1.1,6.6));
#2824 = SURFACE_CURVE('',#2825,(#2829,#2836),.PCURVE_S1.);
#2825 = LINE('',#2826,#2827);
#2826 = CARTESIAN_POINT('',(-7.1,1.175,6.6));
#2827 = VECTOR('',#2828,1.);
#2828 = DIRECTION('',(0.,-1.,0.));
#2829 = PCURVE('',#1706,#2830);
#2830 = DEFINITIONAL_REPRESENTATION('',(#2831),#2835);
#2831 = LINE('',#2832,#2833);
#2832 = CARTESIAN_POINT('',(-7.1,1.175));
#2833 = VECTOR('',#2834,1.);
#2834 = DIRECTION('',(0.,-1.));
#2835 = ( GEOMETRIC_REPRESENTATION_CONTEXT(2) 
PARAMETRIC_REPRESENTATION_CONTEXT() REPRESENTATION_CONTEXT('2D SPACE',''
  ) );
#2836 = PCURVE('',#2837,#2842);
#2837 = PLANE('',#2838);
#2838 = AXIS2_PLACEMENT_3D('',#2839,#2840,#2841);
#2839 = CARTESIAN_POINT('',(-7.1,2.35,5.35));
#2840 = DIRECTION('',(1.,0.,0.));
#2841 = DIRECTION('',(0.,0.,-1.));
#2842 = DEFINITIONAL_REPRESENTATION('',(#2843),#2847);
#2843 = LINE('',#2844,#2845);
#2844 = CARTESIAN_POINT('',(-1.25,-1.175));
#2845 = VECTOR('',#2846,1.);
#2846 = DIRECTION('',(0.,-1.));
#2847 = ( GEOMETRIC_REPRESENTATION_CONTEXT(2) 
PARAMETRIC_REPRESENTATION_CONTEXT() REPRESENTATION_CONTEXT('2D SPACE',''
  ) );
#2848 = ORIENTED_EDGE('',*,*,#2849,.T.);
#2849 = EDGE_CURVE('',#2822,#2850,#2852,.T.);
#2850 = VERTEX_POINT('',#2851);
#2851 = CARTESIAN_POINT('',(-7.7,1.1,6.6));
#2852 = SURFACE_CURVE('',#2853,(#2857,#2864),.PCURVE_S1.);
#2853 = LINE('',#2854,#2855);
#2854 = CARTESIAN_POINT('',(-3.85,1.1,6.6));
#2855 = VECTOR('',#2856,1.);
#2856 = DIRECTION('',(-1.,0.,0.));
#2857 = PCURVE('',#1706,#2858);
#2858 = DEFINITIONAL_REPRESENTATION('',(#2859),#2863);
#2859 = LINE('',#2860,#2861);
#2860 = CARTESIAN_POINT('',(-3.85,1.1));
#2861 = VECTOR('',#2862,1.);
#2862 = DIRECTION('',(-1.,0.));
#2863 = ( GEOMETRIC_REPRESENTATION_CONTEXT(2) 
PARAMETRIC_REPRESENTATION_CONTEXT() REPRESENTATION_CONTEXT('2D SPACE',''
  ) );
#2864 = PCURVE('',#2865,#2870);
#2865 = PLANE('',#2866);
#2866 = AXIS2_PLACEMENT_3D('',#2867,#2868,#2869);
#2867 = CARTESIAN_POINT('',(-7.7,1.1,6.6));
#2868 = DIRECTION('',(0.,-1.,0.));
#2869 = DIRECTION('',(0.,0.,-1.));
#2870 = DEFINITIONAL_REPRESENTATION('',(#2871),#2875);
#2871 = LINE('',#2872,#2873);
#2872 = CARTESIAN_POINT('',(0.,3.85));
#2873 = VECTOR('',#2874,1.);
#2874 = DIRECTION('',(0.,-1.));
#2875 = ( GEOMETRIC_REPRESENTATION_CONTEXT(2) 
PARAMETRIC_REPRESENTATION_CONTEXT() REPRESENTATION_CONTEXT('2D SPACE',''
  ) );
#2876 = ORIENTED_EDGE('',*,*,#2877,.T.);
#2877 = EDGE_CURVE('',#2850,#2878,#2880,.T.);
#2878 = VERTEX_POINT('',#2879);
#2879 = CARTESIAN_POINT('',(-7.7,-7.85,6.6));
#2880 = SURFACE_CURVE('',#2881,(#2885,#2892),.PCURVE_S1.);
#2881 = LINE('',#2882,#2883);
#2882 = CARTESIAN_POINT('',(-7.7,-8.35,6.6));
#2883 = VECTOR('',#2884,1.);
#2884 = DIRECTION('',(6.648042063624E-17,-1.,0.));
#2885 = PCURVE('',#1706,#2886);
#2886 = DEFINITIONAL_REPRESENTATION('',(#2887),#2891);
#2887 = LINE('',#2888,#2889);
#2888 = CARTESIAN_POINT('',(-7.7,-8.35));
#2889 = VECTOR('',#2890,1.);
#2890 = DIRECTION('',(6.648042063624E-17,-1.));
#2891 = ( GEOMETRIC_REPRESENTATION_CONTEXT(2) 
PARAMETRIC_REPRESENTATION_CONTEXT() REPRESENTATION_CONTEXT('2D SPACE',''
  ) );
#2892 = PCURVE('',#2357,#2893);
#2893 = DEFINITIONAL_REPRESENTATION('',(#2894),#2898);
#2894 = LINE('',#2895,#2896);
#2895 = CARTESIAN_POINT('',(16.7,6.6));
#2896 = VECTOR('',#2897,1.);
#2897 = DIRECTION('',(1.,0.));
#2898 = ( GEOMETRIC_REPRESENTATION_CONTEXT(2) 
PARAMETRIC_REPRESENTATION_CONTEXT() REPRESENTATION_CONTEXT('2D SPACE',''
  ) );
#2899 = ORIENTED_EDGE('',*,*,#2900,.F.);
#2900 = EDGE_CURVE('',#1774,#2878,#2901,.T.);
#2901 = SURFACE_CURVE('',#2902,(#2907,#2918),.PCURVE_S1.);
#2902 = CIRCLE('',#2903,0.5);
#2903 = AXIS2_PLACEMENT_3D('',#2904,#2905,#2906);
#2904 = CARTESIAN_POINT('',(-7.2,-7.85,6.6));
#2905 = DIRECTION('',(0.,0.,-1.));
#2906 = DIRECTION('',(-0.707106781187,-0.707106781187,-0.));
#2907 = PCURVE('',#1706,#2908);
#2908 = DEFINITIONAL_REPRESENTATION('',(#2909),#2917);
#2909 = ( BOUNDED_CURVE() B_SPLINE_CURVE(2,(#2910,#2911,#2912,#2913,
#2914,#2915,#2916),.UNSPECIFIED.,.T.,.F.) B_SPLINE_CURVE_WITH_KNOTS((1,2
    ,2,2,2,1),(-2.094395102393,0.,2.094395102393,4.188790204786,
6.28318530718,8.377580409573),.UNSPECIFIED.) CURVE() 
GEOMETRIC_REPRESENTATION_ITEM() RATIONAL_B_SPLINE_CURVE((1.,0.5,1.,0.5,
1.,0.5,1.)) REPRESENTATION_ITEM('') );
#2910 = CARTESIAN_POINT('',(-7.553553390593,-8.203553390593));
#2911 = CARTESIAN_POINT('',(-8.165925826289,-7.591180954897));
#2912 = CARTESIAN_POINT('',(-7.329409522551,-7.367037086855));
#2913 = CARTESIAN_POINT('',(-6.492893218813,-7.142893218813));
#2914 = CARTESIAN_POINT('',(-6.717037086855,-7.979409522551));
#2915 = CARTESIAN_POINT('',(-6.941180954897,-8.815925826289));
#2916 = CARTESIAN_POINT('',(-7.553553390593,-8.203553390593));
#2917 = ( GEOMETRIC_REPRESENTATION_CONTEXT(2) 
PARAMETRIC_REPRESENTATION_CONTEXT() REPRESENTATION_CONTEXT('2D SPACE',''
  ) );
#2918 = PCURVE('',#1812,#2919);
#2919 = DEFINITIONAL_REPRESENTATION('',(#2920),#2924);
#2920 = LINE('',#2921,#2922);
#2921 = CARTESIAN_POINT('',(12.566370614359,6.6));
#2922 = VECTOR('',#2923,1.);
#2923 = DIRECTION('',(-1.,0.));
#2924 = ( GEOMETRIC_REPRESENTATION_CONTEXT(2) 
PARAMETRIC_REPRESENTATION_CONTEXT() REPRESENTATION_CONTEXT('2D SPACE',''
  ) );
#2925 = ORIENTED_EDGE('',*,*,#1773,.T.);
#2926 = ORIENTED_EDGE('',*,*,#1870,.F.);
#2927 = ORIENTED_EDGE('',*,*,#1985,.F.);
#2928 = ORIENTED_EDGE('',*,*,#2058,.T.);
#2929 = ORIENTED_EDGE('',*,*,#1726,.T.);
#2930 = ORIENTED_EDGE('',*,*,#1692,.T.);
#2931 = ORIENTED_EDGE('',*,*,#2528,.F.);
#2932 = ORIENTED_EDGE('',*,*,#2933,.T.);
#2933 = EDGE_CURVE('',#2529,#2585,#2934,.T.);
#2934 = SURFACE_CURVE('',#2935,(#2939,#2946),.PCURVE_S1.);
#2935 = LINE('',#2936,#2937);
#2936 = CARTESIAN_POINT('',(7.7,8.35,6.6));
#2937 = VECTOR('',#2938,1.);
#2938 = DIRECTION('',(0.,1.,0.));
#2939 = PCURVE('',#1706,#2940);
#2940 = DEFINITIONAL_REPRESENTATION('',(#2941),#2945);
#2941 = LINE('',#2942,#2943);
#2942 = CARTESIAN_POINT('',(7.7,8.35));
#2943 = VECTOR('',#2944,1.);
#2944 = DIRECTION('',(0.,1.));
#2945 = ( GEOMETRIC_REPRESENTATION_CONTEXT(2) 
PARAMETRIC_REPRESENTATION_CONTEXT() REPRESENTATION_CONTEXT('2D SPACE',''
  ) );
#2946 = PCURVE('',#2136,#2947);
#2947 = DEFINITIONAL_REPRESENTATION('',(#2948),#2952);
#2948 = LINE('',#2949,#2950);
#2949 = CARTESIAN_POINT('',(16.7,6.6));
#2950 = VECTOR('',#2951,1.);
#2951 = DIRECTION('',(1.,0.));
#2952 = ( GEOMETRIC_REPRESENTATION_CONTEXT(2) 
PARAMETRIC_REPRESENTATION_CONTEXT() REPRESENTATION_CONTEXT('2D SPACE',''
  ) );
#2953 = FACE_BOUND('',#2954,.T.);
#2954 = EDGE_LOOP('',(#2955));
#2955 = ORIENTED_EDGE('',*,*,#2956,.T.);
#2956 = EDGE_CURVE('',#2957,#2957,#2959,.T.);
#2957 = VERTEX_POINT('',#2958);
#2958 = CARTESIAN_POINT('',(2.725,2.35,6.6));
#2959 = SURFACE_CURVE('',#2960,(#2965,#2976),.PCURVE_S1.);
#2960 = CIRCLE('',#2961,2.725);
#2961 = AXIS2_PLACEMENT_3D('',#2962,#2963,#2964);
#2962 = CARTESIAN_POINT('',(0.,2.35,6.6));
#2963 = DIRECTION('',(0.,0.,-1.));
#2964 = DIRECTION('',(-1.,0.,0.));
#2965 = PCURVE('',#1706,#2966);
#2966 = DEFINITIONAL_REPRESENTATION('',(#2967),#2975);
#2967 = ( BOUNDED_CURVE() B_SPLINE_CURVE(2,(#2968,#2969,#2970,#2971,
#2972,#2973,#2974),.UNSPECIFIED.,.T.,.F.) B_SPLINE_CURVE_WITH_KNOTS((1,2
    ,2,2,2,1),(-2.094395102393,0.,2.094395102393,4.188790204786,
6.28318530718,8.377580409573),.UNSPECIFIED.) CURVE() 
GEOMETRIC_REPRESENTATION_ITEM() RATIONAL_B_SPLINE_CURVE((1.,0.5,1.,0.5,
1.,0.5,1.)) REPRESENTATION_ITEM('') );
#2968 = CARTESIAN_POINT('',(-2.725,2.35));
#2969 = CARTESIAN_POINT('',(-2.725,7.069838450625));
#2970 = CARTESIAN_POINT('',(1.3625,4.709919225313));
#2971 = CARTESIAN_POINT('',(5.45,2.35));
#2972 = CARTESIAN_POINT('',(1.3625,-9.919225312593E-03));
#2973 = CARTESIAN_POINT('',(-2.725,-2.369838450625));
#2974 = CARTESIAN_POINT('',(-2.725,2.35));
#2975 = ( GEOMETRIC_REPRESENTATION_CONTEXT(2) 
PARAMETRIC_REPRESENTATION_CONTEXT() REPRESENTATION_CONTEXT('2D SPACE',''
  ) );
#2976 = PCURVE('',#2977,#2982);
#2977 = CYLINDRICAL_SURFACE('',#2978,2.725);
#2978 = AXIS2_PLACEMENT_3D('',#2979,#2980,#2981);
#2979 = CARTESIAN_POINT('',(0.,2.35,6.6));
#2980 = DIRECTION('',(0.,0.,1.));
#2981 = DIRECTION('',(-1.,0.,0.));
#2982 = DEFINITIONAL_REPRESENTATION('',(#2983),#2987);
#2983 = LINE('',#2984,#2985);
#2984 = CARTESIAN_POINT('',(6.28318530718,0.));
#2985 = VECTOR('',#2986,1.);
#2986 = DIRECTION('',(-1.,0.));
#2987 = ( GEOMETRIC_REPRESENTATION_CONTEXT(2) 
PARAMETRIC_REPRESENTATION_CONTEXT() REPRESENTATION_CONTEXT('2D SPACE',''
  ) );
#2988 = ADVANCED_FACE('',(#2989),#1812,.T.);
#2989 = FACE_BOUND('',#2990,.T.);
#2990 = EDGE_LOOP('',(#2991,#2992,#3013,#3014));
#2991 = ORIENTED_EDGE('',*,*,#2900,.T.);
#2992 = ORIENTED_EDGE('',*,*,#2993,.T.);
#2993 = EDGE_CURVE('',#2878,#2454,#2994,.T.);
#2994 = SURFACE_CURVE('',#2995,(#2999,#3006),.PCURVE_S1.);
#2995 = LINE('',#2996,#2997);
#2996 = CARTESIAN_POINT('',(-7.7,-7.85,0.));
#2997 = VECTOR('',#2998,1.);
#2998 = DIRECTION('',(0.,0.,-1.));
#2999 = PCURVE('',#1812,#3000);
#3000 = DEFINITIONAL_REPRESENTATION('',(#3001),#3005);
#3001 = LINE('',#3002,#3003);
#3002 = CARTESIAN_POINT('',(5.497787143782,0.));
#3003 = VECTOR('',#3004,1.);
#3004 = DIRECTION('',(0.,-1.));
#3005 = ( GEOMETRIC_REPRESENTATION_CONTEXT(2) 
PARAMETRIC_REPRESENTATION_CONTEXT() REPRESENTATION_CONTEXT('2D SPACE',''
  ) );
#3006 = PCURVE('',#2357,#3007);
#3007 = DEFINITIONAL_REPRESENTATION('',(#3008),#3012);
#3008 = LINE('',#3009,#3010);
#3009 = CARTESIAN_POINT('',(16.2,0.));
#3010 = VECTOR('',#3011,1.);
#3011 = DIRECTION('',(0.,-1.));
#3012 = ( GEOMETRIC_REPRESENTATION_CONTEXT(2) 
PARAMETRIC_REPRESENTATION_CONTEXT() REPRESENTATION_CONTEXT('2D SPACE',''
  ) );
#3013 = ORIENTED_EDGE('',*,*,#2476,.T.);
#3014 = ORIENTED_EDGE('',*,*,#1796,.T.);
#3015 = ADVANCED_FACE('',(#3016),#2136,.T.);
#3016 = FACE_BOUND('',#3017,.T.);
#3017 = EDGE_LOOP('',(#3018,#3041,#3069,#3090,#3091,#3112,#3113,#3136,
    #3164,#3185,#3186,#3187));
#3018 = ORIENTED_EDGE('',*,*,#3019,.F.);
#3019 = EDGE_CURVE('',#3020,#2119,#3022,.T.);
#3020 = VERTEX_POINT('',#3021);
#3021 = CARTESIAN_POINT('',(7.7,1.1,1.8));
#3022 = SURFACE_CURVE('',#3023,(#3027,#3034),.PCURVE_S1.);
#3023 = LINE('',#3024,#3025);
#3024 = CARTESIAN_POINT('',(7.7,1.1,0.9));
#3025 = VECTOR('',#3026,1.);
#3026 = DIRECTION('',(0.,2.312964634636E-16,-1.));
#3027 = PCURVE('',#2136,#3028);
#3028 = DEFINITIONAL_REPRESENTATION('',(#3029),#3033);
#3029 = LINE('',#3030,#3031);
#3030 = CARTESIAN_POINT('',(9.45,0.9));
#3031 = VECTOR('',#3032,1.);
#3032 = DIRECTION('',(2.312964634636E-16,-1.));
#3033 = ( GEOMETRIC_REPRESENTATION_CONTEXT(2) 
PARAMETRIC_REPRESENTATION_CONTEXT() REPRESENTATION_CONTEXT('2D SPACE',''
  ) );
#3034 = PCURVE('',#2164,#3035);
#3035 = DEFINITIONAL_REPRESENTATION('',(#3036),#3040);
#3036 = LINE('',#3037,#3038);
#3037 = CARTESIAN_POINT('',(0.9,1.383901756446E-32));
#3038 = VECTOR('',#3039,1.);
#3039 = DIRECTION('',(1.,1.537668618273E-32));
#3040 = ( GEOMETRIC_REPRESENTATION_CONTEXT(2) 
PARAMETRIC_REPRESENTATION_CONTEXT() REPRESENTATION_CONTEXT('2D SPACE',''
  ) );
#3041 = ORIENTED_EDGE('',*,*,#3042,.F.);
#3042 = EDGE_CURVE('',#3043,#3020,#3045,.T.);
#3043 = VERTEX_POINT('',#3044);
#3044 = CARTESIAN_POINT('',(7.7,3.6,1.8));
#3045 = SURFACE_CURVE('',#3046,(#3050,#3057),.PCURVE_S1.);
#3046 = LINE('',#3047,#3048);
#3047 = CARTESIAN_POINT('',(7.7,-2.375,1.8));
#3048 = VECTOR('',#3049,1.);
#3049 = DIRECTION('',(0.,-1.,0.));
#3050 = PCURVE('',#2136,#3051);
#3051 = DEFINITIONAL_REPRESENTATION('',(#3052),#3056);
#3052 = LINE('',#3053,#3054);
#3053 = CARTESIAN_POINT('',(5.975,1.8));
#3054 = VECTOR('',#3055,1.);
#3055 = DIRECTION('',(-1.,0.));
#3056 = ( GEOMETRIC_REPRESENTATION_CONTEXT(2) 
PARAMETRIC_REPRESENTATION_CONTEXT() REPRESENTATION_CONTEXT('2D SPACE',''
  ) );
#3057 = PCURVE('',#3058,#3063);
#3058 = PLANE('',#3059);
#3059 = AXIS2_PLACEMENT_3D('',#3060,#3061,#3062);
#3060 = CARTESIAN_POINT('',(7.7,3.6,1.8));
#3061 = DIRECTION('',(0.,0.,-1.));
#3062 = DIRECTION('',(-6.648042063624E-17,-1.,-0.));
#3063 = DEFINITIONAL_REPRESENTATION('',(#3064),#3068);
#3064 = LINE('',#3065,#3066);
#3065 = CARTESIAN_POINT('',(5.975,-3.972205133015E-16));
#3066 = VECTOR('',#3067,1.);
#3067 = DIRECTION('',(1.,-6.648042063624E-17));
#3068 = ( GEOMETRIC_REPRESENTATION_CONTEXT(2) 
PARAMETRIC_REPRESENTATION_CONTEXT() REPRESENTATION_CONTEXT('2D SPACE',''
  ) );
#3069 = ORIENTED_EDGE('',*,*,#3070,.F.);
#3070 = EDGE_CURVE('',#2205,#3043,#3071,.T.);
#3071 = SURFACE_CURVE('',#3072,(#3076,#3083),.PCURVE_S1.);
#3072 = LINE('',#3073,#3074);
#3073 = CARTESIAN_POINT('',(7.7,3.6,0.));
#3074 = VECTOR('',#3075,1.);
#3075 = DIRECTION('',(0.,0.,1.));
#3076 = PCURVE('',#2136,#3077);
#3077 = DEFINITIONAL_REPRESENTATION('',(#3078),#3082);
#3078 = LINE('',#3079,#3080);
#3079 = CARTESIAN_POINT('',(11.95,0.));
#3080 = VECTOR('',#3081,1.);
#3081 = DIRECTION('',(0.,1.));
#3082 = ( GEOMETRIC_REPRESENTATION_CONTEXT(2) 
PARAMETRIC_REPRESENTATION_CONTEXT() REPRESENTATION_CONTEXT('2D SPACE',''
  ) );
#3083 = PCURVE('',#2220,#3084);
#3084 = DEFINITIONAL_REPRESENTATION('',(#3085),#3089);
#3085 = LINE('',#3086,#3087);
#3086 = CARTESIAN_POINT('',(0.,0.));
#3087 = VECTOR('',#3088,1.);
#3088 = DIRECTION('',(1.,0.));
#3089 = ( GEOMETRIC_REPRESENTATION_CONTEXT(2) 
PARAMETRIC_REPRESENTATION_CONTEXT() REPRESENTATION_CONTEXT('2D SPACE',''
  ) );
#3090 = ORIENTED_EDGE('',*,*,#2232,.F.);
#3091 = ORIENTED_EDGE('',*,*,#3092,.F.);
#3092 = EDGE_CURVE('',#2669,#2233,#3093,.T.);
#3093 = SURFACE_CURVE('',#3094,(#3098,#3105),.PCURVE_S1.);
#3094 = LINE('',#3095,#3096);
#3095 = CARTESIAN_POINT('',(7.7,7.85,0.));
#3096 = VECTOR('',#3097,1.);
#3097 = DIRECTION('',(0.,0.,-1.));
#3098 = PCURVE('',#2136,#3099);
#3099 = DEFINITIONAL_REPRESENTATION('',(#3100),#3104);
#3100 = LINE('',#3101,#3102);
#3101 = CARTESIAN_POINT('',(16.2,0.));
#3102 = VECTOR('',#3103,1.);
#3103 = DIRECTION('',(0.,-1.));
#3104 = ( GEOMETRIC_REPRESENTATION_CONTEXT(2) 
PARAMETRIC_REPRESENTATION_CONTEXT() REPRESENTATION_CONTEXT('2D SPACE',''
  ) );
#3105 = PCURVE('',#2272,#3106);
#3106 = DEFINITIONAL_REPRESENTATION('',(#3107),#3111);
#3107 = LINE('',#3108,#3109);
#3108 = CARTESIAN_POINT('',(-0.785398163397,0.));
#3109 = VECTOR('',#3110,1.);
#3110 = DIRECTION('',(0.,-1.));
#3111 = ( GEOMETRIC_REPRESENTATION_CONTEXT(2) 
PARAMETRIC_REPRESENTATION_CONTEXT() REPRESENTATION_CONTEXT('2D SPACE',''
  ) );
#3112 = ORIENTED_EDGE('',*,*,#2668,.F.);
#3113 = ORIENTED_EDGE('',*,*,#3114,.F.);
#3114 = EDGE_CURVE('',#3115,#2641,#3117,.T.);
#3115 = VERTEX_POINT('',#3116);
#3116 = CARTESIAN_POINT('',(7.7,3.6,4.1));
#3117 = SURFACE_CURVE('',#3118,(#3122,#3129),.PCURVE_S1.);
#3118 = LINE('',#3119,#3120);
#3119 = CARTESIAN_POINT('',(7.7,3.6,2.05));
#3120 = VECTOR('',#3121,1.);
#3121 = DIRECTION('',(0.,0.,1.));
#3122 = PCURVE('',#2136,#3123);
#3123 = DEFINITIONAL_REPRESENTATION('',(#3124),#3128);
#3124 = LINE('',#3125,#3126);
#3125 = CARTESIAN_POINT('',(11.95,2.05));
#3126 = VECTOR('',#3127,1.);
#3127 = DIRECTION('',(0.,1.));
#3128 = ( GEOMETRIC_REPRESENTATION_CONTEXT(2) 
PARAMETRIC_REPRESENTATION_CONTEXT() REPRESENTATION_CONTEXT('2D SPACE',''
  ) );
#3129 = PCURVE('',#2656,#3130);
#3130 = DEFINITIONAL_REPRESENTATION('',(#3131),#3135);
#3131 = LINE('',#3132,#3133);
#3132 = CARTESIAN_POINT('',(-2.05,0.));
#3133 = VECTOR('',#3134,1.);
#3134 = DIRECTION('',(1.,0.));
#3135 = ( GEOMETRIC_REPRESENTATION_CONTEXT(2) 
PARAMETRIC_REPRESENTATION_CONTEXT() REPRESENTATION_CONTEXT('2D SPACE',''
  ) );
#3136 = ORIENTED_EDGE('',*,*,#3137,.F.);
#3137 = EDGE_CURVE('',#3138,#3115,#3140,.T.);
#3138 = VERTEX_POINT('',#3139);
#3139 = CARTESIAN_POINT('',(7.7,1.1,4.1));
#3140 = SURFACE_CURVE('',#3141,(#3145,#3152),.PCURVE_S1.);
#3141 = LINE('',#3142,#3143);
#3142 = CARTESIAN_POINT('',(7.7,-3.625,4.1));
#3143 = VECTOR('',#3144,1.);
#3144 = DIRECTION('',(0.,1.,0.));
#3145 = PCURVE('',#2136,#3146);
#3146 = DEFINITIONAL_REPRESENTATION('',(#3147),#3151);
#3147 = LINE('',#3148,#3149);
#3148 = CARTESIAN_POINT('',(4.725,4.1));
#3149 = VECTOR('',#3150,1.);
#3150 = DIRECTION('',(1.,0.));
#3151 = ( GEOMETRIC_REPRESENTATION_CONTEXT(2) 
PARAMETRIC_REPRESENTATION_CONTEXT() REPRESENTATION_CONTEXT('2D SPACE',''
  ) );
#3152 = PCURVE('',#3153,#3158);
#3153 = PLANE('',#3154);
#3154 = AXIS2_PLACEMENT_3D('',#3155,#3156,#3157);
#3155 = CARTESIAN_POINT('',(7.7,1.1,4.1));
#3156 = DIRECTION('',(0.,0.,1.));
#3157 = DIRECTION('',(6.648042063624E-17,1.,-0.));
#3158 = DEFINITIONAL_REPRESENTATION('',(#3159),#3163);
#3159 = LINE('',#3160,#3161);
#3160 = CARTESIAN_POINT('',(-4.725,-3.141199875062E-16));
#3161 = VECTOR('',#3162,1.);
#3162 = DIRECTION('',(1.,6.648042063624E-17));
#3163 = ( GEOMETRIC_REPRESENTATION_CONTEXT(2) 
PARAMETRIC_REPRESENTATION_CONTEXT() REPRESENTATION_CONTEXT('2D SPACE',''
  ) );
#3164 = ORIENTED_EDGE('',*,*,#3165,.F.);
#3165 = EDGE_CURVE('',#2585,#3138,#3166,.T.);
#3166 = SURFACE_CURVE('',#3167,(#3171,#3178),.PCURVE_S1.);
#3167 = LINE('',#3168,#3169);
#3168 = CARTESIAN_POINT('',(7.7,1.1,3.3));
#3169 = VECTOR('',#3170,1.);
#3170 = DIRECTION('',(0.,0.,-1.));
#3171 = PCURVE('',#2136,#3172);
#3172 = DEFINITIONAL_REPRESENTATION('',(#3173),#3177);
#3173 = LINE('',#3174,#3175);
#3174 = CARTESIAN_POINT('',(9.45,3.3));
#3175 = VECTOR('',#3176,1.);
#3176 = DIRECTION('',(0.,-1.));
#3177 = ( GEOMETRIC_REPRESENTATION_CONTEXT(2) 
PARAMETRIC_REPRESENTATION_CONTEXT() REPRESENTATION_CONTEXT('2D SPACE',''
  ) );
#3178 = PCURVE('',#2600,#3179);
#3179 = DEFINITIONAL_REPRESENTATION('',(#3180),#3184);
#3180 = LINE('',#3181,#3182);
#3181 = CARTESIAN_POINT('',(3.3,0.));
#3182 = VECTOR('',#3183,1.);
#3183 = DIRECTION('',(1.,0.));
#3184 = ( GEOMETRIC_REPRESENTATION_CONTEXT(2) 
PARAMETRIC_REPRESENTATION_CONTEXT() REPRESENTATION_CONTEXT('2D SPACE',''
  ) );
#3185 = ORIENTED_EDGE('',*,*,#2933,.F.);
#3186 = ORIENTED_EDGE('',*,*,#2558,.F.);
#3187 = ORIENTED_EDGE('',*,*,#2118,.F.);
#3188 = ADVANCED_FACE('',(#3189),#2357,.T.);
#3189 = FACE_BOUND('',#3190,.T.);
#3190 = EDGE_LOOP('',(#3191,#3214,#3242,#3263,#3264,#3285,#3286,#3309,
    #3337,#3358,#3359,#3360));
#3191 = ORIENTED_EDGE('',*,*,#3192,.T.);
#3192 = EDGE_CURVE('',#2850,#3193,#3195,.T.);
#3193 = VERTEX_POINT('',#3194);
#3194 = CARTESIAN_POINT('',(-7.7,1.1,4.1));
#3195 = SURFACE_CURVE('',#3196,(#3200,#3207),.PCURVE_S1.);
#3196 = LINE('',#3197,#3198);
#3197 = CARTESIAN_POINT('',(-7.7,1.1,3.3));
#3198 = VECTOR('',#3199,1.);
#3199 = DIRECTION('',(0.,0.,-1.));
#3200 = PCURVE('',#2357,#3201);
#3201 = DEFINITIONAL_REPRESENTATION('',(#3202),#3206);
#3202 = LINE('',#3203,#3204);
#3203 = CARTESIAN_POINT('',(7.25,3.3));
#3204 = VECTOR('',#3205,1.);
#3205 = DIRECTION('',(0.,-1.));
#3206 = ( GEOMETRIC_REPRESENTATION_CONTEXT(2) 
PARAMETRIC_REPRESENTATION_CONTEXT() REPRESENTATION_CONTEXT('2D SPACE',''
  ) );
#3207 = PCURVE('',#2865,#3208);
#3208 = DEFINITIONAL_REPRESENTATION('',(#3209),#3213);
#3209 = LINE('',#3210,#3211);
#3210 = CARTESIAN_POINT('',(3.3,0.));
#3211 = VECTOR('',#3212,1.);
#3212 = DIRECTION('',(1.,0.));
#3213 = ( GEOMETRIC_REPRESENTATION_CONTEXT(2) 
PARAMETRIC_REPRESENTATION_CONTEXT() REPRESENTATION_CONTEXT('2D SPACE',''
  ) );
#3214 = ORIENTED_EDGE('',*,*,#3215,.T.);
#3215 = EDGE_CURVE('',#3193,#3216,#3218,.T.);
#3216 = VERTEX_POINT('',#3217);
#3217 = CARTESIAN_POINT('',(-7.7,3.6,4.1));
#3218 = SURFACE_CURVE('',#3219,(#3223,#3230),.PCURVE_S1.);
#3219 = LINE('',#3220,#3221);
#3220 = CARTESIAN_POINT('',(-7.7,4.725,4.1));
#3221 = VECTOR('',#3222,1.);
#3222 = DIRECTION('',(-6.648042063624E-17,1.,0.));
#3223 = PCURVE('',#2357,#3224);
#3224 = DEFINITIONAL_REPRESENTATION('',(#3225),#3229);
#3225 = LINE('',#3226,#3227);
#3226 = CARTESIAN_POINT('',(3.625,4.1));
#3227 = VECTOR('',#3228,1.);
#3228 = DIRECTION('',(-1.,0.));
#3229 = ( GEOMETRIC_REPRESENTATION_CONTEXT(2) 
PARAMETRIC_REPRESENTATION_CONTEXT() REPRESENTATION_CONTEXT('2D SPACE',''
  ) );
#3230 = PCURVE('',#3231,#3236);
#3231 = PLANE('',#3232);
#3232 = AXIS2_PLACEMENT_3D('',#3233,#3234,#3235);
#3233 = CARTESIAN_POINT('',(-7.7,1.1,4.1));
#3234 = DIRECTION('',(0.,0.,-1.));
#3235 = DIRECTION('',(-6.648042063624E-17,1.,0.));
#3236 = DEFINITIONAL_REPRESENTATION('',(#3237),#3241);
#3237 = LINE('',#3238,#3239);
#3238 = CARTESIAN_POINT('',(3.625,2.409915248064E-16));
#3239 = VECTOR('',#3240,1.);
#3240 = DIRECTION('',(1.,0.));
#3241 = ( GEOMETRIC_REPRESENTATION_CONTEXT(2) 
PARAMETRIC_REPRESENTATION_CONTEXT() REPRESENTATION_CONTEXT('2D SPACE',''
  ) );
#3242 = ORIENTED_EDGE('',*,*,#3243,.T.);
#3243 = EDGE_CURVE('',#3216,#2771,#3244,.T.);
#3244 = SURFACE_CURVE('',#3245,(#3249,#3256),.PCURVE_S1.);
#3245 = LINE('',#3246,#3247);
#3246 = CARTESIAN_POINT('',(-7.7,3.6,2.05));
#3247 = VECTOR('',#3248,1.);
#3248 = DIRECTION('',(0.,0.,1.));
#3249 = PCURVE('',#2357,#3250);
#3250 = DEFINITIONAL_REPRESENTATION('',(#3251),#3255);
#3251 = LINE('',#3252,#3253);
#3252 = CARTESIAN_POINT('',(4.75,2.05));
#3253 = VECTOR('',#3254,1.);
#3254 = DIRECTION('',(0.,1.));
#3255 = ( GEOMETRIC_REPRESENTATION_CONTEXT(2) 
PARAMETRIC_REPRESENTATION_CONTEXT() REPRESENTATION_CONTEXT('2D SPACE',''
  ) );
#3256 = PCURVE('',#2809,#3257);
#3257 = DEFINITIONAL_REPRESENTATION('',(#3258),#3262);
#3258 = LINE('',#3259,#3260);
#3259 = CARTESIAN_POINT('',(-2.05,0.));
#3260 = VECTOR('',#3261,1.);
#3261 = DIRECTION('',(1.,0.));
#3262 = ( GEOMETRIC_REPRESENTATION_CONTEXT(2) 
PARAMETRIC_REPRESENTATION_CONTEXT() REPRESENTATION_CONTEXT('2D SPACE',''
  ) );
#3263 = ORIENTED_EDGE('',*,*,#2770,.F.);
#3264 = ORIENTED_EDGE('',*,*,#3265,.F.);
#3265 = EDGE_CURVE('',#2313,#2743,#3266,.T.);
#3266 = SURFACE_CURVE('',#3267,(#3271,#3278),.PCURVE_S1.);
#3267 = LINE('',#3268,#3269);
#3268 = CARTESIAN_POINT('',(-7.7,7.85,0.));
#3269 = VECTOR('',#3270,1.);
#3270 = DIRECTION('',(0.,0.,1.));
#3271 = PCURVE('',#2357,#3272);
#3272 = DEFINITIONAL_REPRESENTATION('',(#3273),#3277);
#3273 = LINE('',#3274,#3275);
#3274 = CARTESIAN_POINT('',(0.5,0.));
#3275 = VECTOR('',#3276,1.);
#3276 = DIRECTION('',(0.,1.));
#3277 = ( GEOMETRIC_REPRESENTATION_CONTEXT(2) 
PARAMETRIC_REPRESENTATION_CONTEXT() REPRESENTATION_CONTEXT('2D SPACE',''
  ) );
#3278 = PCURVE('',#2329,#3279);
#3279 = DEFINITIONAL_REPRESENTATION('',(#3280),#3284);
#3280 = LINE('',#3281,#3282);
#3281 = CARTESIAN_POINT('',(0.785398163397,0.));
#3282 = VECTOR('',#3283,1.);
#3283 = DIRECTION('',(0.,1.));
#3284 = ( GEOMETRIC_REPRESENTATION_CONTEXT(2) 
PARAMETRIC_REPRESENTATION_CONTEXT() REPRESENTATION_CONTEXT('2D SPACE',''
  ) );
#3285 = ORIENTED_EDGE('',*,*,#2341,.F.);
#3286 = ORIENTED_EDGE('',*,*,#3287,.T.);
#3287 = EDGE_CURVE('',#2342,#3288,#3290,.T.);
#3288 = VERTEX_POINT('',#3289);
#3289 = CARTESIAN_POINT('',(-7.7,3.6,1.8));
#3290 = SURFACE_CURVE('',#3291,(#3295,#3302),.PCURVE_S1.);
#3291 = LINE('',#3292,#3293);
#3292 = CARTESIAN_POINT('',(-7.7,3.6,0.));
#3293 = VECTOR('',#3294,1.);
#3294 = DIRECTION('',(0.,0.,1.));
#3295 = PCURVE('',#2357,#3296);
#3296 = DEFINITIONAL_REPRESENTATION('',(#3297),#3301);
#3297 = LINE('',#3298,#3299);
#3298 = CARTESIAN_POINT('',(4.75,0.));
#3299 = VECTOR('',#3300,1.);
#3300 = DIRECTION('',(0.,1.));
#3301 = ( GEOMETRIC_REPRESENTATION_CONTEXT(2) 
PARAMETRIC_REPRESENTATION_CONTEXT() REPRESENTATION_CONTEXT('2D SPACE',''
  ) );
#3302 = PCURVE('',#2385,#3303);
#3303 = DEFINITIONAL_REPRESENTATION('',(#3304),#3308);
#3304 = LINE('',#3305,#3306);
#3305 = CARTESIAN_POINT('',(0.,0.));
#3306 = VECTOR('',#3307,1.);
#3307 = DIRECTION('',(1.,0.));
#3308 = ( GEOMETRIC_REPRESENTATION_CONTEXT(2) 
PARAMETRIC_REPRESENTATION_CONTEXT() REPRESENTATION_CONTEXT('2D SPACE',''
  ) );
#3309 = ORIENTED_EDGE('',*,*,#3310,.T.);
#3310 = EDGE_CURVE('',#3288,#3311,#3313,.T.);
#3311 = VERTEX_POINT('',#3312);
#3312 = CARTESIAN_POINT('',(-7.7,1.1,1.8));
#3313 = SURFACE_CURVE('',#3314,(#3318,#3325),.PCURVE_S1.);
#3314 = LINE('',#3315,#3316);
#3315 = CARTESIAN_POINT('',(-7.7,5.975,1.8));
#3316 = VECTOR('',#3317,1.);
#3317 = DIRECTION('',(6.648042063624E-17,-1.,0.));
#3318 = PCURVE('',#2357,#3319);
#3319 = DEFINITIONAL_REPRESENTATION('',(#3320),#3324);
#3320 = LINE('',#3321,#3322);
#3321 = CARTESIAN_POINT('',(2.375,1.8));
#3322 = VECTOR('',#3323,1.);
#3323 = DIRECTION('',(1.,0.));
#3324 = ( GEOMETRIC_REPRESENTATION_CONTEXT(2) 
PARAMETRIC_REPRESENTATION_CONTEXT() REPRESENTATION_CONTEXT('2D SPACE',''
  ) );
#3325 = PCURVE('',#3326,#3331);
#3326 = PLANE('',#3327);
#3327 = AXIS2_PLACEMENT_3D('',#3328,#3329,#3330);
#3328 = CARTESIAN_POINT('',(-7.7,3.6,1.8));
#3329 = DIRECTION('',(0.,0.,1.));
#3330 = DIRECTION('',(6.648042063624E-17,-1.,0.));
#3331 = DEFINITIONAL_REPRESENTATION('',(#3332),#3336);
#3332 = LINE('',#3333,#3334);
#3333 = CARTESIAN_POINT('',(-2.375,1.578909990111E-16));
#3334 = VECTOR('',#3335,1.);
#3335 = DIRECTION('',(1.,0.));
#3336 = ( GEOMETRIC_REPRESENTATION_CONTEXT(2) 
PARAMETRIC_REPRESENTATION_CONTEXT() REPRESENTATION_CONTEXT('2D SPACE',''
  ) );
#3337 = ORIENTED_EDGE('',*,*,#3338,.T.);
#3338 = EDGE_CURVE('',#3311,#2426,#3339,.T.);
#3339 = SURFACE_CURVE('',#3340,(#3344,#3351),.PCURVE_S1.);
#3340 = LINE('',#3341,#3342);
#3341 = CARTESIAN_POINT('',(-7.7,1.1,0.9));
#3342 = VECTOR('',#3343,1.);
#3343 = DIRECTION('',(-1.537668618273E-32,2.312964634636E-16,-1.));
#3344 = PCURVE('',#2357,#3345);
#3345 = DEFINITIONAL_REPRESENTATION('',(#3346),#3350);
#3346 = LINE('',#3347,#3348);
#3347 = CARTESIAN_POINT('',(7.25,0.9));
#3348 = VECTOR('',#3349,1.);
#3349 = DIRECTION('',(-2.312964634636E-16,-1.));
#3350 = ( GEOMETRIC_REPRESENTATION_CONTEXT(2) 
PARAMETRIC_REPRESENTATION_CONTEXT() REPRESENTATION_CONTEXT('2D SPACE',''
  ) );
#3351 = PCURVE('',#2441,#3352);
#3352 = DEFINITIONAL_REPRESENTATION('',(#3353),#3357);
#3353 = LINE('',#3354,#3355);
#3354 = CARTESIAN_POINT('',(0.9,1.383901756446E-32));
#3355 = VECTOR('',#3356,1.);
#3356 = DIRECTION('',(1.,0.));
#3357 = ( GEOMETRIC_REPRESENTATION_CONTEXT(2) 
PARAMETRIC_REPRESENTATION_CONTEXT() REPRESENTATION_CONTEXT('2D SPACE',''
  ) );
#3358 = ORIENTED_EDGE('',*,*,#2453,.F.);
#3359 = ORIENTED_EDGE('',*,*,#2993,.F.);
#3360 = ORIENTED_EDGE('',*,*,#2877,.F.);
#3361 = ADVANCED_FACE('',(#3362),#2441,.F.);
#3362 = FACE_BOUND('',#3363,.T.);
#3363 = EDGE_LOOP('',(#3364,#3365,#3388,#3409));
#3364 = ORIENTED_EDGE('',*,*,#3338,.F.);
#3365 = ORIENTED_EDGE('',*,*,#3366,.T.);
#3366 = EDGE_CURVE('',#3311,#3367,#3369,.T.);
#3367 = VERTEX_POINT('',#3368);
#3368 = CARTESIAN_POINT('',(-7.1,1.1,1.8));
#3369 = SURFACE_CURVE('',#3370,(#3374,#3381),.PCURVE_S1.);
#3370 = LINE('',#3371,#3372);
#3371 = CARTESIAN_POINT('',(-7.7,1.1,1.8));
#3372 = VECTOR('',#3373,1.);
#3373 = DIRECTION('',(1.,0.,0.));
#3374 = PCURVE('',#2441,#3375);
#3375 = DEFINITIONAL_REPRESENTATION('',(#3376),#3380);
#3376 = LINE('',#3377,#3378);
#3377 = CARTESIAN_POINT('',(0.,0.));
#3378 = VECTOR('',#3379,1.);
#3379 = DIRECTION('',(-1.537668618273E-32,1.));
#3380 = ( GEOMETRIC_REPRESENTATION_CONTEXT(2) 
PARAMETRIC_REPRESENTATION_CONTEXT() REPRESENTATION_CONTEXT('2D SPACE',''
  ) );
#3381 = PCURVE('',#3326,#3382);
#3382 = DEFINITIONAL_REPRESENTATION('',(#3383),#3387);
#3383 = LINE('',#3384,#3385);
#3384 = CARTESIAN_POINT('',(2.5,-1.662010515906E-16));
#3385 = VECTOR('',#3386,1.);
#3386 = DIRECTION('',(6.648042063624E-17,1.));
#3387 = ( GEOMETRIC_REPRESENTATION_CONTEXT(2) 
PARAMETRIC_REPRESENTATION_CONTEXT() REPRESENTATION_CONTEXT('2D SPACE',''
  ) );
#3388 = ORIENTED_EDGE('',*,*,#3389,.T.);
#3389 = EDGE_CURVE('',#3367,#2398,#3390,.T.);
#3390 = SURFACE_CURVE('',#3391,(#3395,#3402),.PCURVE_S1.);
#3391 = LINE('',#3392,#3393);
#3392 = CARTESIAN_POINT('',(-7.1,1.1,1.8));
#3393 = VECTOR('',#3394,1.);
#3394 = DIRECTION('',(-1.537668618273E-32,2.312964634636E-16,-1.));
#3395 = PCURVE('',#2441,#3396);
#3396 = DEFINITIONAL_REPRESENTATION('',(#3397),#3401);
#3397 = LINE('',#3398,#3399);
#3398 = CARTESIAN_POINT('',(-9.226011709639E-33,0.6));
#3399 = VECTOR('',#3400,1.);
#3400 = DIRECTION('',(1.,0.));
#3401 = ( GEOMETRIC_REPRESENTATION_CONTEXT(2) 
PARAMETRIC_REPRESENTATION_CONTEXT() REPRESENTATION_CONTEXT('2D SPACE',''
  ) );
#3402 = PCURVE('',#2413,#3403);
#3403 = DEFINITIONAL_REPRESENTATION('',(#3404),#3408);
#3404 = LINE('',#3405,#3406);
#3405 = CARTESIAN_POINT('',(-0.9,-1.25));
#3406 = VECTOR('',#3407,1.);
#3407 = DIRECTION('',(1.,2.312964634636E-16));
#3408 = ( GEOMETRIC_REPRESENTATION_CONTEXT(2) 
PARAMETRIC_REPRESENTATION_CONTEXT() REPRESENTATION_CONTEXT('2D SPACE',''
  ) );
#3409 = ORIENTED_EDGE('',*,*,#2425,.F.);
#3410 = ADVANCED_FACE('',(#3411),#2413,.F.);
#3411 = FACE_BOUND('',#3412,.T.);
#3412 = EDGE_LOOP('',(#3413,#3436,#3457,#3458));
#3413 = ORIENTED_EDGE('',*,*,#3414,.F.);
#3414 = EDGE_CURVE('',#3415,#3367,#3417,.T.);
#3415 = VERTEX_POINT('',#3416);
#3416 = CARTESIAN_POINT('',(-7.1,3.6,1.8));
#3417 = SURFACE_CURVE('',#3418,(#3422,#3429),.PCURVE_S1.);
#3418 = LINE('',#3419,#3420);
#3419 = CARTESIAN_POINT('',(-7.1,3.6,1.8));
#3420 = VECTOR('',#3421,1.);
#3421 = DIRECTION('',(6.648042063624E-17,-1.,0.));
#3422 = PCURVE('',#2413,#3423);
#3423 = DEFINITIONAL_REPRESENTATION('',(#3424),#3428);
#3424 = LINE('',#3425,#3426);
#3425 = CARTESIAN_POINT('',(-0.9,1.25));
#3426 = VECTOR('',#3427,1.);
#3427 = DIRECTION('',(0.,-1.));
#3428 = ( GEOMETRIC_REPRESENTATION_CONTEXT(2) 
PARAMETRIC_REPRESENTATION_CONTEXT() REPRESENTATION_CONTEXT('2D SPACE',''
  ) );
#3429 = PCURVE('',#3326,#3430);
#3430 = DEFINITIONAL_REPRESENTATION('',(#3431),#3435);
#3431 = LINE('',#3432,#3433);
#3432 = CARTESIAN_POINT('',(3.988825238174E-17,0.6));
#3433 = VECTOR('',#3434,1.);
#3434 = DIRECTION('',(1.,0.));
#3435 = ( GEOMETRIC_REPRESENTATION_CONTEXT(2) 
PARAMETRIC_REPRESENTATION_CONTEXT() REPRESENTATION_CONTEXT('2D SPACE',''
  ) );
#3436 = ORIENTED_EDGE('',*,*,#3437,.F.);
#3437 = EDGE_CURVE('',#2370,#3415,#3438,.T.);
#3438 = SURFACE_CURVE('',#3439,(#3443,#3450),.PCURVE_S1.);
#3439 = LINE('',#3440,#3441);
#3440 = CARTESIAN_POINT('',(-7.1,3.6,0.));
#3441 = VECTOR('',#3442,1.);
#3442 = DIRECTION('',(0.,0.,1.));
#3443 = PCURVE('',#2413,#3444);
#3444 = DEFINITIONAL_REPRESENTATION('',(#3445),#3449);
#3445 = LINE('',#3446,#3447);
#3446 = CARTESIAN_POINT('',(0.9,1.25));
#3447 = VECTOR('',#3448,1.);
#3448 = DIRECTION('',(-1.,0.));
#3449 = ( GEOMETRIC_REPRESENTATION_CONTEXT(2) 
PARAMETRIC_REPRESENTATION_CONTEXT() REPRESENTATION_CONTEXT('2D SPACE',''
  ) );
#3450 = PCURVE('',#2385,#3451);
#3451 = DEFINITIONAL_REPRESENTATION('',(#3452),#3456);
#3452 = LINE('',#3453,#3454);
#3453 = CARTESIAN_POINT('',(0.,0.6));
#3454 = VECTOR('',#3455,1.);
#3455 = DIRECTION('',(1.,0.));
#3456 = ( GEOMETRIC_REPRESENTATION_CONTEXT(2) 
PARAMETRIC_REPRESENTATION_CONTEXT() REPRESENTATION_CONTEXT('2D SPACE',''
  ) );
#3457 = ORIENTED_EDGE('',*,*,#2397,.F.);
#3458 = ORIENTED_EDGE('',*,*,#3389,.F.);
#3459 = ADVANCED_FACE('',(#3460),#2385,.F.);
#3460 = FACE_BOUND('',#3461,.T.);
#3461 = EDGE_LOOP('',(#3462,#3463,#3464,#3465));
#3462 = ORIENTED_EDGE('',*,*,#3287,.F.);
#3463 = ORIENTED_EDGE('',*,*,#2369,.F.);
#3464 = ORIENTED_EDGE('',*,*,#3437,.T.);
#3465 = ORIENTED_EDGE('',*,*,#3466,.F.);
#3466 = EDGE_CURVE('',#3288,#3415,#3467,.T.);
#3467 = SURFACE_CURVE('',#3468,(#3472,#3479),.PCURVE_S1.);
#3468 = LINE('',#3469,#3470);
#3469 = CARTESIAN_POINT('',(-7.7,3.6,1.8));
#3470 = VECTOR('',#3471,1.);
#3471 = DIRECTION('',(1.,0.,0.));
#3472 = PCURVE('',#2385,#3473);
#3473 = DEFINITIONAL_REPRESENTATION('',(#3474),#3478);
#3474 = LINE('',#3475,#3476);
#3475 = CARTESIAN_POINT('',(1.8,0.));
#3476 = VECTOR('',#3477,1.);
#3477 = DIRECTION('',(0.,1.));
#3478 = ( GEOMETRIC_REPRESENTATION_CONTEXT(2) 
PARAMETRIC_REPRESENTATION_CONTEXT() REPRESENTATION_CONTEXT('2D SPACE',''
  ) );
#3479 = PCURVE('',#3326,#3480);
#3480 = DEFINITIONAL_REPRESENTATION('',(#3481),#3485);
#3481 = LINE('',#3482,#3483);
#3482 = CARTESIAN_POINT('',(0.,0.));
#3483 = VECTOR('',#3484,1.);
#3484 = DIRECTION('',(6.648042063624E-17,1.));
#3485 = ( GEOMETRIC_REPRESENTATION_CONTEXT(2) 
PARAMETRIC_REPRESENTATION_CONTEXT() REPRESENTATION_CONTEXT('2D SPACE',''
  ) );
#3486 = ADVANCED_FACE('',(#3487),#2329,.T.);
#3487 = FACE_BOUND('',#3488,.T.);
#3488 = EDGE_LOOP('',(#3489,#3490,#3511,#3512));
#3489 = ORIENTED_EDGE('',*,*,#2742,.T.);
#3490 = ORIENTED_EDGE('',*,*,#3491,.T.);
#3491 = EDGE_CURVE('',#2720,#2285,#3492,.T.);
#3492 = SURFACE_CURVE('',#3493,(#3497,#3504),.PCURVE_S1.);
#3493 = LINE('',#3494,#3495);
#3494 = CARTESIAN_POINT('',(-7.2,8.35,0.));
#3495 = VECTOR('',#3496,1.);
#3496 = DIRECTION('',(0.,0.,-1.));
#3497 = PCURVE('',#2329,#3498);
#3498 = DEFINITIONAL_REPRESENTATION('',(#3499),#3503);
#3499 = LINE('',#3500,#3501);
#3500 = CARTESIAN_POINT('',(-0.785398163397,0.));
#3501 = VECTOR('',#3502,1.);
#3502 = DIRECTION('',(0.,-1.));
#3503 = ( GEOMETRIC_REPRESENTATION_CONTEXT(2) 
PARAMETRIC_REPRESENTATION_CONTEXT() REPRESENTATION_CONTEXT('2D SPACE',''
  ) );
#3504 = PCURVE('',#2300,#3505);
#3505 = DEFINITIONAL_REPRESENTATION('',(#3506),#3510);
#3506 = LINE('',#3507,#3508);
#3507 = CARTESIAN_POINT('',(14.9,0.));
#3508 = VECTOR('',#3509,1.);
#3509 = DIRECTION('',(0.,-1.));
#3510 = ( GEOMETRIC_REPRESENTATION_CONTEXT(2) 
PARAMETRIC_REPRESENTATION_CONTEXT() REPRESENTATION_CONTEXT('2D SPACE',''
  ) );
#3511 = ORIENTED_EDGE('',*,*,#2312,.T.);
#3512 = ORIENTED_EDGE('',*,*,#3265,.T.);
#3513 = ADVANCED_FACE('',(#3514),#2300,.T.);
#3514 = FACE_BOUND('',#3515,.T.);
#3515 = EDGE_LOOP('',(#3516,#3517,#3518,#3539));
#3516 = ORIENTED_EDGE('',*,*,#3491,.F.);
#3517 = ORIENTED_EDGE('',*,*,#2719,.F.);
#3518 = ORIENTED_EDGE('',*,*,#3519,.F.);
#3519 = EDGE_CURVE('',#2256,#2692,#3520,.T.);
#3520 = SURFACE_CURVE('',#3521,(#3525,#3532),.PCURVE_S1.);
#3521 = LINE('',#3522,#3523);
#3522 = CARTESIAN_POINT('',(7.2,8.35,0.));
#3523 = VECTOR('',#3524,1.);
#3524 = DIRECTION('',(0.,0.,1.));
#3525 = PCURVE('',#2300,#3526);
#3526 = DEFINITIONAL_REPRESENTATION('',(#3527),#3531);
#3527 = LINE('',#3528,#3529);
#3528 = CARTESIAN_POINT('',(0.5,0.));
#3529 = VECTOR('',#3530,1.);
#3530 = DIRECTION('',(0.,1.));
#3531 = ( GEOMETRIC_REPRESENTATION_CONTEXT(2) 
PARAMETRIC_REPRESENTATION_CONTEXT() REPRESENTATION_CONTEXT('2D SPACE',''
  ) );
#3532 = PCURVE('',#2272,#3533);
#3533 = DEFINITIONAL_REPRESENTATION('',(#3534),#3538);
#3534 = LINE('',#3535,#3536);
#3535 = CARTESIAN_POINT('',(0.785398163397,0.));
#3536 = VECTOR('',#3537,1.);
#3537 = DIRECTION('',(0.,1.));
#3538 = ( GEOMETRIC_REPRESENTATION_CONTEXT(2) 
PARAMETRIC_REPRESENTATION_CONTEXT() REPRESENTATION_CONTEXT('2D SPACE',''
  ) );
#3539 = ORIENTED_EDGE('',*,*,#2284,.F.);
#3540 = ADVANCED_FACE('',(#3541),#2272,.T.);
#3541 = FACE_BOUND('',#3542,.T.);
#3542 = EDGE_LOOP('',(#3543,#3544,#3545,#3546));
#3543 = ORIENTED_EDGE('',*,*,#2691,.T.);
#3544 = ORIENTED_EDGE('',*,*,#3092,.T.);
#3545 = ORIENTED_EDGE('',*,*,#2255,.T.);
#3546 = ORIENTED_EDGE('',*,*,#3519,.T.);
#3547 = ADVANCED_FACE('',(#3548),#2220,.T.);
#3548 = FACE_BOUND('',#3549,.T.);
#3549 = EDGE_LOOP('',(#3550,#3551,#3574,#3595));
#3550 = ORIENTED_EDGE('',*,*,#3070,.T.);
#3551 = ORIENTED_EDGE('',*,*,#3552,.T.);
#3552 = EDGE_CURVE('',#3043,#3553,#3555,.T.);
#3553 = VERTEX_POINT('',#3554);
#3554 = CARTESIAN_POINT('',(7.1,3.6,1.8));
#3555 = SURFACE_CURVE('',#3556,(#3560,#3567),.PCURVE_S1.);
#3556 = LINE('',#3557,#3558);
#3557 = CARTESIAN_POINT('',(7.7,3.6,1.8));
#3558 = VECTOR('',#3559,1.);
#3559 = DIRECTION('',(-1.,0.,0.));
#3560 = PCURVE('',#2220,#3561);
#3561 = DEFINITIONAL_REPRESENTATION('',(#3562),#3566);
#3562 = LINE('',#3563,#3564);
#3563 = CARTESIAN_POINT('',(1.8,0.));
#3564 = VECTOR('',#3565,1.);
#3565 = DIRECTION('',(0.,1.));
#3566 = ( GEOMETRIC_REPRESENTATION_CONTEXT(2) 
PARAMETRIC_REPRESENTATION_CONTEXT() REPRESENTATION_CONTEXT('2D SPACE',''
  ) );
#3567 = PCURVE('',#3058,#3568);
#3568 = DEFINITIONAL_REPRESENTATION('',(#3569),#3573);
#3569 = LINE('',#3570,#3571);
#3570 = CARTESIAN_POINT('',(-0.,0.));
#3571 = VECTOR('',#3572,1.);
#3572 = DIRECTION('',(6.648042063624E-17,1.));
#3573 = ( GEOMETRIC_REPRESENTATION_CONTEXT(2) 
PARAMETRIC_REPRESENTATION_CONTEXT() REPRESENTATION_CONTEXT('2D SPACE',''
  ) );
#3574 = ORIENTED_EDGE('',*,*,#3575,.F.);
#3575 = EDGE_CURVE('',#2177,#3553,#3576,.T.);
#3576 = SURFACE_CURVE('',#3577,(#3581,#3588),.PCURVE_S1.);
#3577 = LINE('',#3578,#3579);
#3578 = CARTESIAN_POINT('',(7.1,3.6,0.));
#3579 = VECTOR('',#3580,1.);
#3580 = DIRECTION('',(0.,0.,1.));
#3581 = PCURVE('',#2220,#3582);
#3582 = DEFINITIONAL_REPRESENTATION('',(#3583),#3587);
#3583 = LINE('',#3584,#3585);
#3584 = CARTESIAN_POINT('',(0.,0.6));
#3585 = VECTOR('',#3586,1.);
#3586 = DIRECTION('',(1.,0.));
#3587 = ( GEOMETRIC_REPRESENTATION_CONTEXT(2) 
PARAMETRIC_REPRESENTATION_CONTEXT() REPRESENTATION_CONTEXT('2D SPACE',''
  ) );
#3588 = PCURVE('',#2192,#3589);
#3589 = DEFINITIONAL_REPRESENTATION('',(#3590),#3594);
#3590 = LINE('',#3591,#3592);
#3591 = CARTESIAN_POINT('',(0.9,1.25));
#3592 = VECTOR('',#3593,1.);
#3593 = DIRECTION('',(-1.,0.));
#3594 = ( GEOMETRIC_REPRESENTATION_CONTEXT(2) 
PARAMETRIC_REPRESENTATION_CONTEXT() REPRESENTATION_CONTEXT('2D SPACE',''
  ) );
#3595 = ORIENTED_EDGE('',*,*,#2204,.T.);
#3596 = ADVANCED_FACE('',(#3597),#2192,.T.);
#3597 = FACE_BOUND('',#3598,.T.);
#3598 = EDGE_LOOP('',(#3599,#3622,#3643,#3644));
#3599 = ORIENTED_EDGE('',*,*,#3600,.T.);
#3600 = EDGE_CURVE('',#3553,#3601,#3603,.T.);
#3601 = VERTEX_POINT('',#3602);
#3602 = CARTESIAN_POINT('',(7.1,1.1,1.8));
#3603 = SURFACE_CURVE('',#3604,(#3608,#3615),.PCURVE_S1.);
#3604 = LINE('',#3605,#3606);
#3605 = CARTESIAN_POINT('',(7.1,3.6,1.8));
#3606 = VECTOR('',#3607,1.);
#3607 = DIRECTION('',(-6.648042063624E-17,-1.,0.));
#3608 = PCURVE('',#2192,#3609);
#3609 = DEFINITIONAL_REPRESENTATION('',(#3610),#3614);
#3610 = LINE('',#3611,#3612);
#3611 = CARTESIAN_POINT('',(-0.9,1.25));
#3612 = VECTOR('',#3613,1.);
#3613 = DIRECTION('',(0.,-1.));
#3614 = ( GEOMETRIC_REPRESENTATION_CONTEXT(2) 
PARAMETRIC_REPRESENTATION_CONTEXT() REPRESENTATION_CONTEXT('2D SPACE',''
  ) );
#3615 = PCURVE('',#3058,#3616);
#3616 = DEFINITIONAL_REPRESENTATION('',(#3617),#3621);
#3617 = LINE('',#3618,#3619);
#3618 = CARTESIAN_POINT('',(3.988825238174E-17,0.6));
#3619 = VECTOR('',#3620,1.);
#3620 = DIRECTION('',(1.,0.));
#3621 = ( GEOMETRIC_REPRESENTATION_CONTEXT(2) 
PARAMETRIC_REPRESENTATION_CONTEXT() REPRESENTATION_CONTEXT('2D SPACE',''
  ) );
#3622 = ORIENTED_EDGE('',*,*,#3623,.T.);
#3623 = EDGE_CURVE('',#3601,#2149,#3624,.T.);
#3624 = SURFACE_CURVE('',#3625,(#3629,#3636),.PCURVE_S1.);
#3625 = LINE('',#3626,#3627);
#3626 = CARTESIAN_POINT('',(7.1,1.1,1.8));
#3627 = VECTOR('',#3628,1.);
#3628 = DIRECTION('',(1.537668618273E-32,2.312964634636E-16,-1.));
#3629 = PCURVE('',#2192,#3630);
#3630 = DEFINITIONAL_REPRESENTATION('',(#3631),#3635);
#3631 = LINE('',#3632,#3633);
#3632 = CARTESIAN_POINT('',(-0.9,-1.25));
#3633 = VECTOR('',#3634,1.);
#3634 = DIRECTION('',(1.,2.312964634636E-16));
#3635 = ( GEOMETRIC_REPRESENTATION_CONTEXT(2) 
PARAMETRIC_REPRESENTATION_CONTEXT() REPRESENTATION_CONTEXT('2D SPACE',''
  ) );
#3636 = PCURVE('',#2164,#3637);
#3637 = DEFINITIONAL_REPRESENTATION('',(#3638),#3642);
#3638 = LINE('',#3639,#3640);
#3639 = CARTESIAN_POINT('',(-9.226011709639E-33,0.6));
#3640 = VECTOR('',#3641,1.);
#3641 = DIRECTION('',(1.,0.));
#3642 = ( GEOMETRIC_REPRESENTATION_CONTEXT(2) 
PARAMETRIC_REPRESENTATION_CONTEXT() REPRESENTATION_CONTEXT('2D SPACE',''
  ) );
#3643 = ORIENTED_EDGE('',*,*,#2176,.T.);
#3644 = ORIENTED_EDGE('',*,*,#3575,.T.);
#3645 = ADVANCED_FACE('',(#3646),#2164,.T.);
#3646 = FACE_BOUND('',#3647,.T.);
#3647 = EDGE_LOOP('',(#3648,#3649,#3650,#3651));
#3648 = ORIENTED_EDGE('',*,*,#3019,.T.);
#3649 = ORIENTED_EDGE('',*,*,#2148,.T.);
#3650 = ORIENTED_EDGE('',*,*,#3623,.F.);
#3651 = ORIENTED_EDGE('',*,*,#3652,.F.);
#3652 = EDGE_CURVE('',#3020,#3601,#3653,.T.);
#3653 = SURFACE_CURVE('',#3654,(#3658,#3665),.PCURVE_S1.);
#3654 = LINE('',#3655,#3656);
#3655 = CARTESIAN_POINT('',(7.7,1.1,1.8));
#3656 = VECTOR('',#3657,1.);
#3657 = DIRECTION('',(-1.,0.,0.));
#3658 = PCURVE('',#2164,#3659);
#3659 = DEFINITIONAL_REPRESENTATION('',(#3660),#3664);
#3660 = LINE('',#3661,#3662);
#3661 = CARTESIAN_POINT('',(0.,0.));
#3662 = VECTOR('',#3663,1.);
#3663 = DIRECTION('',(-1.537668618273E-32,1.));
#3664 = ( GEOMETRIC_REPRESENTATION_CONTEXT(2) 
PARAMETRIC_REPRESENTATION_CONTEXT() REPRESENTATION_CONTEXT('2D SPACE',''
  ) );
#3665 = PCURVE('',#3058,#3666);
#3666 = DEFINITIONAL_REPRESENTATION('',(#3667),#3671);
#3667 = LINE('',#3668,#3669);
#3668 = CARTESIAN_POINT('',(2.5,-1.662010515906E-16));
#3669 = VECTOR('',#3670,1.);
#3670 = DIRECTION('',(6.648042063624E-17,1.));
#3671 = ( GEOMETRIC_REPRESENTATION_CONTEXT(2) 
PARAMETRIC_REPRESENTATION_CONTEXT() REPRESENTATION_CONTEXT('2D SPACE',''
  ) );
#3672 = ADVANCED_FACE('',(#3673),#2600,.T.);
#3673 = FACE_BOUND('',#3674,.T.);
#3674 = EDGE_LOOP('',(#3675,#3676,#3699,#3720));
#3675 = ORIENTED_EDGE('',*,*,#3165,.T.);
#3676 = ORIENTED_EDGE('',*,*,#3677,.T.);
#3677 = EDGE_CURVE('',#3138,#3678,#3680,.T.);
#3678 = VERTEX_POINT('',#3679);
#3679 = CARTESIAN_POINT('',(7.1,1.1,4.1));
#3680 = SURFACE_CURVE('',#3681,(#3685,#3692),.PCURVE_S1.);
#3681 = LINE('',#3682,#3683);
#3682 = CARTESIAN_POINT('',(7.7,1.1,4.1));
#3683 = VECTOR('',#3684,1.);
#3684 = DIRECTION('',(-1.,0.,0.));
#3685 = PCURVE('',#2600,#3686);
#3686 = DEFINITIONAL_REPRESENTATION('',(#3687),#3691);
#3687 = LINE('',#3688,#3689);
#3688 = CARTESIAN_POINT('',(2.5,0.));
#3689 = VECTOR('',#3690,1.);
#3690 = DIRECTION('',(0.,1.));
#3691 = ( GEOMETRIC_REPRESENTATION_CONTEXT(2) 
PARAMETRIC_REPRESENTATION_CONTEXT() REPRESENTATION_CONTEXT('2D SPACE',''
  ) );
#3692 = PCURVE('',#3153,#3693);
#3693 = DEFINITIONAL_REPRESENTATION('',(#3694),#3698);
#3694 = LINE('',#3695,#3696);
#3695 = CARTESIAN_POINT('',(0.,0.));
#3696 = VECTOR('',#3697,1.);
#3697 = DIRECTION('',(-6.648042063624E-17,1.));
#3698 = ( GEOMETRIC_REPRESENTATION_CONTEXT(2) 
PARAMETRIC_REPRESENTATION_CONTEXT() REPRESENTATION_CONTEXT('2D SPACE',''
  ) );
#3699 = ORIENTED_EDGE('',*,*,#3700,.F.);
#3700 = EDGE_CURVE('',#2583,#3678,#3701,.T.);
#3701 = SURFACE_CURVE('',#3702,(#3706,#3713),.PCURVE_S1.);
#3702 = LINE('',#3703,#3704);
#3703 = CARTESIAN_POINT('',(7.1,1.1,6.6));
#3704 = VECTOR('',#3705,1.);
#3705 = DIRECTION('',(0.,0.,-1.));
#3706 = PCURVE('',#2600,#3707);
#3707 = DEFINITIONAL_REPRESENTATION('',(#3708),#3712);
#3708 = LINE('',#3709,#3710);
#3709 = CARTESIAN_POINT('',(0.,0.6));
#3710 = VECTOR('',#3711,1.);
#3711 = DIRECTION('',(1.,0.));
#3712 = ( GEOMETRIC_REPRESENTATION_CONTEXT(2) 
PARAMETRIC_REPRESENTATION_CONTEXT() REPRESENTATION_CONTEXT('2D SPACE',''
  ) );
#3713 = PCURVE('',#2628,#3714);
#3714 = DEFINITIONAL_REPRESENTATION('',(#3715),#3719);
#3715 = LINE('',#3716,#3717);
#3716 = CARTESIAN_POINT('',(-1.25,-1.25));
#3717 = VECTOR('',#3718,1.);
#3718 = DIRECTION('',(1.,0.));
#3719 = ( GEOMETRIC_REPRESENTATION_CONTEXT(2) 
PARAMETRIC_REPRESENTATION_CONTEXT() REPRESENTATION_CONTEXT('2D SPACE',''
  ) );
#3720 = ORIENTED_EDGE('',*,*,#2582,.T.);
#3721 = ADVANCED_FACE('',(#3722),#2865,.F.);
#3722 = FACE_BOUND('',#3723,.T.);
#3723 = EDGE_LOOP('',(#3724,#3725,#3726,#3749));
#3724 = ORIENTED_EDGE('',*,*,#3192,.F.);
#3725 = ORIENTED_EDGE('',*,*,#2849,.F.);
#3726 = ORIENTED_EDGE('',*,*,#3727,.T.);
#3727 = EDGE_CURVE('',#2822,#3728,#3730,.T.);
#3728 = VERTEX_POINT('',#3729);
#3729 = CARTESIAN_POINT('',(-7.1,1.1,4.1));
#3730 = SURFACE_CURVE('',#3731,(#3735,#3742),.PCURVE_S1.);
#3731 = LINE('',#3732,#3733);
#3732 = CARTESIAN_POINT('',(-7.1,1.1,6.6));
#3733 = VECTOR('',#3734,1.);
#3734 = DIRECTION('',(0.,0.,-1.));
#3735 = PCURVE('',#2865,#3736);
#3736 = DEFINITIONAL_REPRESENTATION('',(#3737),#3741);
#3737 = LINE('',#3738,#3739);
#3738 = CARTESIAN_POINT('',(0.,0.6));
#3739 = VECTOR('',#3740,1.);
#3740 = DIRECTION('',(1.,0.));
#3741 = ( GEOMETRIC_REPRESENTATION_CONTEXT(2) 
PARAMETRIC_REPRESENTATION_CONTEXT() REPRESENTATION_CONTEXT('2D SPACE',''
  ) );
#3742 = PCURVE('',#2837,#3743);
#3743 = DEFINITIONAL_REPRESENTATION('',(#3744),#3748);
#3744 = LINE('',#3745,#3746);
#3745 = CARTESIAN_POINT('',(-1.25,-1.25));
#3746 = VECTOR('',#3747,1.);
#3747 = DIRECTION('',(1.,0.));
#3748 = ( GEOMETRIC_REPRESENTATION_CONTEXT(2) 
PARAMETRIC_REPRESENTATION_CONTEXT() REPRESENTATION_CONTEXT('2D SPACE',''
  ) );
#3749 = ORIENTED_EDGE('',*,*,#3750,.F.);
#3750 = EDGE_CURVE('',#3193,#3728,#3751,.T.);
#3751 = SURFACE_CURVE('',#3752,(#3756,#3763),.PCURVE_S1.);
#3752 = LINE('',#3753,#3754);
#3753 = CARTESIAN_POINT('',(-7.7,1.1,4.1));
#3754 = VECTOR('',#3755,1.);
#3755 = DIRECTION('',(1.,0.,0.));
#3756 = PCURVE('',#2865,#3757);
#3757 = DEFINITIONAL_REPRESENTATION('',(#3758),#3762);
#3758 = LINE('',#3759,#3760);
#3759 = CARTESIAN_POINT('',(2.5,0.));
#3760 = VECTOR('',#3761,1.);
#3761 = DIRECTION('',(0.,1.));
#3762 = ( GEOMETRIC_REPRESENTATION_CONTEXT(2) 
PARAMETRIC_REPRESENTATION_CONTEXT() REPRESENTATION_CONTEXT('2D SPACE',''
  ) );
#3763 = PCURVE('',#3231,#3764);
#3764 = DEFINITIONAL_REPRESENTATION('',(#3765),#3769);
#3765 = LINE('',#3766,#3767);
#3766 = CARTESIAN_POINT('',(0.,0.));
#3767 = VECTOR('',#3768,1.);
#3768 = DIRECTION('',(-6.648042063624E-17,1.));
#3769 = ( GEOMETRIC_REPRESENTATION_CONTEXT(2) 
PARAMETRIC_REPRESENTATION_CONTEXT() REPRESENTATION_CONTEXT('2D SPACE',''
  ) );
#3770 = ADVANCED_FACE('',(#3771),#2837,.F.);
#3771 = FACE_BOUND('',#3772,.T.);
#3772 = EDGE_LOOP('',(#3773,#3774,#3797,#3818));
#3773 = ORIENTED_EDGE('',*,*,#2821,.F.);
#3774 = ORIENTED_EDGE('',*,*,#3775,.F.);
#3775 = EDGE_CURVE('',#3776,#2794,#3778,.T.);
#3776 = VERTEX_POINT('',#3777);
#3777 = CARTESIAN_POINT('',(-7.1,3.6,4.1));
#3778 = SURFACE_CURVE('',#3779,(#3783,#3790),.PCURVE_S1.);
#3779 = LINE('',#3780,#3781);
#3780 = CARTESIAN_POINT('',(-7.1,3.6,4.1));
#3781 = VECTOR('',#3782,1.);
#3782 = DIRECTION('',(0.,0.,1.));
#3783 = PCURVE('',#2837,#3784);
#3784 = DEFINITIONAL_REPRESENTATION('',(#3785),#3789);
#3785 = LINE('',#3786,#3787);
#3786 = CARTESIAN_POINT('',(1.25,1.25));
#3787 = VECTOR('',#3788,1.);
#3788 = DIRECTION('',(-1.,0.));
#3789 = ( GEOMETRIC_REPRESENTATION_CONTEXT(2) 
PARAMETRIC_REPRESENTATION_CONTEXT() REPRESENTATION_CONTEXT('2D SPACE',''
  ) );
#3790 = PCURVE('',#2809,#3791);
#3791 = DEFINITIONAL_REPRESENTATION('',(#3792),#3796);
#3792 = LINE('',#3793,#3794);
#3793 = CARTESIAN_POINT('',(0.,0.6));
#3794 = VECTOR('',#3795,1.);
#3795 = DIRECTION('',(1.,0.));
#3796 = ( GEOMETRIC_REPRESENTATION_CONTEXT(2) 
PARAMETRIC_REPRESENTATION_CONTEXT() REPRESENTATION_CONTEXT('2D SPACE',''
  ) );
#3797 = ORIENTED_EDGE('',*,*,#3798,.F.);
#3798 = EDGE_CURVE('',#3728,#3776,#3799,.T.);
#3799 = SURFACE_CURVE('',#3800,(#3804,#3811),.PCURVE_S1.);
#3800 = LINE('',#3801,#3802);
#3801 = CARTESIAN_POINT('',(-7.1,1.1,4.1));
#3802 = VECTOR('',#3803,1.);
#3803 = DIRECTION('',(-6.648042063624E-17,1.,0.));
#3804 = PCURVE('',#2837,#3805);
#3805 = DEFINITIONAL_REPRESENTATION('',(#3806),#3810);
#3806 = LINE('',#3807,#3808);
#3807 = CARTESIAN_POINT('',(1.25,-1.25));
#3808 = VECTOR('',#3809,1.);
#3809 = DIRECTION('',(0.,1.));
#3810 = ( GEOMETRIC_REPRESENTATION_CONTEXT(2) 
PARAMETRIC_REPRESENTATION_CONTEXT() REPRESENTATION_CONTEXT('2D SPACE',''
  ) );
#3811 = PCURVE('',#3231,#3812);
#3812 = DEFINITIONAL_REPRESENTATION('',(#3813),#3817);
#3813 = LINE('',#3814,#3815);
#3814 = CARTESIAN_POINT('',(-3.988825238174E-17,0.6));
#3815 = VECTOR('',#3816,1.);
#3816 = DIRECTION('',(1.,0.));
#3817 = ( GEOMETRIC_REPRESENTATION_CONTEXT(2) 
PARAMETRIC_REPRESENTATION_CONTEXT() REPRESENTATION_CONTEXT('2D SPACE',''
  ) );
#3818 = ORIENTED_EDGE('',*,*,#3727,.F.);
#3819 = ADVANCED_FACE('',(#3820),#2809,.F.);
#3820 = FACE_BOUND('',#3821,.T.);
#3821 = EDGE_LOOP('',(#3822,#3823,#3844,#3845));
#3822 = ORIENTED_EDGE('',*,*,#3243,.F.);
#3823 = ORIENTED_EDGE('',*,*,#3824,.T.);
#3824 = EDGE_CURVE('',#3216,#3776,#3825,.T.);
#3825 = SURFACE_CURVE('',#3826,(#3830,#3837),.PCURVE_S1.);
#3826 = LINE('',#3827,#3828);
#3827 = CARTESIAN_POINT('',(-7.7,3.6,4.1));
#3828 = VECTOR('',#3829,1.);
#3829 = DIRECTION('',(1.,0.,0.));
#3830 = PCURVE('',#2809,#3831);
#3831 = DEFINITIONAL_REPRESENTATION('',(#3832),#3836);
#3832 = LINE('',#3833,#3834);
#3833 = CARTESIAN_POINT('',(0.,0.));
#3834 = VECTOR('',#3835,1.);
#3835 = DIRECTION('',(0.,1.));
#3836 = ( GEOMETRIC_REPRESENTATION_CONTEXT(2) 
PARAMETRIC_REPRESENTATION_CONTEXT() REPRESENTATION_CONTEXT('2D SPACE',''
  ) );
#3837 = PCURVE('',#3231,#3838);
#3838 = DEFINITIONAL_REPRESENTATION('',(#3839),#3843);
#3839 = LINE('',#3840,#3841);
#3840 = CARTESIAN_POINT('',(2.5,1.662010515906E-16));
#3841 = VECTOR('',#3842,1.);
#3842 = DIRECTION('',(-6.648042063624E-17,1.));
#3843 = ( GEOMETRIC_REPRESENTATION_CONTEXT(2) 
PARAMETRIC_REPRESENTATION_CONTEXT() REPRESENTATION_CONTEXT('2D SPACE',''
  ) );
#3844 = ORIENTED_EDGE('',*,*,#3775,.T.);
#3845 = ORIENTED_EDGE('',*,*,#2793,.F.);
#3846 = ADVANCED_FACE('',(#3847),#2656,.T.);
#3847 = FACE_BOUND('',#3848,.T.);
#3848 = EDGE_LOOP('',(#3849,#3850,#3851,#3874));
#3849 = ORIENTED_EDGE('',*,*,#3114,.T.);
#3850 = ORIENTED_EDGE('',*,*,#2640,.T.);
#3851 = ORIENTED_EDGE('',*,*,#3852,.F.);
#3852 = EDGE_CURVE('',#3853,#2613,#3855,.T.);
#3853 = VERTEX_POINT('',#3854);
#3854 = CARTESIAN_POINT('',(7.1,3.6,4.1));
#3855 = SURFACE_CURVE('',#3856,(#3860,#3867),.PCURVE_S1.);
#3856 = LINE('',#3857,#3858);
#3857 = CARTESIAN_POINT('',(7.1,3.6,4.1));
#3858 = VECTOR('',#3859,1.);
#3859 = DIRECTION('',(0.,0.,1.));
#3860 = PCURVE('',#2656,#3861);
#3861 = DEFINITIONAL_REPRESENTATION('',(#3862),#3866);
#3862 = LINE('',#3863,#3864);
#3863 = CARTESIAN_POINT('',(0.,0.6));
#3864 = VECTOR('',#3865,1.);
#3865 = DIRECTION('',(1.,0.));
#3866 = ( GEOMETRIC_REPRESENTATION_CONTEXT(2) 
PARAMETRIC_REPRESENTATION_CONTEXT() REPRESENTATION_CONTEXT('2D SPACE',''
  ) );
#3867 = PCURVE('',#2628,#3868);
#3868 = DEFINITIONAL_REPRESENTATION('',(#3869),#3873);
#3869 = LINE('',#3870,#3871);
#3870 = CARTESIAN_POINT('',(1.25,1.25));
#3871 = VECTOR('',#3872,1.);
#3872 = DIRECTION('',(-1.,0.));
#3873 = ( GEOMETRIC_REPRESENTATION_CONTEXT(2) 
PARAMETRIC_REPRESENTATION_CONTEXT() REPRESENTATION_CONTEXT('2D SPACE',''
  ) );
#3874 = ORIENTED_EDGE('',*,*,#3875,.F.);
#3875 = EDGE_CURVE('',#3115,#3853,#3876,.T.);
#3876 = SURFACE_CURVE('',#3877,(#3881,#3888),.PCURVE_S1.);
#3877 = LINE('',#3878,#3879);
#3878 = CARTESIAN_POINT('',(7.7,3.6,4.1));
#3879 = VECTOR('',#3880,1.);
#3880 = DIRECTION('',(-1.,0.,0.));
#3881 = PCURVE('',#2656,#3882);
#3882 = DEFINITIONAL_REPRESENTATION('',(#3883),#3887);
#3883 = LINE('',#3884,#3885);
#3884 = CARTESIAN_POINT('',(0.,0.));
#3885 = VECTOR('',#3886,1.);
#3886 = DIRECTION('',(0.,1.));
#3887 = ( GEOMETRIC_REPRESENTATION_CONTEXT(2) 
PARAMETRIC_REPRESENTATION_CONTEXT() REPRESENTATION_CONTEXT('2D SPACE',''
  ) );
#3888 = PCURVE('',#3153,#3889);
#3889 = DEFINITIONAL_REPRESENTATION('',(#3890),#3894);
#3890 = LINE('',#3891,#3892);
#3891 = CARTESIAN_POINT('',(2.5,1.662010515906E-16));
#3892 = VECTOR('',#3893,1.);
#3893 = DIRECTION('',(-6.648042063624E-17,1.));
#3894 = ( GEOMETRIC_REPRESENTATION_CONTEXT(2) 
PARAMETRIC_REPRESENTATION_CONTEXT() REPRESENTATION_CONTEXT('2D SPACE',''
  ) );
#3895 = ADVANCED_FACE('',(#3896),#2628,.T.);
#3896 = FACE_BOUND('',#3897,.T.);
#3897 = EDGE_LOOP('',(#3898,#3899,#3900,#3921));
#3898 = ORIENTED_EDGE('',*,*,#2612,.T.);
#3899 = ORIENTED_EDGE('',*,*,#3700,.T.);
#3900 = ORIENTED_EDGE('',*,*,#3901,.T.);
#3901 = EDGE_CURVE('',#3678,#3853,#3902,.T.);
#3902 = SURFACE_CURVE('',#3903,(#3907,#3914),.PCURVE_S1.);
#3903 = LINE('',#3904,#3905);
#3904 = CARTESIAN_POINT('',(7.1,1.1,4.1));
#3905 = VECTOR('',#3906,1.);
#3906 = DIRECTION('',(6.648042063624E-17,1.,0.));
#3907 = PCURVE('',#2628,#3908);
#3908 = DEFINITIONAL_REPRESENTATION('',(#3909),#3913);
#3909 = LINE('',#3910,#3911);
#3910 = CARTESIAN_POINT('',(1.25,-1.25));
#3911 = VECTOR('',#3912,1.);
#3912 = DIRECTION('',(0.,1.));
#3913 = ( GEOMETRIC_REPRESENTATION_CONTEXT(2) 
PARAMETRIC_REPRESENTATION_CONTEXT() REPRESENTATION_CONTEXT('2D SPACE',''
  ) );
#3914 = PCURVE('',#3153,#3915);
#3915 = DEFINITIONAL_REPRESENTATION('',(#3916),#3920);
#3916 = LINE('',#3917,#3918);
#3917 = CARTESIAN_POINT('',(-3.988825238174E-17,0.6));
#3918 = VECTOR('',#3919,1.);
#3919 = DIRECTION('',(1.,0.));
#3920 = ( GEOMETRIC_REPRESENTATION_CONTEXT(2) 
PARAMETRIC_REPRESENTATION_CONTEXT() REPRESENTATION_CONTEXT('2D SPACE',''
  ) );
#3921 = ORIENTED_EDGE('',*,*,#3852,.T.);
#3922 = ADVANCED_FACE('',(#3923),#2977,.T.);
#3923 = FACE_BOUND('',#3924,.T.);
#3924 = EDGE_LOOP('',(#3925,#3954,#3975,#3976));
#3925 = ORIENTED_EDGE('',*,*,#3926,.F.);
#3926 = EDGE_CURVE('',#3927,#3927,#3929,.T.);
#3927 = VERTEX_POINT('',#3928);
#3928 = CARTESIAN_POINT('',(2.725,2.35,8.6));
#3929 = SURFACE_CURVE('',#3930,(#3935,#3942),.PCURVE_S1.);
#3930 = CIRCLE('',#3931,2.725);
#3931 = AXIS2_PLACEMENT_3D('',#3932,#3933,#3934);
#3932 = CARTESIAN_POINT('',(0.,2.35,8.6));
#3933 = DIRECTION('',(0.,0.,1.));
#3934 = DIRECTION('',(-1.,0.,0.));
#3935 = PCURVE('',#2977,#3936);
#3936 = DEFINITIONAL_REPRESENTATION('',(#3937),#3941);
#3937 = LINE('',#3938,#3939);
#3938 = CARTESIAN_POINT('',(-6.28318530718,2.));
#3939 = VECTOR('',#3940,1.);
#3940 = DIRECTION('',(1.,0.));
#3941 = ( GEOMETRIC_REPRESENTATION_CONTEXT(2) 
PARAMETRIC_REPRESENTATION_CONTEXT() REPRESENTATION_CONTEXT('2D SPACE',''
  ) );
#3942 = PCURVE('',#3943,#3948);
#3943 = PLANE('',#3944);
#3944 = AXIS2_PLACEMENT_3D('',#3945,#3946,#3947);
#3945 = CARTESIAN_POINT('',(0.,2.35,8.6));
#3946 = DIRECTION('',(0.,0.,1.));
#3947 = DIRECTION('',(-1.,0.,0.));
#3948 = DEFINITIONAL_REPRESENTATION('',(#3949),#3953);
#3949 = CIRCLE('',#3950,2.725);
#3950 = AXIS2_PLACEMENT_2D('',#3951,#3952);
#3951 = CARTESIAN_POINT('',(0.,0.));
#3952 = DIRECTION('',(1.,0.));
#3953 = ( GEOMETRIC_REPRESENTATION_CONTEXT(2) 
PARAMETRIC_REPRESENTATION_CONTEXT() REPRESENTATION_CONTEXT('2D SPACE',''
  ) );
#3954 = ORIENTED_EDGE('',*,*,#3955,.T.);
#3955 = EDGE_CURVE('',#3927,#2957,#3956,.T.);
#3956 = SEAM_CURVE('',#3957,(#3961,#3968),.PCURVE_S1.);
#3957 = LINE('',#3958,#3959);
#3958 = CARTESIAN_POINT('',(2.725,2.35,6.6));
#3959 = VECTOR('',#3960,1.);
#3960 = DIRECTION('',(0.,0.,-1.));
#3961 = PCURVE('',#2977,#3962);
#3962 = DEFINITIONAL_REPRESENTATION('',(#3963),#3967);
#3963 = LINE('',#3964,#3965);
#3964 = CARTESIAN_POINT('',(-3.14159265359,0.));
#3965 = VECTOR('',#3966,1.);
#3966 = DIRECTION('',(0.,-1.));
#3967 = ( GEOMETRIC_REPRESENTATION_CONTEXT(2) 
PARAMETRIC_REPRESENTATION_CONTEXT() REPRESENTATION_CONTEXT('2D SPACE',''
  ) );
#3968 = PCURVE('',#2977,#3969);
#3969 = DEFINITIONAL_REPRESENTATION('',(#3970),#3974);
#3970 = LINE('',#3971,#3972);
#3971 = CARTESIAN_POINT('',(3.14159265359,0.));
#3972 = VECTOR('',#3973,1.);
#3973 = DIRECTION('',(0.,-1.));
#3974 = ( GEOMETRIC_REPRESENTATION_CONTEXT(2) 
PARAMETRIC_REPRESENTATION_CONTEXT() REPRESENTATION_CONTEXT('2D SPACE',''
  ) );
#3975 = ORIENTED_EDGE('',*,*,#2956,.F.);
#3976 = ORIENTED_EDGE('',*,*,#3955,.F.);
#3977 = ADVANCED_FACE('',(#3978),#3058,.T.);
#3978 = FACE_BOUND('',#3979,.T.);
#3979 = EDGE_LOOP('',(#3980,#3981,#3982,#3983));
#3980 = ORIENTED_EDGE('',*,*,#3042,.T.);
#3981 = ORIENTED_EDGE('',*,*,#3652,.T.);
#3982 = ORIENTED_EDGE('',*,*,#3600,.F.);
#3983 = ORIENTED_EDGE('',*,*,#3552,.F.);
#3984 = ADVANCED_FACE('',(#3985),#3153,.T.);
#3985 = FACE_BOUND('',#3986,.T.);
#3986 = EDGE_LOOP('',(#3987,#3988,#3989,#3990));
#3987 = ORIENTED_EDGE('',*,*,#3137,.T.);
#3988 = ORIENTED_EDGE('',*,*,#3875,.T.);
#3989 = ORIENTED_EDGE('',*,*,#3901,.F.);
#3990 = ORIENTED_EDGE('',*,*,#3677,.F.);
#3991 = ADVANCED_FACE('',(#3992),#3231,.F.);
#3992 = FACE_BOUND('',#3993,.T.);
#3993 = EDGE_LOOP('',(#3994,#3995,#3996,#3997));
#3994 = ORIENTED_EDGE('',*,*,#3215,.F.);
#3995 = ORIENTED_EDGE('',*,*,#3750,.T.);
#3996 = ORIENTED_EDGE('',*,*,#3798,.T.);
#3997 = ORIENTED_EDGE('',*,*,#3824,.F.);
#3998 = ADVANCED_FACE('',(#3999),#3326,.F.);
#3999 = FACE_BOUND('',#4000,.T.);
#4000 = EDGE_LOOP('',(#4001,#4002,#4003,#4004));
#4001 = ORIENTED_EDGE('',*,*,#3310,.F.);
#4002 = ORIENTED_EDGE('',*,*,#3466,.T.);
#4003 = ORIENTED_EDGE('',*,*,#3414,.T.);
#4004 = ORIENTED_EDGE('',*,*,#3366,.F.);
#4005 = ADVANCED_FACE('',(#4006),#3943,.T.);
#4006 = FACE_BOUND('',#4007,.T.);
#4007 = EDGE_LOOP('',(#4008));
#4008 = ORIENTED_EDGE('',*,*,#3926,.T.);
#4009 = ( GEOMETRIC_REPRESENTATION_CONTEXT(3) 
GLOBAL_UNCERTAINTY_ASSIGNED_CONTEXT((#4013)) 
GLOBAL_UNIT_ASSIGNED_CONTEXT((#4010,#4011,#4012)) REPRESENTATION_CONTEXT
('Context #1','3D Context with UNIT and UNCERTAINTY') );
#4010 = ( LENGTH_UNIT() NAMED_UNIT(*) SI_UNIT(.MILLI.,.METRE.) );
#4011 = ( NAMED_UNIT(*) PLANE_ANGLE_UNIT() SI_UNIT($,.RADIAN.) );
#4012 = ( NAMED_UNIT(*) SI_UNIT($,.STERADIAN.) SOLID_ANGLE_UNIT() );
#4013 = UNCERTAINTY_MEASURE_WITH_UNIT(LENGTH_MEASURE(2.E-06),#4010,
  'distance_accuracy_value','confusion accuracy');
#4014 = PRODUCT_RELATED_PRODUCT_CATEGORY('part',$,(#7));
ENDSEC;
END-ISO-10303-21;
